2026-01-20 15:31:04,559 [WARNING] django.request: Not Found: /static/admin/css/base.css (/usr/local/lib/python3.12/site-packages/django/utils/log.py:253)
2026-01-20 15:31:04,568 [WARNING] django.request: Not Found: /static/admin/css/dark_mode.css (/usr/local/lib/python3.12/site-packages/django/utils/log.py:253)
2026-01-20 15:31:04,575 [WARNING] django.request: Not Found: /static/admin/js/theme.js (/usr/local/lib/python3.12/site-packages/django/utils/log.py:253)
2026-01-20 15:31:04,581 [WARNING] django.request: Not Found: /static/admin/css/nav_sidebar.css (/usr/local/lib/python3.12/site-packages/django/utils/log.py:253)
2026-01-20 15:31:04,588 [WARNING] django.request: Not Found: /static/admin/js/nav_sidebar.js (/usr/local/lib/python3.12/site-packages/django/utils/log.py:253)
2026-01-20 15:31:04,597 [WARNING] django.request: Not Found: /static/admin/css/login.css (/usr/local/lib/python3.12/site-packages/django/utils/log.py:253)
2026-01-20 15:31:04,605 [WARNING] django.request: Not Found: /static/admin/css/responsive.css (/usr/local/lib/python3.12/site-packages/django/utils/log.py:253)
2026-01-20 15:31:19,308 [WARNING] django.request: Not Found: /static/admin/css/base.css (/usr/local/lib/python3.12/site-packages/django/utils/log.py:253)
2026-01-20 15:31:19,319 [WARNING] django.request: Not Found: /static/admin/css/dark_mode.css (/usr/local/lib/python3.12/site-packages/django/utils/log.py:253)
2026-01-20 15:31:19,328 [WARNING] django.request: Not Found: /static/admin/js/theme.js (/usr/local/lib/python3.12/site-packages/django/utils/log.py:253)
2026-01-20 15:31:19,336 [WARNING] django.request: Not Found: /static/admin/css/nav_sidebar.css (/usr/local/lib/python3.12/site-packages/django/utils/log.py:253)
2026-01-20 15:31:19,344 [WARNING] django.request: Not Found: /static/admin/js/nav_sidebar.js (/usr/local/lib/python3.12/site-packages/django/utils/log.py:253)
2026-01-20 15:31:19,351 [WARNING] django.request: Not Found: /static/admin/css/login.css (/usr/local/lib/python3.12/site-packages/django/utils/log.py:253)
2026-01-20 15:31:19,359 [WARNING] django.request: Not Found: /static/admin/css/responsive.css (/usr/local/lib/python3.12/site-packages/django/utils/log.py:253)
2026-01-20 15:35:21,029 [WARNING] django.request: Not Found: / (/usr/local/lib/python3.12/site-packages/django/utils/log.py:253)
2026-01-20 15:35:26,513 [WARNING] django.request: Not Found: /static/admin/css/base.css (/usr/local/lib/python3.12/site-packages/django/utils/log.py:253)
2026-01-20 15:35:26,523 [WARNING] django.request: Not Found: /static/admin/css/dark_mode.css (/usr/local/lib/python3.12/site-packages/django/utils/log.py:253)
2026-01-20 15:35:26,530 [WARNING] django.request: Not Found: /static/admin/js/theme.js (/usr/local/lib/python3.12/site-packages/django/utils/log.py:253)
2026-01-20 15:35:26,537 [WARNING] django.request: Not Found: /static/admin/css/nav_sidebar.css (/usr/local/lib/python3.12/site-packages/django/utils/log.py:253)
2026-01-20 15:35:26,543 [WARNING] django.request: Not Found: /static/admin/js/nav_sidebar.js (/usr/local/lib/python3.12/site-packages/django/utils/log.py:253)
2026-01-20 15:35:26,550 [WARNING] django.request: Not Found: /static/admin/css/login.css (/usr/local/lib/python3.12/site-packages/django/utils/log.py:253)
2026-01-20 15:35:26,558 [WARNING] django.request: Not Found: /static/admin/css/responsive.css (/usr/local/lib/python3.12/site-packages/django/utils/log.py:253)
2026-01-20 15:35:32,420 [WARNING] django.request: Not Found: /static/admin/css/base.css (/usr/local/lib/python3.12/site-packages/django/utils/log.py:253)
2026-01-20 15:35:32,430 [WARNING] django.request: Not Found: /static/admin/css/dark_mode.css (/usr/local/lib/python3.12/site-packages/django/utils/log.py:253)
2026-01-20 15:35:32,438 [WARNING] django.request: Not Found: /static/admin/js/theme.js (/usr/local/lib/python3.12/site-packages/django/utils/log.py:253)
2026-01-20 15:35:32,447 [WARNING] django.request: Not Found: /static/admin/css/nav_sidebar.css (/usr/local/lib/python3.12/site-packages/django/utils/log.py:253)
2026-01-20 15:35:32,455 [WARNING] django.request: Not Found: /static/admin/js/nav_sidebar.js (/usr/local/lib/python3.12/site-packages/django/utils/log.py:253)
2026-01-20 15:35:32,463 [WARNING] django.request: Not Found: /static/admin/css/dashboard.css (/usr/local/lib/python3.12/site-packages/django/utils/log.py:253)
2026-01-20 15:35:32,469 [WARNING] django.request: Not Found: /static/admin/css/responsive.css (/usr/local/lib/python3.12/site-packages/django/utils/log.py:253)
2026-01-20 15:35:37,445 [ERROR] django.request: Internal Server Error: /admin/metrics/alert/ (/usr/local/lib/python3.12/site-packages/django/utils/log.py:253)
Traceback (most recent call last):
  File "/usr/local/lib/python3.12/site-packages/django/db/backends/utils.py", line 105, in _execute
    return self.cursor.execute(sql, params)
           ^^^^^^^^^^^^^^^^^^^^^^^^^^^^^^^^
psycopg2.errors.UndefinedTable: relation "metrics_alert" does not exist
LINE 1: SELECT COUNT(*) AS "__count" FROM "metrics_alert"
                                          ^


The above exception was the direct cause of the following exception:

Traceback (most recent call last):
  File "/usr/local/lib/python3.12/site-packages/django/core/handlers/exception.py", line 55, in inner
    response = get_response(request)
               ^^^^^^^^^^^^^^^^^^^^^
  File "/usr/local/lib/python3.12/site-packages/django/core/handlers/base.py", line 197, in _get_response
    response = wrapped_callback(request, *callback_args, **callback_kwargs)
               ^^^^^^^^^^^^^^^^^^^^^^^^^^^^^^^^^^^^^^^^^^^^^^^^^^^^^^^^^^^^
  File "/usr/local/lib/python3.12/site-packages/django/contrib/admin/options.py", line 719, in wrapper
    return self.admin_site.admin_view(view)(*args, **kwargs)
           ^^^^^^^^^^^^^^^^^^^^^^^^^^^^^^^^^^^^^^^^^^^^^^^^^
  File "/usr/local/lib/python3.12/site-packages/django/utils/decorators.py", line 192, in _view_wrapper
    result = _process_exception(request, e)
             ^^^^^^^^^^^^^^^^^^^^^^^^^^^^^^
  File "/usr/local/lib/python3.12/site-packages/django/utils/decorators.py", line 190, in _view_wrapper
    response = view_func(request, *args, **kwargs)
               ^^^^^^^^^^^^^^^^^^^^^^^^^^^^^^^^^^^
  File "/usr/local/lib/python3.12/site-packages/django/views/decorators/cache.py", line 80, in _view_wrapper
    response = view_func(request, *args, **kwargs)
               ^^^^^^^^^^^^^^^^^^^^^^^^^^^^^^^^^^^
  File "/usr/local/lib/python3.12/site-packages/django/contrib/admin/sites.py", line 246, in inner
    return view(request, *args, **kwargs)
           ^^^^^^^^^^^^^^^^^^^^^^^^^^^^^^
  File "/usr/local/lib/python3.12/site-packages/django/utils/decorators.py", line 48, in _wrapper
    return bound_method(*args, **kwargs)
           ^^^^^^^^^^^^^^^^^^^^^^^^^^^^^
  File "/usr/local/lib/python3.12/site-packages/django/utils/decorators.py", line 192, in _view_wrapper
    result = _process_exception(request, e)
             ^^^^^^^^^^^^^^^^^^^^^^^^^^^^^^
  File "/usr/local/lib/python3.12/site-packages/django/utils/decorators.py", line 190, in _view_wrapper
    response = view_func(request, *args, **kwargs)
               ^^^^^^^^^^^^^^^^^^^^^^^^^^^^^^^^^^^
  File "/usr/local/lib/python3.12/site-packages/django/contrib/admin/options.py", line 2024, in changelist_view
    cl = self.get_changelist_instance(request)
         ^^^^^^^^^^^^^^^^^^^^^^^^^^^^^^^^^^^^^
  File "/usr/local/lib/python3.12/site-packages/django/contrib/admin/options.py", line 867, in get_changelist_instance
    return ChangeList(
           ^^^^^^^^^^^
  File "/usr/local/lib/python3.12/site-packages/django/contrib/admin/views/main.py", line 146, in __init__
    self.get_results(request)
  File "/usr/local/lib/python3.12/site-packages/django/contrib/admin/views/main.py", line 313, in get_results
    result_count = paginator.count
                   ^^^^^^^^^^^^^^^
  File "/usr/local/lib/python3.12/site-packages/django/utils/functional.py", line 47, in __get__
    res = instance.__dict__[self.name] = self.func(instance)
                                         ^^^^^^^^^^^^^^^^^^^
  File "/usr/local/lib/python3.12/site-packages/django/core/paginator.py", line 110, in count
    return c()
           ^^^
  File "/usr/local/lib/python3.12/site-packages/django/db/models/query.py", line 606, in count
    return self.query.get_count(using=self.db)
           ^^^^^^^^^^^^^^^^^^^^^^^^^^^^^^^^^^^
  File "/usr/local/lib/python3.12/site-packages/django/db/models/sql/query.py", line 644, in get_count
    return obj.get_aggregation(using, {"__count": Count("*")})["__count"]
           ^^^^^^^^^^^^^^^^^^^^^^^^^^^^^^^^^^^^^^^^^^^^^^^^^^^
  File "/usr/local/lib/python3.12/site-packages/django/db/models/sql/query.py", line 626, in get_aggregation
    result = compiler.execute_sql(SINGLE)
             ^^^^^^^^^^^^^^^^^^^^^^^^^^^^
  File "/usr/local/lib/python3.12/site-packages/django/db/models/sql/compiler.py", line 1623, in execute_sql
    cursor.execute(sql, params)
  File "/usr/local/lib/python3.12/site-packages/django/db/backends/utils.py", line 122, in execute
    return super().execute(sql, params)
           ^^^^^^^^^^^^^^^^^^^^^^^^^^^^
  File "/usr/local/lib/python3.12/site-packages/django/db/backends/utils.py", line 79, in execute
    return self._execute_with_wrappers(
           ^^^^^^^^^^^^^^^^^^^^^^^^^^^^
  File "/usr/local/lib/python3.12/site-packages/django/db/backends/utils.py", line 92, in _execute_with_wrappers
    return executor(sql, params, many, context)
           ^^^^^^^^^^^^^^^^^^^^^^^^^^^^^^^^^^^^
  File "/usr/local/lib/python3.12/site-packages/django/db/backends/utils.py", line 100, in _execute
    with self.db.wrap_database_errors:
  File "/usr/local/lib/python3.12/site-packages/django/db/utils.py", line 91, in __exit__
    raise dj_exc_value.with_traceback(traceback) from exc_value
  File "/usr/local/lib/python3.12/site-packages/django/db/backends/utils.py", line 105, in _execute
    return self.cursor.execute(sql, params)
           ^^^^^^^^^^^^^^^^^^^^^^^^^^^^^^^^
django.db.utils.ProgrammingError: relation "metrics_alert" does not exist
LINE 1: SELECT COUNT(*) AS "__count" FROM "metrics_alert"
                                          ^

2026-01-20 15:35:39,194 [WARNING] django.request: Not Found: /static/admin/css/base.css (/usr/local/lib/python3.12/site-packages/django/utils/log.py:253)
2026-01-20 15:35:39,206 [WARNING] django.request: Not Found: /static/admin/css/dark_mode.css (/usr/local/lib/python3.12/site-packages/django/utils/log.py:253)
2026-01-20 15:35:39,216 [WARNING] django.request: Not Found: /static/admin/js/theme.js (/usr/local/lib/python3.12/site-packages/django/utils/log.py:253)
2026-01-20 15:35:39,225 [WARNING] django.request: Not Found: /static/admin/css/nav_sidebar.css (/usr/local/lib/python3.12/site-packages/django/utils/log.py:253)
2026-01-20 15:35:39,232 [WARNING] django.request: Not Found: /static/admin/js/nav_sidebar.js (/usr/local/lib/python3.12/site-packages/django/utils/log.py:253)
2026-01-20 15:35:39,240 [WARNING] django.request: Not Found: /static/admin/css/dashboard.css (/usr/local/lib/python3.12/site-packages/django/utils/log.py:253)
2026-01-20 15:35:39,247 [WARNING] django.request: Not Found: /static/admin/css/responsive.css (/usr/local/lib/python3.12/site-packages/django/utils/log.py:253)
2026-01-20 15:35:41,197 [WARNING] django.request: Not Found: /static/admin/css/base.css (/usr/local/lib/python3.12/site-packages/django/utils/log.py:253)
2026-01-20 15:35:41,208 [WARNING] django.request: Not Found: /static/admin/css/dark_mode.css (/usr/local/lib/python3.12/site-packages/django/utils/log.py:253)
2026-01-20 15:35:41,215 [WARNING] django.request: Not Found: /static/admin/js/theme.js (/usr/local/lib/python3.12/site-packages/django/utils/log.py:253)
2026-01-20 15:35:41,223 [WARNING] django.request: Not Found: /static/admin/css/nav_sidebar.css (/usr/local/lib/python3.12/site-packages/django/utils/log.py:253)
2026-01-20 15:35:41,230 [WARNING] django.request: Not Found: /static/admin/js/nav_sidebar.js (/usr/local/lib/python3.12/site-packages/django/utils/log.py:253)
2026-01-20 15:35:41,238 [WARNING] django.request: Not Found: /static/admin/css/forms.css (/usr/local/lib/python3.12/site-packages/django/utils/log.py:253)
2026-01-20 15:35:41,262 [WARNING] django.request: Not Found: /static/admin/js/vendor/jquery/jquery.js (/usr/local/lib/python3.12/site-packages/django/utils/log.py:253)
2026-01-20 15:35:41,270 [WARNING] django.request: Not Found: /static/admin/js/jquery.init.js (/usr/local/lib/python3.12/site-packages/django/utils/log.py:253)
2026-01-20 15:35:41,279 [WARNING] django.request: Not Found: /static/admin/js/core.js (/usr/local/lib/python3.12/site-packages/django/utils/log.py:253)
2026-01-20 15:35:41,287 [WARNING] django.request: Not Found: /static/admin/js/inlines.js (/usr/local/lib/python3.12/site-packages/django/utils/log.py:253)
2026-01-20 15:35:41,294 [WARNING] django.request: Not Found: /static/admin/js/admin/RelatedObjectLookups.js (/usr/local/lib/python3.12/site-packages/django/utils/log.py:253)
2026-01-20 15:35:41,302 [WARNING] django.request: Not Found: /static/admin/js/actions.js (/usr/local/lib/python3.12/site-packages/django/utils/log.py:253)
2026-01-20 15:35:41,308 [WARNING] django.request: Not Found: /static/admin/js/urlify.js (/usr/local/lib/python3.12/site-packages/django/utils/log.py:253)
2026-01-20 15:35:41,315 [WARNING] django.request: Not Found: /static/admin/js/prepopulate.js (/usr/local/lib/python3.12/site-packages/django/utils/log.py:253)
2026-01-20 15:35:41,320 [WARNING] django.request: Not Found: /static/admin/js/vendor/xregexp/xregexp.js (/usr/local/lib/python3.12/site-packages/django/utils/log.py:253)
2026-01-20 15:35:41,327 [WARNING] django.request: Not Found: /static/admin/css/responsive.css (/usr/local/lib/python3.12/site-packages/django/utils/log.py:253)
2026-01-20 15:35:41,334 [WARNING] django.request: Not Found: /static/admin/js/change_form.js (/usr/local/lib/python3.12/site-packages/django/utils/log.py:253)
2026-01-20 15:35:41,341 [WARNING] django.request: Not Found: /static/admin/js/prepopulate_init.js (/usr/local/lib/python3.12/site-packages/django/utils/log.py:253)
2026-01-20 15:35:44,740 [WARNING] django.request: Not Found: /static/admin/css/base.css (/usr/local/lib/python3.12/site-packages/django/utils/log.py:253)
2026-01-20 15:35:44,748 [WARNING] django.request: Not Found: /static/admin/css/dark_mode.css (/usr/local/lib/python3.12/site-packages/django/utils/log.py:253)
2026-01-20 15:35:44,757 [WARNING] django.request: Not Found: /static/admin/js/theme.js (/usr/local/lib/python3.12/site-packages/django/utils/log.py:253)
2026-01-20 15:35:44,764 [WARNING] django.request: Not Found: /static/admin/css/nav_sidebar.css (/usr/local/lib/python3.12/site-packages/django/utils/log.py:253)
2026-01-20 15:35:44,769 [WARNING] django.request: Not Found: /static/admin/js/nav_sidebar.js (/usr/local/lib/python3.12/site-packages/django/utils/log.py:253)
2026-01-20 15:35:44,775 [WARNING] django.request: Not Found: /static/admin/css/forms.css (/usr/local/lib/python3.12/site-packages/django/utils/log.py:253)
2026-01-20 15:35:44,798 [WARNING] django.request: Not Found: /static/admin/js/vendor/jquery/jquery.js (/usr/local/lib/python3.12/site-packages/django/utils/log.py:253)
2026-01-20 15:35:44,807 [WARNING] django.request: Not Found: /static/admin/js/jquery.init.js (/usr/local/lib/python3.12/site-packages/django/utils/log.py:253)
2026-01-20 15:35:44,814 [WARNING] django.request: Not Found: /static/admin/js/core.js (/usr/local/lib/python3.12/site-packages/django/utils/log.py:253)
2026-01-20 15:35:44,821 [WARNING] django.request: Not Found: /static/admin/js/inlines.js (/usr/local/lib/python3.12/site-packages/django/utils/log.py:253)
2026-01-20 15:35:44,828 [WARNING] django.request: Not Found: /static/admin/js/admin/RelatedObjectLookups.js (/usr/local/lib/python3.12/site-packages/django/utils/log.py:253)
2026-01-20 15:35:44,836 [WARNING] django.request: Not Found: /static/admin/js/actions.js (/usr/local/lib/python3.12/site-packages/django/utils/log.py:253)
2026-01-20 15:35:44,842 [WARNING] django.request: Not Found: /static/admin/js/urlify.js (/usr/local/lib/python3.12/site-packages/django/utils/log.py:253)
2026-01-20 15:35:44,849 [WARNING] django.request: Not Found: /static/admin/js/prepopulate.js (/usr/local/lib/python3.12/site-packages/django/utils/log.py:253)
2026-01-20 15:35:44,857 [WARNING] django.request: Not Found: /static/admin/js/vendor/xregexp/xregexp.js (/usr/local/lib/python3.12/site-packages/django/utils/log.py:253)
2026-01-20 15:35:44,865 [WARNING] django.request: Not Found: /static/admin/css/responsive.css (/usr/local/lib/python3.12/site-packages/django/utils/log.py:253)
2026-01-20 15:35:44,874 [WARNING] django.request: Not Found: /static/admin/js/change_form.js (/usr/local/lib/python3.12/site-packages/django/utils/log.py:253)
2026-01-20 15:35:44,880 [WARNING] django.request: Not Found: /static/admin/js/prepopulate_init.js (/usr/local/lib/python3.12/site-packages/django/utils/log.py:253)
2026-01-20 15:39:39,696 [ERROR] django.request: Internal Server Error: /admin/metrics/alertlogic/add/ (/usr/local/lib/python3.12/site-packages/django/utils/log.py:253)
Traceback (most recent call last):
  File "/usr/local/lib/python3.12/site-packages/django/db/backends/utils.py", line 105, in _execute
    return self.cursor.execute(sql, params)
           ^^^^^^^^^^^^^^^^^^^^^^^^^^^^^^^^
psycopg2.errors.UndefinedTable: relation "metrics_alert" does not exist
LINE 1: ...alert"."duration", "metrics_alert"."enabled" FROM "metrics_a...
                                                             ^


The above exception was the direct cause of the following exception:

Traceback (most recent call last):
  File "/usr/local/lib/python3.12/site-packages/django/db/models/sql/compiler.py", line 1623, in execute_sql
    cursor.execute(sql, params)
  File "/usr/local/lib/python3.12/site-packages/django/db/backends/utils.py", line 122, in execute
    return super().execute(sql, params)
           ^^^^^^^^^^^^^^^^^^^^^^^^^^^^
  File "/usr/local/lib/python3.12/site-packages/django/db/backends/utils.py", line 79, in execute
    return self._execute_with_wrappers(
           ^^^^^^^^^^^^^^^^^^^^^^^^^^^^
  File "/usr/local/lib/python3.12/site-packages/django/db/backends/utils.py", line 92, in _execute_with_wrappers
    return executor(sql, params, many, context)
           ^^^^^^^^^^^^^^^^^^^^^^^^^^^^^^^^^^^^
  File "/usr/local/lib/python3.12/site-packages/django/db/backends/utils.py", line 100, in _execute
    with self.db.wrap_database_errors:
  File "/usr/local/lib/python3.12/site-packages/django/db/utils.py", line 91, in __exit__
    raise dj_exc_value.with_traceback(traceback) from exc_value
  File "/usr/local/lib/python3.12/site-packages/django/db/backends/utils.py", line 105, in _execute
    return self.cursor.execute(sql, params)
           ^^^^^^^^^^^^^^^^^^^^^^^^^^^^^^^^
django.db.utils.ProgrammingError: relation "metrics_alert" does not exist
LINE 1: ...alert"."duration", "metrics_alert"."enabled" FROM "metrics_a...
                                                             ^


During handling of the above exception, another exception occurred:

Traceback (most recent call last):
  File "/usr/local/lib/python3.12/site-packages/django/core/handlers/exception.py", line 55, in inner
    response = get_response(request)
               ^^^^^^^^^^^^^^^^^^^^^
  File "/usr/local/lib/python3.12/site-packages/django/core/handlers/base.py", line 220, in _get_response
    response = response.render()
               ^^^^^^^^^^^^^^^^^
  File "/usr/local/lib/python3.12/site-packages/django/template/response.py", line 114, in render
    self.content = self.rendered_content
                   ^^^^^^^^^^^^^^^^^^^^^
  File "/usr/local/lib/python3.12/site-packages/django/template/response.py", line 92, in rendered_content
    return template.render(context, self._request)
           ^^^^^^^^^^^^^^^^^^^^^^^^^^^^^^^^^^^^^^^
  File "/usr/local/lib/python3.12/site-packages/django/template/backends/django.py", line 107, in render
    return self.template.render(context)
           ^^^^^^^^^^^^^^^^^^^^^^^^^^^^^
  File "/usr/local/lib/python3.12/site-packages/django/template/base.py", line 172, in render
    return self._render(context)
           ^^^^^^^^^^^^^^^^^^^^^
  File "/usr/local/lib/python3.12/site-packages/django/template/base.py", line 164, in _render
    return self.nodelist.render(context)
           ^^^^^^^^^^^^^^^^^^^^^^^^^^^^^
  File "/usr/local/lib/python3.12/site-packages/django/template/base.py", line 1018, in render
    return SafeString("".join([node.render_annotated(context) for node in self]))
                               ^^^^^^^^^^^^^^^^^^^^^^^^^^^^^^
  File "/usr/local/lib/python3.12/site-packages/django/template/base.py", line 979, in render_annotated
    return self.render(context)
           ^^^^^^^^^^^^^^^^^^^^
  File "/usr/local/lib/python3.12/site-packages/django/template/loader_tags.py", line 159, in render
    return compiled_parent._render(context)
           ^^^^^^^^^^^^^^^^^^^^^^^^^^^^^^^^
  File "/usr/local/lib/python3.12/site-packages/django/template/base.py", line 164, in _render
    return self.nodelist.render(context)
           ^^^^^^^^^^^^^^^^^^^^^^^^^^^^^
  File "/usr/local/lib/python3.12/site-packages/django/template/base.py", line 1018, in render
    return SafeString("".join([node.render_annotated(context) for node in self]))
                               ^^^^^^^^^^^^^^^^^^^^^^^^^^^^^^
  File "/usr/local/lib/python3.12/site-packages/django/template/base.py", line 979, in render_annotated
    return self.render(context)
           ^^^^^^^^^^^^^^^^^^^^
  File "/usr/local/lib/python3.12/site-packages/django/template/loader_tags.py", line 159, in render
    return compiled_parent._render(context)
           ^^^^^^^^^^^^^^^^^^^^^^^^^^^^^^^^
  File "/usr/local/lib/python3.12/site-packages/django/template/base.py", line 164, in _render
    return self.nodelist.render(context)
           ^^^^^^^^^^^^^^^^^^^^^^^^^^^^^
  File "/usr/local/lib/python3.12/site-packages/django/template/base.py", line 1018, in render
    return SafeString("".join([node.render_annotated(context) for node in self]))
                               ^^^^^^^^^^^^^^^^^^^^^^^^^^^^^^
  File "/usr/local/lib/python3.12/site-packages/django/template/base.py", line 979, in render_annotated
    return self.render(context)
           ^^^^^^^^^^^^^^^^^^^^
  File "/usr/local/lib/python3.12/site-packages/django/template/loader_tags.py", line 65, in render
    result = block.nodelist.render(context)
             ^^^^^^^^^^^^^^^^^^^^^^^^^^^^^^
  File "/usr/local/lib/python3.12/site-packages/django/template/base.py", line 1018, in render
    return SafeString("".join([node.render_annotated(context) for node in self]))
                               ^^^^^^^^^^^^^^^^^^^^^^^^^^^^^^
  File "/usr/local/lib/python3.12/site-packages/django/template/base.py", line 979, in render_annotated
    return self.render(context)
           ^^^^^^^^^^^^^^^^^^^^
  File "/usr/local/lib/python3.12/site-packages/django/template/loader_tags.py", line 65, in render
    result = block.nodelist.render(context)
             ^^^^^^^^^^^^^^^^^^^^^^^^^^^^^^
  File "/usr/local/lib/python3.12/site-packages/django/template/base.py", line 1018, in render
    return SafeString("".join([node.render_annotated(context) for node in self]))
                               ^^^^^^^^^^^^^^^^^^^^^^^^^^^^^^
  File "/usr/local/lib/python3.12/site-packages/django/template/base.py", line 979, in render_annotated
    return self.render(context)
           ^^^^^^^^^^^^^^^^^^^^
  File "/usr/local/lib/python3.12/site-packages/django/template/defaulttags.py", line 243, in render
    nodelist.append(node.render_annotated(context))
                    ^^^^^^^^^^^^^^^^^^^^^^^^^^^^^^
  File "/usr/local/lib/python3.12/site-packages/django/template/base.py", line 979, in render_annotated
    return self.render(context)
           ^^^^^^^^^^^^^^^^^^^^
  File "/usr/local/lib/python3.12/site-packages/django/template/loader_tags.py", line 210, in render
    return template.render(context)
           ^^^^^^^^^^^^^^^^^^^^^^^^
  File "/usr/local/lib/python3.12/site-packages/django/template/base.py", line 174, in render
    return self._render(context)
           ^^^^^^^^^^^^^^^^^^^^^
  File "/usr/local/lib/python3.12/site-packages/django/template/base.py", line 164, in _render
    return self.nodelist.render(context)
           ^^^^^^^^^^^^^^^^^^^^^^^^^^^^^
  File "/usr/local/lib/python3.12/site-packages/django/template/base.py", line 1018, in render
    return SafeString("".join([node.render_annotated(context) for node in self]))
                               ^^^^^^^^^^^^^^^^^^^^^^^^^^^^^^
  File "/usr/local/lib/python3.12/site-packages/django/template/base.py", line 979, in render_annotated
    return self.render(context)
           ^^^^^^^^^^^^^^^^^^^^
  File "/usr/local/lib/python3.12/site-packages/django/template/defaulttags.py", line 243, in render
    nodelist.append(node.render_annotated(context))
                    ^^^^^^^^^^^^^^^^^^^^^^^^^^^^^^
  File "/usr/local/lib/python3.12/site-packages/django/template/base.py", line 979, in render_annotated
    return self.render(context)
           ^^^^^^^^^^^^^^^^^^^^
  File "/usr/local/lib/python3.12/site-packages/django/template/defaulttags.py", line 243, in render
    nodelist.append(node.render_annotated(context))
                    ^^^^^^^^^^^^^^^^^^^^^^^^^^^^^^
  File "/usr/local/lib/python3.12/site-packages/django/template/base.py", line 979, in render_annotated
    return self.render(context)
           ^^^^^^^^^^^^^^^^^^^^
  File "/usr/local/lib/python3.12/site-packages/django/template/defaulttags.py", line 327, in render
    return nodelist.render(context)
           ^^^^^^^^^^^^^^^^^^^^^^^^
  File "/usr/local/lib/python3.12/site-packages/django/template/base.py", line 1018, in render
    return SafeString("".join([node.render_annotated(context) for node in self]))
                               ^^^^^^^^^^^^^^^^^^^^^^^^^^^^^^
  File "/usr/local/lib/python3.12/site-packages/django/template/base.py", line 979, in render_annotated
    return self.render(context)
           ^^^^^^^^^^^^^^^^^^^^
  File "/usr/local/lib/python3.12/site-packages/django/template/defaulttags.py", line 327, in render
    return nodelist.render(context)
           ^^^^^^^^^^^^^^^^^^^^^^^^
  File "/usr/local/lib/python3.12/site-packages/django/template/base.py", line 1018, in render
    return SafeString("".join([node.render_annotated(context) for node in self]))
                               ^^^^^^^^^^^^^^^^^^^^^^^^^^^^^^
  File "/usr/local/lib/python3.12/site-packages/django/template/base.py", line 979, in render_annotated
    return self.render(context)
           ^^^^^^^^^^^^^^^^^^^^
  File "/usr/local/lib/python3.12/site-packages/django/template/base.py", line 1083, in render
    return render_value_in_context(output, context)
           ^^^^^^^^^^^^^^^^^^^^^^^^^^^^^^^^^^^^^^^^
  File "/usr/local/lib/python3.12/site-packages/django/template/base.py", line 1060, in render_value_in_context
    value = str(value)
            ^^^^^^^^^^
  File "/usr/local/lib/python3.12/site-packages/django/forms/utils.py", line 79, in __str__
    return self.as_widget()
           ^^^^^^^^^^^^^^^^
  File "/usr/local/lib/python3.12/site-packages/django/forms/boundfield.py", line 108, in as_widget
    return widget.render(
           ^^^^^^^^^^^^^^
  File "/usr/local/lib/python3.12/site-packages/django/forms/widgets.py", line 329, in render
    context = self.get_context(name, value, attrs)
              ^^^^^^^^^^^^^^^^^^^^^^^^^^^^^^^^^^^^
  File "/usr/local/lib/python3.12/site-packages/django/contrib/admin/widgets.py", line 329, in get_context
    "rendered_widget": self.widget.render(name, value, attrs),
                       ^^^^^^^^^^^^^^^^^^^^^^^^^^^^^^^^^^^^^^
  File "/usr/local/lib/python3.12/site-packages/django/forms/widgets.py", line 329, in render
    context = self.get_context(name, value, attrs)
              ^^^^^^^^^^^^^^^^^^^^^^^^^^^^^^^^^^^^
  File "/usr/local/lib/python3.12/site-packages/django/forms/widgets.py", line 830, in get_context
    context = super().get_context(name, value, attrs)
              ^^^^^^^^^^^^^^^^^^^^^^^^^^^^^^^^^^^^^^^
  File "/usr/local/lib/python3.12/site-packages/django/forms/widgets.py", line 781, in get_context
    context["widget"]["optgroups"] = self.optgroups(
                                     ^^^^^^^^^^^^^^^
  File "/usr/local/lib/python3.12/site-packages/django/forms/widgets.py", line 721, in optgroups
    for index, (option_value, option_label) in enumerate(self.choices):
  File "/usr/local/lib/python3.12/site-packages/django/forms/models.py", line 1424, in __iter__
    for obj in queryset:
  File "/usr/local/lib/python3.12/site-packages/django/db/models/query.py", line 504, in _iterator
    yield from iterable
  File "/usr/local/lib/python3.12/site-packages/django/db/models/query.py", line 93, in __iter__
    results = compiler.execute_sql(
              ^^^^^^^^^^^^^^^^^^^^^
  File "/usr/local/lib/python3.12/site-packages/django/db/models/sql/compiler.py", line 1626, in execute_sql
    cursor.close()
psycopg2.errors.InvalidCursorName: cursor "_django_curs_135776414174080_sync_1" does not exist

2026-01-20 15:39:42,226 [WARNING] django.request: Not Found: /static/admin/css/base.css (/usr/local/lib/python3.12/site-packages/django/utils/log.py:253)
2026-01-20 15:39:42,238 [WARNING] django.request: Not Found: /static/admin/css/dark_mode.css (/usr/local/lib/python3.12/site-packages/django/utils/log.py:253)
2026-01-20 15:39:42,245 [WARNING] django.request: Not Found: /static/admin/js/theme.js (/usr/local/lib/python3.12/site-packages/django/utils/log.py:253)
2026-01-20 15:39:42,251 [WARNING] django.request: Not Found: /static/admin/css/nav_sidebar.css (/usr/local/lib/python3.12/site-packages/django/utils/log.py:253)
2026-01-20 15:39:42,260 [WARNING] django.request: Not Found: /static/admin/js/nav_sidebar.js (/usr/local/lib/python3.12/site-packages/django/utils/log.py:253)
2026-01-20 15:39:42,267 [WARNING] django.request: Not Found: /static/admin/css/forms.css (/usr/local/lib/python3.12/site-packages/django/utils/log.py:253)
2026-01-20 15:39:42,275 [WARNING] django.request: Not Found: /static/admin/js/vendor/jquery/jquery.js (/usr/local/lib/python3.12/site-packages/django/utils/log.py:253)
2026-01-20 15:39:42,282 [WARNING] django.request: Not Found: /static/admin/js/jquery.init.js (/usr/local/lib/python3.12/site-packages/django/utils/log.py:253)
2026-01-20 15:39:42,291 [WARNING] django.request: Not Found: /static/admin/js/core.js (/usr/local/lib/python3.12/site-packages/django/utils/log.py:253)
2026-01-20 15:39:42,298 [WARNING] django.request: Not Found: /static/admin/js/inlines.js (/usr/local/lib/python3.12/site-packages/django/utils/log.py:253)
2026-01-20 15:39:42,307 [WARNING] django.request: Not Found: /static/admin/js/admin/RelatedObjectLookups.js (/usr/local/lib/python3.12/site-packages/django/utils/log.py:253)
2026-01-20 15:39:42,314 [WARNING] django.request: Not Found: /static/admin/js/actions.js (/usr/local/lib/python3.12/site-packages/django/utils/log.py:253)
2026-01-20 15:39:42,322 [WARNING] django.request: Not Found: /static/admin/js/urlify.js (/usr/local/lib/python3.12/site-packages/django/utils/log.py:253)
2026-01-20 15:39:42,329 [WARNING] django.request: Not Found: /static/admin/js/prepopulate.js (/usr/local/lib/python3.12/site-packages/django/utils/log.py:253)
2026-01-20 15:39:42,336 [WARNING] django.request: Not Found: /static/admin/js/vendor/xregexp/xregexp.js (/usr/local/lib/python3.12/site-packages/django/utils/log.py:253)
2026-01-20 15:39:42,344 [WARNING] django.request: Not Found: /static/admin/css/responsive.css (/usr/local/lib/python3.12/site-packages/django/utils/log.py:253)
2026-01-20 15:39:42,351 [WARNING] django.request: Not Found: /static/admin/js/change_form.js (/usr/local/lib/python3.12/site-packages/django/utils/log.py:253)
2026-01-20 15:39:42,359 [WARNING] django.request: Not Found: /static/admin/js/prepopulate_init.js (/usr/local/lib/python3.12/site-packages/django/utils/log.py:253)
2026-01-20 15:39:43,750 [ERROR] django.request: Internal Server Error: /admin/metrics/alertcondition/add/ (/usr/local/lib/python3.12/site-packages/django/utils/log.py:253)
Traceback (most recent call last):
  File "/usr/local/lib/python3.12/site-packages/django/db/backends/utils.py", line 105, in _execute
    return self.cursor.execute(sql, params)
           ^^^^^^^^^^^^^^^^^^^^^^^^^^^^^^^^
psycopg2.errors.UndefinedTable: relation "metrics_alert" does not exist
LINE 1: ...alert"."duration", "metrics_alert"."enabled" FROM "metrics_a...
                                                             ^


The above exception was the direct cause of the following exception:

Traceback (most recent call last):
  File "/usr/local/lib/python3.12/site-packages/django/db/models/sql/compiler.py", line 1623, in execute_sql
    cursor.execute(sql, params)
  File "/usr/local/lib/python3.12/site-packages/django/db/backends/utils.py", line 122, in execute
    return super().execute(sql, params)
           ^^^^^^^^^^^^^^^^^^^^^^^^^^^^
  File "/usr/local/lib/python3.12/site-packages/django/db/backends/utils.py", line 79, in execute
    return self._execute_with_wrappers(
           ^^^^^^^^^^^^^^^^^^^^^^^^^^^^
  File "/usr/local/lib/python3.12/site-packages/django/db/backends/utils.py", line 92, in _execute_with_wrappers
    return executor(sql, params, many, context)
           ^^^^^^^^^^^^^^^^^^^^^^^^^^^^^^^^^^^^
  File "/usr/local/lib/python3.12/site-packages/django/db/backends/utils.py", line 100, in _execute
    with self.db.wrap_database_errors:
  File "/usr/local/lib/python3.12/site-packages/django/db/utils.py", line 91, in __exit__
    raise dj_exc_value.with_traceback(traceback) from exc_value
  File "/usr/local/lib/python3.12/site-packages/django/db/backends/utils.py", line 105, in _execute
    return self.cursor.execute(sql, params)
           ^^^^^^^^^^^^^^^^^^^^^^^^^^^^^^^^
django.db.utils.ProgrammingError: relation "metrics_alert" does not exist
LINE 1: ...alert"."duration", "metrics_alert"."enabled" FROM "metrics_a...
                                                             ^


During handling of the above exception, another exception occurred:

Traceback (most recent call last):
  File "/usr/local/lib/python3.12/site-packages/django/core/handlers/exception.py", line 55, in inner
    response = get_response(request)
               ^^^^^^^^^^^^^^^^^^^^^
  File "/usr/local/lib/python3.12/site-packages/django/core/handlers/base.py", line 220, in _get_response
    response = response.render()
               ^^^^^^^^^^^^^^^^^
  File "/usr/local/lib/python3.12/site-packages/django/template/response.py", line 114, in render
    self.content = self.rendered_content
                   ^^^^^^^^^^^^^^^^^^^^^
  File "/usr/local/lib/python3.12/site-packages/django/template/response.py", line 92, in rendered_content
    return template.render(context, self._request)
           ^^^^^^^^^^^^^^^^^^^^^^^^^^^^^^^^^^^^^^^
  File "/usr/local/lib/python3.12/site-packages/django/template/backends/django.py", line 107, in render
    return self.template.render(context)
           ^^^^^^^^^^^^^^^^^^^^^^^^^^^^^
  File "/usr/local/lib/python3.12/site-packages/django/template/base.py", line 172, in render
    return self._render(context)
           ^^^^^^^^^^^^^^^^^^^^^
  File "/usr/local/lib/python3.12/site-packages/django/template/base.py", line 164, in _render
    return self.nodelist.render(context)
           ^^^^^^^^^^^^^^^^^^^^^^^^^^^^^
  File "/usr/local/lib/python3.12/site-packages/django/template/base.py", line 1018, in render
    return SafeString("".join([node.render_annotated(context) for node in self]))
                               ^^^^^^^^^^^^^^^^^^^^^^^^^^^^^^
  File "/usr/local/lib/python3.12/site-packages/django/template/base.py", line 979, in render_annotated
    return self.render(context)
           ^^^^^^^^^^^^^^^^^^^^
  File "/usr/local/lib/python3.12/site-packages/django/template/loader_tags.py", line 159, in render
    return compiled_parent._render(context)
           ^^^^^^^^^^^^^^^^^^^^^^^^^^^^^^^^
  File "/usr/local/lib/python3.12/site-packages/django/template/base.py", line 164, in _render
    return self.nodelist.render(context)
           ^^^^^^^^^^^^^^^^^^^^^^^^^^^^^
  File "/usr/local/lib/python3.12/site-packages/django/template/base.py", line 1018, in render
    return SafeString("".join([node.render_annotated(context) for node in self]))
                               ^^^^^^^^^^^^^^^^^^^^^^^^^^^^^^
  File "/usr/local/lib/python3.12/site-packages/django/template/base.py", line 979, in render_annotated
    return self.render(context)
           ^^^^^^^^^^^^^^^^^^^^
  File "/usr/local/lib/python3.12/site-packages/django/template/loader_tags.py", line 159, in render
    return compiled_parent._render(context)
           ^^^^^^^^^^^^^^^^^^^^^^^^^^^^^^^^
  File "/usr/local/lib/python3.12/site-packages/django/template/base.py", line 164, in _render
    return self.nodelist.render(context)
           ^^^^^^^^^^^^^^^^^^^^^^^^^^^^^
  File "/usr/local/lib/python3.12/site-packages/django/template/base.py", line 1018, in render
    return SafeString("".join([node.render_annotated(context) for node in self]))
                               ^^^^^^^^^^^^^^^^^^^^^^^^^^^^^^
  File "/usr/local/lib/python3.12/site-packages/django/template/base.py", line 979, in render_annotated
    return self.render(context)
           ^^^^^^^^^^^^^^^^^^^^
  File "/usr/local/lib/python3.12/site-packages/django/template/loader_tags.py", line 65, in render
    result = block.nodelist.render(context)
             ^^^^^^^^^^^^^^^^^^^^^^^^^^^^^^
  File "/usr/local/lib/python3.12/site-packages/django/template/base.py", line 1018, in render
    return SafeString("".join([node.render_annotated(context) for node in self]))
                               ^^^^^^^^^^^^^^^^^^^^^^^^^^^^^^
  File "/usr/local/lib/python3.12/site-packages/django/template/base.py", line 979, in render_annotated
    return self.render(context)
           ^^^^^^^^^^^^^^^^^^^^
  File "/usr/local/lib/python3.12/site-packages/django/template/loader_tags.py", line 65, in render
    result = block.nodelist.render(context)
             ^^^^^^^^^^^^^^^^^^^^^^^^^^^^^^
  File "/usr/local/lib/python3.12/site-packages/django/template/base.py", line 1018, in render
    return SafeString("".join([node.render_annotated(context) for node in self]))
                               ^^^^^^^^^^^^^^^^^^^^^^^^^^^^^^
  File "/usr/local/lib/python3.12/site-packages/django/template/base.py", line 979, in render_annotated
    return self.render(context)
           ^^^^^^^^^^^^^^^^^^^^
  File "/usr/local/lib/python3.12/site-packages/django/template/defaulttags.py", line 243, in render
    nodelist.append(node.render_annotated(context))
                    ^^^^^^^^^^^^^^^^^^^^^^^^^^^^^^
  File "/usr/local/lib/python3.12/site-packages/django/template/base.py", line 979, in render_annotated
    return self.render(context)
           ^^^^^^^^^^^^^^^^^^^^
  File "/usr/local/lib/python3.12/site-packages/django/template/loader_tags.py", line 210, in render
    return template.render(context)
           ^^^^^^^^^^^^^^^^^^^^^^^^
  File "/usr/local/lib/python3.12/site-packages/django/template/base.py", line 174, in render
    return self._render(context)
           ^^^^^^^^^^^^^^^^^^^^^
  File "/usr/local/lib/python3.12/site-packages/django/template/base.py", line 164, in _render
    return self.nodelist.render(context)
           ^^^^^^^^^^^^^^^^^^^^^^^^^^^^^
  File "/usr/local/lib/python3.12/site-packages/django/template/base.py", line 1018, in render
    return SafeString("".join([node.render_annotated(context) for node in self]))
                               ^^^^^^^^^^^^^^^^^^^^^^^^^^^^^^
  File "/usr/local/lib/python3.12/site-packages/django/template/base.py", line 979, in render_annotated
    return self.render(context)
           ^^^^^^^^^^^^^^^^^^^^
  File "/usr/local/lib/python3.12/site-packages/django/template/defaulttags.py", line 243, in render
    nodelist.append(node.render_annotated(context))
                    ^^^^^^^^^^^^^^^^^^^^^^^^^^^^^^
  File "/usr/local/lib/python3.12/site-packages/django/template/base.py", line 979, in render_annotated
    return self.render(context)
           ^^^^^^^^^^^^^^^^^^^^
  File "/usr/local/lib/python3.12/site-packages/django/template/defaulttags.py", line 243, in render
    nodelist.append(node.render_annotated(context))
                    ^^^^^^^^^^^^^^^^^^^^^^^^^^^^^^
  File "/usr/local/lib/python3.12/site-packages/django/template/base.py", line 979, in render_annotated
    return self.render(context)
           ^^^^^^^^^^^^^^^^^^^^
  File "/usr/local/lib/python3.12/site-packages/django/template/defaulttags.py", line 327, in render
    return nodelist.render(context)
           ^^^^^^^^^^^^^^^^^^^^^^^^
  File "/usr/local/lib/python3.12/site-packages/django/template/base.py", line 1018, in render
    return SafeString("".join([node.render_annotated(context) for node in self]))
                               ^^^^^^^^^^^^^^^^^^^^^^^^^^^^^^
  File "/usr/local/lib/python3.12/site-packages/django/template/base.py", line 979, in render_annotated
    return self.render(context)
           ^^^^^^^^^^^^^^^^^^^^
  File "/usr/local/lib/python3.12/site-packages/django/template/defaulttags.py", line 327, in render
    return nodelist.render(context)
           ^^^^^^^^^^^^^^^^^^^^^^^^
  File "/usr/local/lib/python3.12/site-packages/django/template/base.py", line 1018, in render
    return SafeString("".join([node.render_annotated(context) for node in self]))
                               ^^^^^^^^^^^^^^^^^^^^^^^^^^^^^^
  File "/usr/local/lib/python3.12/site-packages/django/template/base.py", line 979, in render_annotated
    return self.render(context)
           ^^^^^^^^^^^^^^^^^^^^
  File "/usr/local/lib/python3.12/site-packages/django/template/base.py", line 1083, in render
    return render_value_in_context(output, context)
           ^^^^^^^^^^^^^^^^^^^^^^^^^^^^^^^^^^^^^^^^
  File "/usr/local/lib/python3.12/site-packages/django/template/base.py", line 1060, in render_value_in_context
    value = str(value)
            ^^^^^^^^^^
  File "/usr/local/lib/python3.12/site-packages/django/forms/utils.py", line 79, in __str__
    return self.as_widget()
           ^^^^^^^^^^^^^^^^
  File "/usr/local/lib/python3.12/site-packages/django/forms/boundfield.py", line 108, in as_widget
    return widget.render(
           ^^^^^^^^^^^^^^
  File "/usr/local/lib/python3.12/site-packages/django/forms/widgets.py", line 329, in render
    context = self.get_context(name, value, attrs)
              ^^^^^^^^^^^^^^^^^^^^^^^^^^^^^^^^^^^^
  File "/usr/local/lib/python3.12/site-packages/django/contrib/admin/widgets.py", line 329, in get_context
    "rendered_widget": self.widget.render(name, value, attrs),
                       ^^^^^^^^^^^^^^^^^^^^^^^^^^^^^^^^^^^^^^
  File "/usr/local/lib/python3.12/site-packages/django/forms/widgets.py", line 329, in render
    context = self.get_context(name, value, attrs)
              ^^^^^^^^^^^^^^^^^^^^^^^^^^^^^^^^^^^^
  File "/usr/local/lib/python3.12/site-packages/django/forms/widgets.py", line 830, in get_context
    context = super().get_context(name, value, attrs)
              ^^^^^^^^^^^^^^^^^^^^^^^^^^^^^^^^^^^^^^^
  File "/usr/local/lib/python3.12/site-packages/django/forms/widgets.py", line 781, in get_context
    context["widget"]["optgroups"] = self.optgroups(
                                     ^^^^^^^^^^^^^^^
  File "/usr/local/lib/python3.12/site-packages/django/forms/widgets.py", line 721, in optgroups
    for index, (option_value, option_label) in enumerate(self.choices):
  File "/usr/local/lib/python3.12/site-packages/django/forms/models.py", line 1424, in __iter__
    for obj in queryset:
  File "/usr/local/lib/python3.12/site-packages/django/db/models/query.py", line 504, in _iterator
    yield from iterable
  File "/usr/local/lib/python3.12/site-packages/django/db/models/query.py", line 93, in __iter__
    results = compiler.execute_sql(
              ^^^^^^^^^^^^^^^^^^^^^
  File "/usr/local/lib/python3.12/site-packages/django/db/models/sql/compiler.py", line 1626, in execute_sql
    cursor.close()
psycopg2.errors.InvalidCursorName: cursor "_django_curs_135776414174080_sync_2" does not exist

2026-01-20 15:39:45,138 [WARNING] django.request: Not Found: /static/admin/css/base.css (/usr/local/lib/python3.12/site-packages/django/utils/log.py:253)
2026-01-20 15:39:45,147 [WARNING] django.request: Not Found: /static/admin/css/dark_mode.css (/usr/local/lib/python3.12/site-packages/django/utils/log.py:253)
2026-01-20 15:39:45,156 [WARNING] django.request: Not Found: /static/admin/js/theme.js (/usr/local/lib/python3.12/site-packages/django/utils/log.py:253)
2026-01-20 15:39:45,164 [WARNING] django.request: Not Found: /static/admin/css/nav_sidebar.css (/usr/local/lib/python3.12/site-packages/django/utils/log.py:253)
2026-01-20 15:39:45,171 [WARNING] django.request: Not Found: /static/admin/js/nav_sidebar.js (/usr/local/lib/python3.12/site-packages/django/utils/log.py:253)
2026-01-20 15:39:45,179 [WARNING] django.request: Not Found: /static/admin/css/forms.css (/usr/local/lib/python3.12/site-packages/django/utils/log.py:253)
2026-01-20 15:39:45,187 [WARNING] django.request: Not Found: /static/admin/js/vendor/jquery/jquery.js (/usr/local/lib/python3.12/site-packages/django/utils/log.py:253)
2026-01-20 15:39:45,194 [WARNING] django.request: Not Found: /static/admin/js/jquery.init.js (/usr/local/lib/python3.12/site-packages/django/utils/log.py:253)
2026-01-20 15:39:45,203 [WARNING] django.request: Not Found: /static/admin/js/core.js (/usr/local/lib/python3.12/site-packages/django/utils/log.py:253)
2026-01-20 15:39:45,211 [WARNING] django.request: Not Found: /static/admin/js/inlines.js (/usr/local/lib/python3.12/site-packages/django/utils/log.py:253)
2026-01-20 15:39:45,219 [WARNING] django.request: Not Found: /static/admin/js/admin/RelatedObjectLookups.js (/usr/local/lib/python3.12/site-packages/django/utils/log.py:253)
2026-01-20 15:39:45,226 [WARNING] django.request: Not Found: /static/admin/js/actions.js (/usr/local/lib/python3.12/site-packages/django/utils/log.py:253)
2026-01-20 15:39:45,234 [WARNING] django.request: Not Found: /static/admin/js/urlify.js (/usr/local/lib/python3.12/site-packages/django/utils/log.py:253)
2026-01-20 15:39:45,241 [WARNING] django.request: Not Found: /static/admin/js/prepopulate.js (/usr/local/lib/python3.12/site-packages/django/utils/log.py:253)
2026-01-20 15:39:45,248 [WARNING] django.request: Not Found: /static/admin/js/vendor/xregexp/xregexp.js (/usr/local/lib/python3.12/site-packages/django/utils/log.py:253)
2026-01-20 15:39:45,255 [WARNING] django.request: Not Found: /static/admin/css/responsive.css (/usr/local/lib/python3.12/site-packages/django/utils/log.py:253)
2026-01-20 15:39:45,261 [WARNING] django.request: Not Found: /static/admin/js/change_form.js (/usr/local/lib/python3.12/site-packages/django/utils/log.py:253)
2026-01-20 15:39:45,270 [WARNING] django.request: Not Found: /static/admin/js/prepopulate_init.js (/usr/local/lib/python3.12/site-packages/django/utils/log.py:253)
2026-01-20 15:39:46,615 [WARNING] django.request: Not Found: /static/admin/css/base.css (/usr/local/lib/python3.12/site-packages/django/utils/log.py:253)
2026-01-20 15:39:46,624 [WARNING] django.request: Not Found: /static/admin/css/dark_mode.css (/usr/local/lib/python3.12/site-packages/django/utils/log.py:253)
2026-01-20 15:39:46,631 [WARNING] django.request: Not Found: /static/admin/js/theme.js (/usr/local/lib/python3.12/site-packages/django/utils/log.py:253)
2026-01-20 15:39:46,640 [WARNING] django.request: Not Found: /static/admin/css/nav_sidebar.css (/usr/local/lib/python3.12/site-packages/django/utils/log.py:253)
2026-01-20 15:39:46,646 [WARNING] django.request: Not Found: /static/admin/js/nav_sidebar.js (/usr/local/lib/python3.12/site-packages/django/utils/log.py:253)
2026-01-20 15:39:46,655 [WARNING] django.request: Not Found: /static/admin/css/forms.css (/usr/local/lib/python3.12/site-packages/django/utils/log.py:253)
2026-01-20 15:39:46,679 [WARNING] django.request: Not Found: /static/admin/js/vendor/jquery/jquery.js (/usr/local/lib/python3.12/site-packages/django/utils/log.py:253)
2026-01-20 15:39:46,687 [WARNING] django.request: Not Found: /static/admin/js/jquery.init.js (/usr/local/lib/python3.12/site-packages/django/utils/log.py:253)
2026-01-20 15:39:46,695 [WARNING] django.request: Not Found: /static/admin/js/core.js (/usr/local/lib/python3.12/site-packages/django/utils/log.py:253)
2026-01-20 15:39:46,701 [WARNING] django.request: Not Found: /static/admin/js/admin/RelatedObjectLookups.js (/usr/local/lib/python3.12/site-packages/django/utils/log.py:253)
2026-01-20 15:39:46,707 [WARNING] django.request: Not Found: /static/admin/js/actions.js (/usr/local/lib/python3.12/site-packages/django/utils/log.py:253)
2026-01-20 15:39:46,714 [WARNING] django.request: Not Found: /static/admin/js/urlify.js (/usr/local/lib/python3.12/site-packages/django/utils/log.py:253)
2026-01-20 15:39:46,721 [WARNING] django.request: Not Found: /static/admin/js/prepopulate.js (/usr/local/lib/python3.12/site-packages/django/utils/log.py:253)
2026-01-20 15:39:46,727 [WARNING] django.request: Not Found: /static/admin/js/vendor/xregexp/xregexp.js (/usr/local/lib/python3.12/site-packages/django/utils/log.py:253)
2026-01-20 15:39:46,736 [WARNING] django.request: Not Found: /static/admin/css/responsive.css (/usr/local/lib/python3.12/site-packages/django/utils/log.py:253)
2026-01-20 15:39:46,742 [WARNING] django.request: Not Found: /static/admin/js/change_form.js (/usr/local/lib/python3.12/site-packages/django/utils/log.py:253)
2026-01-20 15:39:46,750 [WARNING] django.request: Not Found: /static/admin/js/prepopulate_init.js (/usr/local/lib/python3.12/site-packages/django/utils/log.py:253)
2026-01-20 15:40:24,081 [ERROR] django.request: Internal Server Error: /admin/metrics/metricalert/add/ (/usr/local/lib/python3.12/site-packages/django/utils/log.py:253)
Traceback (most recent call last):
  File "/usr/local/lib/python3.12/site-packages/django/db/backends/utils.py", line 105, in _execute
    return self.cursor.execute(sql, params)
           ^^^^^^^^^^^^^^^^^^^^^^^^^^^^^^^^
psycopg2.errors.UndefinedTable: relation "metrics_metricalert" does not exist
LINE 1: INSERT INTO "metrics_metricalert" ("metric", "threshold", "d...
                    ^


The above exception was the direct cause of the following exception:

Traceback (most recent call last):
  File "/usr/local/lib/python3.12/site-packages/django/core/handlers/exception.py", line 55, in inner
    response = get_response(request)
               ^^^^^^^^^^^^^^^^^^^^^
  File "/usr/local/lib/python3.12/site-packages/django/core/handlers/base.py", line 197, in _get_response
    response = wrapped_callback(request, *callback_args, **callback_kwargs)
               ^^^^^^^^^^^^^^^^^^^^^^^^^^^^^^^^^^^^^^^^^^^^^^^^^^^^^^^^^^^^
  File "/usr/local/lib/python3.12/site-packages/django/contrib/admin/options.py", line 719, in wrapper
    return self.admin_site.admin_view(view)(*args, **kwargs)
           ^^^^^^^^^^^^^^^^^^^^^^^^^^^^^^^^^^^^^^^^^^^^^^^^^
  File "/usr/local/lib/python3.12/site-packages/django/utils/decorators.py", line 192, in _view_wrapper
    result = _process_exception(request, e)
             ^^^^^^^^^^^^^^^^^^^^^^^^^^^^^^
  File "/usr/local/lib/python3.12/site-packages/django/utils/decorators.py", line 190, in _view_wrapper
    response = view_func(request, *args, **kwargs)
               ^^^^^^^^^^^^^^^^^^^^^^^^^^^^^^^^^^^
  File "/usr/local/lib/python3.12/site-packages/django/views/decorators/cache.py", line 80, in _view_wrapper
    response = view_func(request, *args, **kwargs)
               ^^^^^^^^^^^^^^^^^^^^^^^^^^^^^^^^^^^
  File "/usr/local/lib/python3.12/site-packages/django/contrib/admin/sites.py", line 246, in inner
    return view(request, *args, **kwargs)
           ^^^^^^^^^^^^^^^^^^^^^^^^^^^^^^
  File "/usr/local/lib/python3.12/site-packages/django/contrib/admin/options.py", line 1984, in add_view
    return self.changeform_view(request, None, form_url, extra_context)
           ^^^^^^^^^^^^^^^^^^^^^^^^^^^^^^^^^^^^^^^^^^^^^^^^^^^^^^^^^^^^
  File "/usr/local/lib/python3.12/site-packages/django/utils/decorators.py", line 48, in _wrapper
    return bound_method(*args, **kwargs)
           ^^^^^^^^^^^^^^^^^^^^^^^^^^^^^
  File "/usr/local/lib/python3.12/site-packages/django/utils/decorators.py", line 192, in _view_wrapper
    result = _process_exception(request, e)
             ^^^^^^^^^^^^^^^^^^^^^^^^^^^^^^
  File "/usr/local/lib/python3.12/site-packages/django/utils/decorators.py", line 190, in _view_wrapper
    response = view_func(request, *args, **kwargs)
               ^^^^^^^^^^^^^^^^^^^^^^^^^^^^^^^^^^^
  File "/usr/local/lib/python3.12/site-packages/django/contrib/admin/options.py", line 1843, in changeform_view
    return self._changeform_view(request, object_id, form_url, extra_context)
           ^^^^^^^^^^^^^^^^^^^^^^^^^^^^^^^^^^^^^^^^^^^^^^^^^^^^^^^^^^^^^^^^^^
  File "/usr/local/lib/python3.12/site-packages/django/contrib/admin/options.py", line 1894, in _changeform_view
    self.save_model(request, new_object, form, not add)
  File "/usr/local/lib/python3.12/site-packages/django/contrib/admin/options.py", line 1314, in save_model
    obj.save()
  File "/usr/local/lib/python3.12/site-packages/django/db/models/base.py", line 902, in save
    self.save_base(
  File "/usr/local/lib/python3.12/site-packages/django/db/models/base.py", line 1008, in save_base
    updated = self._save_table(
              ^^^^^^^^^^^^^^^^^
  File "/usr/local/lib/python3.12/site-packages/django/db/models/base.py", line 1169, in _save_table
    results = self._do_insert(
              ^^^^^^^^^^^^^^^^
  File "/usr/local/lib/python3.12/site-packages/django/db/models/base.py", line 1210, in _do_insert
    return manager._insert(
           ^^^^^^^^^^^^^^^^
  File "/usr/local/lib/python3.12/site-packages/django/db/models/manager.py", line 87, in manager_method
    return getattr(self.get_queryset(), name)(*args, **kwargs)
           ^^^^^^^^^^^^^^^^^^^^^^^^^^^^^^^^^^^^^^^^^^^^^^^^^^^
  File "/usr/local/lib/python3.12/site-packages/django/db/models/query.py", line 1873, in _insert
    return query.get_compiler(using=using).execute_sql(returning_fields)
           ^^^^^^^^^^^^^^^^^^^^^^^^^^^^^^^^^^^^^^^^^^^^^^^^^^^^^^^^^^^^^
  File "/usr/local/lib/python3.12/site-packages/django/db/models/sql/compiler.py", line 1882, in execute_sql
    cursor.execute(sql, params)
  File "/usr/local/lib/python3.12/site-packages/django/db/backends/utils.py", line 122, in execute
    return super().execute(sql, params)
           ^^^^^^^^^^^^^^^^^^^^^^^^^^^^
  File "/usr/local/lib/python3.12/site-packages/django/db/backends/utils.py", line 79, in execute
    return self._execute_with_wrappers(
           ^^^^^^^^^^^^^^^^^^^^^^^^^^^^
  File "/usr/local/lib/python3.12/site-packages/django/db/backends/utils.py", line 92, in _execute_with_wrappers
    return executor(sql, params, many, context)
           ^^^^^^^^^^^^^^^^^^^^^^^^^^^^^^^^^^^^
  File "/usr/local/lib/python3.12/site-packages/django/db/backends/utils.py", line 100, in _execute
    with self.db.wrap_database_errors:
  File "/usr/local/lib/python3.12/site-packages/django/db/utils.py", line 91, in __exit__
    raise dj_exc_value.with_traceback(traceback) from exc_value
  File "/usr/local/lib/python3.12/site-packages/django/db/backends/utils.py", line 105, in _execute
    return self.cursor.execute(sql, params)
           ^^^^^^^^^^^^^^^^^^^^^^^^^^^^^^^^
django.db.utils.ProgrammingError: relation "metrics_metricalert" does not exist
LINE 1: INSERT INTO "metrics_metricalert" ("metric", "threshold", "d...
                    ^

2026-01-20 15:49:17,124 [WARNING] django.request: Not Found: /static/admin/css/base.css (/usr/local/lib/python3.12/site-packages/django/utils/log.py:253)
2026-01-20 15:49:17,133 [WARNING] django.request: Not Found: /static/admin/css/dark_mode.css (/usr/local/lib/python3.12/site-packages/django/utils/log.py:253)
2026-01-20 15:49:17,140 [WARNING] django.request: Not Found: /static/admin/js/theme.js (/usr/local/lib/python3.12/site-packages/django/utils/log.py:253)
2026-01-20 15:49:17,147 [WARNING] django.request: Not Found: /static/admin/css/nav_sidebar.css (/usr/local/lib/python3.12/site-packages/django/utils/log.py:253)
2026-01-20 15:49:17,155 [WARNING] django.request: Not Found: /static/admin/js/nav_sidebar.js (/usr/local/lib/python3.12/site-packages/django/utils/log.py:253)
2026-01-20 15:49:17,162 [WARNING] django.request: Not Found: /static/admin/css/forms.css (/usr/local/lib/python3.12/site-packages/django/utils/log.py:253)
2026-01-20 15:49:17,170 [WARNING] django.request: Not Found: /static/admin/js/vendor/jquery/jquery.js (/usr/local/lib/python3.12/site-packages/django/utils/log.py:253)
2026-01-20 15:49:17,176 [WARNING] django.request: Not Found: /static/admin/js/jquery.init.js (/usr/local/lib/python3.12/site-packages/django/utils/log.py:253)
2026-01-20 15:49:17,183 [WARNING] django.request: Not Found: /static/admin/js/core.js (/usr/local/lib/python3.12/site-packages/django/utils/log.py:253)
2026-01-20 15:49:17,190 [WARNING] django.request: Not Found: /static/admin/js/admin/RelatedObjectLookups.js (/usr/local/lib/python3.12/site-packages/django/utils/log.py:253)
2026-01-20 15:49:17,195 [WARNING] django.request: Not Found: /static/admin/js/actions.js (/usr/local/lib/python3.12/site-packages/django/utils/log.py:253)
2026-01-20 15:49:17,204 [WARNING] django.request: Not Found: /static/admin/js/urlify.js (/usr/local/lib/python3.12/site-packages/django/utils/log.py:253)
2026-01-20 15:49:17,211 [WARNING] django.request: Not Found: /static/admin/js/prepopulate.js (/usr/local/lib/python3.12/site-packages/django/utils/log.py:253)
2026-01-20 15:49:17,219 [WARNING] django.request: Not Found: /static/admin/js/vendor/xregexp/xregexp.js (/usr/local/lib/python3.12/site-packages/django/utils/log.py:253)
2026-01-20 15:49:17,225 [WARNING] django.request: Not Found: /static/admin/css/responsive.css (/usr/local/lib/python3.12/site-packages/django/utils/log.py:253)
2026-01-20 15:49:17,231 [WARNING] django.request: Not Found: /static/admin/js/change_form.js (/usr/local/lib/python3.12/site-packages/django/utils/log.py:253)
2026-01-20 15:49:17,238 [WARNING] django.request: Not Found: /static/admin/js/prepopulate_init.js (/usr/local/lib/python3.12/site-packages/django/utils/log.py:253)
2026-01-20 15:49:27,554 [WARNING] django.request: Not Found: / (/usr/local/lib/python3.12/site-packages/django/utils/log.py:253)
2026-01-20 15:49:28,872 [WARNING] django.request: Not Found: /static/admin/css/base.css (/usr/local/lib/python3.12/site-packages/django/utils/log.py:253)
2026-01-20 15:49:28,882 [WARNING] django.request: Not Found: /static/admin/css/dark_mode.css (/usr/local/lib/python3.12/site-packages/django/utils/log.py:253)
2026-01-20 15:49:28,890 [WARNING] django.request: Not Found: /static/admin/js/theme.js (/usr/local/lib/python3.12/site-packages/django/utils/log.py:253)
2026-01-20 15:49:28,898 [WARNING] django.request: Not Found: /static/admin/css/nav_sidebar.css (/usr/local/lib/python3.12/site-packages/django/utils/log.py:253)
2026-01-20 15:49:28,905 [WARNING] django.request: Not Found: /static/admin/js/nav_sidebar.js (/usr/local/lib/python3.12/site-packages/django/utils/log.py:253)
2026-01-20 15:49:28,912 [WARNING] django.request: Not Found: /static/admin/css/forms.css (/usr/local/lib/python3.12/site-packages/django/utils/log.py:253)
2026-01-20 15:49:28,919 [WARNING] django.request: Not Found: /static/admin/js/vendor/jquery/jquery.js (/usr/local/lib/python3.12/site-packages/django/utils/log.py:253)
2026-01-20 15:49:28,926 [WARNING] django.request: Not Found: /static/admin/js/jquery.init.js (/usr/local/lib/python3.12/site-packages/django/utils/log.py:253)
2026-01-20 15:49:28,934 [WARNING] django.request: Not Found: /static/admin/js/core.js (/usr/local/lib/python3.12/site-packages/django/utils/log.py:253)
2026-01-20 15:49:28,939 [WARNING] django.request: Not Found: /static/admin/js/admin/RelatedObjectLookups.js (/usr/local/lib/python3.12/site-packages/django/utils/log.py:253)
2026-01-20 15:49:28,946 [WARNING] django.request: Not Found: /static/admin/js/actions.js (/usr/local/lib/python3.12/site-packages/django/utils/log.py:253)
2026-01-20 15:49:28,953 [WARNING] django.request: Not Found: /static/admin/js/urlify.js (/usr/local/lib/python3.12/site-packages/django/utils/log.py:253)
2026-01-20 15:49:28,960 [WARNING] django.request: Not Found: /static/admin/js/prepopulate.js (/usr/local/lib/python3.12/site-packages/django/utils/log.py:253)
2026-01-20 15:49:28,967 [WARNING] django.request: Not Found: /static/admin/js/vendor/xregexp/xregexp.js (/usr/local/lib/python3.12/site-packages/django/utils/log.py:253)
2026-01-20 15:49:28,974 [WARNING] django.request: Not Found: /static/admin/css/responsive.css (/usr/local/lib/python3.12/site-packages/django/utils/log.py:253)
2026-01-20 15:49:28,982 [WARNING] django.request: Not Found: /static/admin/js/change_form.js (/usr/local/lib/python3.12/site-packages/django/utils/log.py:253)
2026-01-20 15:49:28,988 [WARNING] django.request: Not Found: /static/admin/js/prepopulate_init.js (/usr/local/lib/python3.12/site-packages/django/utils/log.py:253)
2026-01-20 15:49:35,481 [ERROR] django.request: Internal Server Error: /admin/metrics/alert/ (/usr/local/lib/python3.12/site-packages/django/utils/log.py:253)
Traceback (most recent call last):
  File "/usr/local/lib/python3.12/site-packages/django/db/backends/utils.py", line 105, in _execute
    return self.cursor.execute(sql, params)
           ^^^^^^^^^^^^^^^^^^^^^^^^^^^^^^^^
psycopg2.errors.UndefinedTable: relation "metrics_alert" does not exist
LINE 1: SELECT COUNT(*) AS "__count" FROM "metrics_alert"
                                          ^


The above exception was the direct cause of the following exception:

Traceback (most recent call last):
  File "/usr/local/lib/python3.12/site-packages/django/core/handlers/exception.py", line 55, in inner
    response = get_response(request)
               ^^^^^^^^^^^^^^^^^^^^^
  File "/usr/local/lib/python3.12/site-packages/django/core/handlers/base.py", line 197, in _get_response
    response = wrapped_callback(request, *callback_args, **callback_kwargs)
               ^^^^^^^^^^^^^^^^^^^^^^^^^^^^^^^^^^^^^^^^^^^^^^^^^^^^^^^^^^^^
  File "/usr/local/lib/python3.12/site-packages/django/contrib/admin/options.py", line 719, in wrapper
    return self.admin_site.admin_view(view)(*args, **kwargs)
           ^^^^^^^^^^^^^^^^^^^^^^^^^^^^^^^^^^^^^^^^^^^^^^^^^
  File "/usr/local/lib/python3.12/site-packages/django/utils/decorators.py", line 192, in _view_wrapper
    result = _process_exception(request, e)
             ^^^^^^^^^^^^^^^^^^^^^^^^^^^^^^
  File "/usr/local/lib/python3.12/site-packages/django/utils/decorators.py", line 190, in _view_wrapper
    response = view_func(request, *args, **kwargs)
               ^^^^^^^^^^^^^^^^^^^^^^^^^^^^^^^^^^^
  File "/usr/local/lib/python3.12/site-packages/django/views/decorators/cache.py", line 80, in _view_wrapper
    response = view_func(request, *args, **kwargs)
               ^^^^^^^^^^^^^^^^^^^^^^^^^^^^^^^^^^^
  File "/usr/local/lib/python3.12/site-packages/django/contrib/admin/sites.py", line 246, in inner
    return view(request, *args, **kwargs)
           ^^^^^^^^^^^^^^^^^^^^^^^^^^^^^^
  File "/usr/local/lib/python3.12/site-packages/django/utils/decorators.py", line 48, in _wrapper
    return bound_method(*args, **kwargs)
           ^^^^^^^^^^^^^^^^^^^^^^^^^^^^^
  File "/usr/local/lib/python3.12/site-packages/django/utils/decorators.py", line 192, in _view_wrapper
    result = _process_exception(request, e)
             ^^^^^^^^^^^^^^^^^^^^^^^^^^^^^^
  File "/usr/local/lib/python3.12/site-packages/django/utils/decorators.py", line 190, in _view_wrapper
    response = view_func(request, *args, **kwargs)
               ^^^^^^^^^^^^^^^^^^^^^^^^^^^^^^^^^^^
  File "/usr/local/lib/python3.12/site-packages/django/contrib/admin/options.py", line 2024, in changelist_view
    cl = self.get_changelist_instance(request)
         ^^^^^^^^^^^^^^^^^^^^^^^^^^^^^^^^^^^^^
  File "/usr/local/lib/python3.12/site-packages/django/contrib/admin/options.py", line 867, in get_changelist_instance
    return ChangeList(
           ^^^^^^^^^^^
  File "/usr/local/lib/python3.12/site-packages/django/contrib/admin/views/main.py", line 146, in __init__
    self.get_results(request)
  File "/usr/local/lib/python3.12/site-packages/django/contrib/admin/views/main.py", line 313, in get_results
    result_count = paginator.count
                   ^^^^^^^^^^^^^^^
  File "/usr/local/lib/python3.12/site-packages/django/utils/functional.py", line 47, in __get__
    res = instance.__dict__[self.name] = self.func(instance)
                                         ^^^^^^^^^^^^^^^^^^^
  File "/usr/local/lib/python3.12/site-packages/django/core/paginator.py", line 110, in count
    return c()
           ^^^
  File "/usr/local/lib/python3.12/site-packages/django/db/models/query.py", line 606, in count
    return self.query.get_count(using=self.db)
           ^^^^^^^^^^^^^^^^^^^^^^^^^^^^^^^^^^^
  File "/usr/local/lib/python3.12/site-packages/django/db/models/sql/query.py", line 644, in get_count
    return obj.get_aggregation(using, {"__count": Count("*")})["__count"]
           ^^^^^^^^^^^^^^^^^^^^^^^^^^^^^^^^^^^^^^^^^^^^^^^^^^^
  File "/usr/local/lib/python3.12/site-packages/django/db/models/sql/query.py", line 626, in get_aggregation
    result = compiler.execute_sql(SINGLE)
             ^^^^^^^^^^^^^^^^^^^^^^^^^^^^
  File "/usr/local/lib/python3.12/site-packages/django/db/models/sql/compiler.py", line 1623, in execute_sql
    cursor.execute(sql, params)
  File "/usr/local/lib/python3.12/site-packages/django/db/backends/utils.py", line 122, in execute
    return super().execute(sql, params)
           ^^^^^^^^^^^^^^^^^^^^^^^^^^^^
  File "/usr/local/lib/python3.12/site-packages/django/db/backends/utils.py", line 79, in execute
    return self._execute_with_wrappers(
           ^^^^^^^^^^^^^^^^^^^^^^^^^^^^
  File "/usr/local/lib/python3.12/site-packages/django/db/backends/utils.py", line 92, in _execute_with_wrappers
    return executor(sql, params, many, context)
           ^^^^^^^^^^^^^^^^^^^^^^^^^^^^^^^^^^^^
  File "/usr/local/lib/python3.12/site-packages/django/db/backends/utils.py", line 100, in _execute
    with self.db.wrap_database_errors:
  File "/usr/local/lib/python3.12/site-packages/django/db/utils.py", line 91, in __exit__
    raise dj_exc_value.with_traceback(traceback) from exc_value
  File "/usr/local/lib/python3.12/site-packages/django/db/backends/utils.py", line 105, in _execute
    return self.cursor.execute(sql, params)
           ^^^^^^^^^^^^^^^^^^^^^^^^^^^^^^^^
django.db.utils.ProgrammingError: relation "metrics_alert" does not exist
LINE 1: SELECT COUNT(*) AS "__count" FROM "metrics_alert"
                                          ^

2026-01-20 15:49:36,930 [WARNING] django.request: Not Found: /static/admin/css/base.css (/usr/local/lib/python3.12/site-packages/django/utils/log.py:253)
2026-01-20 15:49:36,939 [WARNING] django.request: Not Found: /static/admin/css/dark_mode.css (/usr/local/lib/python3.12/site-packages/django/utils/log.py:253)
2026-01-20 15:49:36,949 [WARNING] django.request: Not Found: /static/admin/js/theme.js (/usr/local/lib/python3.12/site-packages/django/utils/log.py:253)
2026-01-20 15:49:36,958 [WARNING] django.request: Not Found: /static/admin/css/nav_sidebar.css (/usr/local/lib/python3.12/site-packages/django/utils/log.py:253)
2026-01-20 15:49:36,965 [WARNING] django.request: Not Found: /static/admin/js/nav_sidebar.js (/usr/local/lib/python3.12/site-packages/django/utils/log.py:253)
2026-01-20 15:49:36,972 [WARNING] django.request: Not Found: /static/admin/css/forms.css (/usr/local/lib/python3.12/site-packages/django/utils/log.py:253)
2026-01-20 15:49:36,979 [WARNING] django.request: Not Found: /static/admin/js/vendor/jquery/jquery.js (/usr/local/lib/python3.12/site-packages/django/utils/log.py:253)
2026-01-20 15:49:36,986 [WARNING] django.request: Not Found: /static/admin/js/jquery.init.js (/usr/local/lib/python3.12/site-packages/django/utils/log.py:253)
2026-01-20 15:49:36,994 [WARNING] django.request: Not Found: /static/admin/js/core.js (/usr/local/lib/python3.12/site-packages/django/utils/log.py:253)
2026-01-20 15:49:37,001 [WARNING] django.request: Not Found: /static/admin/js/admin/RelatedObjectLookups.js (/usr/local/lib/python3.12/site-packages/django/utils/log.py:253)
2026-01-20 15:49:37,010 [WARNING] django.request: Not Found: /static/admin/js/actions.js (/usr/local/lib/python3.12/site-packages/django/utils/log.py:253)
2026-01-20 15:49:37,017 [WARNING] django.request: Not Found: /static/admin/js/urlify.js (/usr/local/lib/python3.12/site-packages/django/utils/log.py:253)
2026-01-20 15:49:37,025 [WARNING] django.request: Not Found: /static/admin/js/prepopulate.js (/usr/local/lib/python3.12/site-packages/django/utils/log.py:253)
2026-01-20 15:49:37,032 [WARNING] django.request: Not Found: /static/admin/js/vendor/xregexp/xregexp.js (/usr/local/lib/python3.12/site-packages/django/utils/log.py:253)
2026-01-20 15:49:37,039 [WARNING] django.request: Not Found: /static/admin/css/responsive.css (/usr/local/lib/python3.12/site-packages/django/utils/log.py:253)
2026-01-20 15:49:37,045 [WARNING] django.request: Not Found: /static/admin/js/change_form.js (/usr/local/lib/python3.12/site-packages/django/utils/log.py:253)
2026-01-20 15:49:37,051 [WARNING] django.request: Not Found: /static/admin/js/prepopulate_init.js (/usr/local/lib/python3.12/site-packages/django/utils/log.py:253)
2026-01-20 15:49:40,627 [WARNING] django.request: Not Found: /static/admin/css/base.css (/usr/local/lib/python3.12/site-packages/django/utils/log.py:253)
2026-01-20 15:49:40,637 [WARNING] django.request: Not Found: /static/admin/css/dark_mode.css (/usr/local/lib/python3.12/site-packages/django/utils/log.py:253)
2026-01-20 15:49:40,648 [WARNING] django.request: Not Found: /static/admin/js/theme.js (/usr/local/lib/python3.12/site-packages/django/utils/log.py:253)
2026-01-20 15:49:40,657 [WARNING] django.request: Not Found: /static/admin/css/nav_sidebar.css (/usr/local/lib/python3.12/site-packages/django/utils/log.py:253)
2026-01-20 15:49:40,663 [WARNING] django.request: Not Found: /static/admin/js/nav_sidebar.js (/usr/local/lib/python3.12/site-packages/django/utils/log.py:253)
2026-01-20 15:49:40,671 [WARNING] django.request: Not Found: /static/admin/css/dashboard.css (/usr/local/lib/python3.12/site-packages/django/utils/log.py:253)
2026-01-20 15:49:40,678 [WARNING] django.request: Not Found: /static/admin/css/responsive.css (/usr/local/lib/python3.12/site-packages/django/utils/log.py:253)
2026-01-20 15:49:45,975 [ERROR] django.request: Internal Server Error: /admin/metrics/metricalert/ (/usr/local/lib/python3.12/site-packages/django/utils/log.py:253)
Traceback (most recent call last):
  File "/usr/local/lib/python3.12/site-packages/django/db/backends/utils.py", line 105, in _execute
    return self.cursor.execute(sql, params)
           ^^^^^^^^^^^^^^^^^^^^^^^^^^^^^^^^
psycopg2.errors.UndefinedTable: relation "metrics_metricalert" does not exist
LINE 1: SELECT COUNT(*) AS "__count" FROM "metrics_metricalert"
                                          ^


The above exception was the direct cause of the following exception:

Traceback (most recent call last):
  File "/usr/local/lib/python3.12/site-packages/django/core/handlers/exception.py", line 55, in inner
    response = get_response(request)
               ^^^^^^^^^^^^^^^^^^^^^
  File "/usr/local/lib/python3.12/site-packages/django/core/handlers/base.py", line 197, in _get_response
    response = wrapped_callback(request, *callback_args, **callback_kwargs)
               ^^^^^^^^^^^^^^^^^^^^^^^^^^^^^^^^^^^^^^^^^^^^^^^^^^^^^^^^^^^^
  File "/usr/local/lib/python3.12/site-packages/django/contrib/admin/options.py", line 719, in wrapper
    return self.admin_site.admin_view(view)(*args, **kwargs)
           ^^^^^^^^^^^^^^^^^^^^^^^^^^^^^^^^^^^^^^^^^^^^^^^^^
  File "/usr/local/lib/python3.12/site-packages/django/utils/decorators.py", line 192, in _view_wrapper
    result = _process_exception(request, e)
             ^^^^^^^^^^^^^^^^^^^^^^^^^^^^^^
  File "/usr/local/lib/python3.12/site-packages/django/utils/decorators.py", line 190, in _view_wrapper
    response = view_func(request, *args, **kwargs)
               ^^^^^^^^^^^^^^^^^^^^^^^^^^^^^^^^^^^
  File "/usr/local/lib/python3.12/site-packages/django/views/decorators/cache.py", line 80, in _view_wrapper
    response = view_func(request, *args, **kwargs)
               ^^^^^^^^^^^^^^^^^^^^^^^^^^^^^^^^^^^
  File "/usr/local/lib/python3.12/site-packages/django/contrib/admin/sites.py", line 246, in inner
    return view(request, *args, **kwargs)
           ^^^^^^^^^^^^^^^^^^^^^^^^^^^^^^
  File "/usr/local/lib/python3.12/site-packages/django/utils/decorators.py", line 48, in _wrapper
    return bound_method(*args, **kwargs)
           ^^^^^^^^^^^^^^^^^^^^^^^^^^^^^
  File "/usr/local/lib/python3.12/site-packages/django/utils/decorators.py", line 192, in _view_wrapper
    result = _process_exception(request, e)
             ^^^^^^^^^^^^^^^^^^^^^^^^^^^^^^
  File "/usr/local/lib/python3.12/site-packages/django/utils/decorators.py", line 190, in _view_wrapper
    response = view_func(request, *args, **kwargs)
               ^^^^^^^^^^^^^^^^^^^^^^^^^^^^^^^^^^^
  File "/usr/local/lib/python3.12/site-packages/django/contrib/admin/options.py", line 2024, in changelist_view
    cl = self.get_changelist_instance(request)
         ^^^^^^^^^^^^^^^^^^^^^^^^^^^^^^^^^^^^^
  File "/usr/local/lib/python3.12/site-packages/django/contrib/admin/options.py", line 867, in get_changelist_instance
    return ChangeList(
           ^^^^^^^^^^^
  File "/usr/local/lib/python3.12/site-packages/django/contrib/admin/views/main.py", line 146, in __init__
    self.get_results(request)
  File "/usr/local/lib/python3.12/site-packages/django/contrib/admin/views/main.py", line 313, in get_results
    result_count = paginator.count
                   ^^^^^^^^^^^^^^^
  File "/usr/local/lib/python3.12/site-packages/django/utils/functional.py", line 47, in __get__
    res = instance.__dict__[self.name] = self.func(instance)
                                         ^^^^^^^^^^^^^^^^^^^
  File "/usr/local/lib/python3.12/site-packages/django/core/paginator.py", line 110, in count
    return c()
           ^^^
  File "/usr/local/lib/python3.12/site-packages/django/db/models/query.py", line 606, in count
    return self.query.get_count(using=self.db)
           ^^^^^^^^^^^^^^^^^^^^^^^^^^^^^^^^^^^
  File "/usr/local/lib/python3.12/site-packages/django/db/models/sql/query.py", line 644, in get_count
    return obj.get_aggregation(using, {"__count": Count("*")})["__count"]
           ^^^^^^^^^^^^^^^^^^^^^^^^^^^^^^^^^^^^^^^^^^^^^^^^^^^
  File "/usr/local/lib/python3.12/site-packages/django/db/models/sql/query.py", line 626, in get_aggregation
    result = compiler.execute_sql(SINGLE)
             ^^^^^^^^^^^^^^^^^^^^^^^^^^^^
  File "/usr/local/lib/python3.12/site-packages/django/db/models/sql/compiler.py", line 1623, in execute_sql
    cursor.execute(sql, params)
  File "/usr/local/lib/python3.12/site-packages/django/db/backends/utils.py", line 122, in execute
    return super().execute(sql, params)
           ^^^^^^^^^^^^^^^^^^^^^^^^^^^^
  File "/usr/local/lib/python3.12/site-packages/django/db/backends/utils.py", line 79, in execute
    return self._execute_with_wrappers(
           ^^^^^^^^^^^^^^^^^^^^^^^^^^^^
  File "/usr/local/lib/python3.12/site-packages/django/db/backends/utils.py", line 92, in _execute_with_wrappers
    return executor(sql, params, many, context)
           ^^^^^^^^^^^^^^^^^^^^^^^^^^^^^^^^^^^^
  File "/usr/local/lib/python3.12/site-packages/django/db/backends/utils.py", line 100, in _execute
    with self.db.wrap_database_errors:
  File "/usr/local/lib/python3.12/site-packages/django/db/utils.py", line 91, in __exit__
    raise dj_exc_value.with_traceback(traceback) from exc_value
  File "/usr/local/lib/python3.12/site-packages/django/db/backends/utils.py", line 105, in _execute
    return self.cursor.execute(sql, params)
           ^^^^^^^^^^^^^^^^^^^^^^^^^^^^^^^^
django.db.utils.ProgrammingError: relation "metrics_metricalert" does not exist
LINE 1: SELECT COUNT(*) AS "__count" FROM "metrics_metricalert"
                                          ^

2026-01-20 15:49:47,685 [WARNING] django.request: Not Found: /static/admin/css/base.css (/usr/local/lib/python3.12/site-packages/django/utils/log.py:253)
2026-01-20 15:49:47,696 [WARNING] django.request: Not Found: /static/admin/css/dark_mode.css (/usr/local/lib/python3.12/site-packages/django/utils/log.py:253)
2026-01-20 15:49:47,703 [WARNING] django.request: Not Found: /static/admin/js/theme.js (/usr/local/lib/python3.12/site-packages/django/utils/log.py:253)
2026-01-20 15:49:47,712 [WARNING] django.request: Not Found: /static/admin/css/nav_sidebar.css (/usr/local/lib/python3.12/site-packages/django/utils/log.py:253)
2026-01-20 15:49:47,718 [WARNING] django.request: Not Found: /static/admin/js/nav_sidebar.js (/usr/local/lib/python3.12/site-packages/django/utils/log.py:253)
2026-01-20 15:49:47,729 [WARNING] django.request: Not Found: /static/admin/css/dashboard.css (/usr/local/lib/python3.12/site-packages/django/utils/log.py:253)
2026-01-20 15:49:47,736 [WARNING] django.request: Not Found: /static/admin/css/responsive.css (/usr/local/lib/python3.12/site-packages/django/utils/log.py:253)
2026-01-20 15:49:48,808 [ERROR] django.request: Internal Server Error: /admin/metrics/alert/ (/usr/local/lib/python3.12/site-packages/django/utils/log.py:253)
Traceback (most recent call last):
  File "/usr/local/lib/python3.12/site-packages/django/db/backends/utils.py", line 105, in _execute
    return self.cursor.execute(sql, params)
           ^^^^^^^^^^^^^^^^^^^^^^^^^^^^^^^^
psycopg2.errors.UndefinedTable: relation "metrics_alert" does not exist
LINE 1: SELECT COUNT(*) AS "__count" FROM "metrics_alert"
                                          ^


The above exception was the direct cause of the following exception:

Traceback (most recent call last):
  File "/usr/local/lib/python3.12/site-packages/django/core/handlers/exception.py", line 55, in inner
    response = get_response(request)
               ^^^^^^^^^^^^^^^^^^^^^
  File "/usr/local/lib/python3.12/site-packages/django/core/handlers/base.py", line 197, in _get_response
    response = wrapped_callback(request, *callback_args, **callback_kwargs)
               ^^^^^^^^^^^^^^^^^^^^^^^^^^^^^^^^^^^^^^^^^^^^^^^^^^^^^^^^^^^^
  File "/usr/local/lib/python3.12/site-packages/django/contrib/admin/options.py", line 719, in wrapper
    return self.admin_site.admin_view(view)(*args, **kwargs)
           ^^^^^^^^^^^^^^^^^^^^^^^^^^^^^^^^^^^^^^^^^^^^^^^^^
  File "/usr/local/lib/python3.12/site-packages/django/utils/decorators.py", line 192, in _view_wrapper
    result = _process_exception(request, e)
             ^^^^^^^^^^^^^^^^^^^^^^^^^^^^^^
  File "/usr/local/lib/python3.12/site-packages/django/utils/decorators.py", line 190, in _view_wrapper
    response = view_func(request, *args, **kwargs)
               ^^^^^^^^^^^^^^^^^^^^^^^^^^^^^^^^^^^
  File "/usr/local/lib/python3.12/site-packages/django/views/decorators/cache.py", line 80, in _view_wrapper
    response = view_func(request, *args, **kwargs)
               ^^^^^^^^^^^^^^^^^^^^^^^^^^^^^^^^^^^
  File "/usr/local/lib/python3.12/site-packages/django/contrib/admin/sites.py", line 246, in inner
    return view(request, *args, **kwargs)
           ^^^^^^^^^^^^^^^^^^^^^^^^^^^^^^
  File "/usr/local/lib/python3.12/site-packages/django/utils/decorators.py", line 48, in _wrapper
    return bound_method(*args, **kwargs)
           ^^^^^^^^^^^^^^^^^^^^^^^^^^^^^
  File "/usr/local/lib/python3.12/site-packages/django/utils/decorators.py", line 192, in _view_wrapper
    result = _process_exception(request, e)
             ^^^^^^^^^^^^^^^^^^^^^^^^^^^^^^
  File "/usr/local/lib/python3.12/site-packages/django/utils/decorators.py", line 190, in _view_wrapper
    response = view_func(request, *args, **kwargs)
               ^^^^^^^^^^^^^^^^^^^^^^^^^^^^^^^^^^^
  File "/usr/local/lib/python3.12/site-packages/django/contrib/admin/options.py", line 2024, in changelist_view
    cl = self.get_changelist_instance(request)
         ^^^^^^^^^^^^^^^^^^^^^^^^^^^^^^^^^^^^^
  File "/usr/local/lib/python3.12/site-packages/django/contrib/admin/options.py", line 867, in get_changelist_instance
    return ChangeList(
           ^^^^^^^^^^^
  File "/usr/local/lib/python3.12/site-packages/django/contrib/admin/views/main.py", line 146, in __init__
    self.get_results(request)
  File "/usr/local/lib/python3.12/site-packages/django/contrib/admin/views/main.py", line 313, in get_results
    result_count = paginator.count
                   ^^^^^^^^^^^^^^^
  File "/usr/local/lib/python3.12/site-packages/django/utils/functional.py", line 47, in __get__
    res = instance.__dict__[self.name] = self.func(instance)
                                         ^^^^^^^^^^^^^^^^^^^
  File "/usr/local/lib/python3.12/site-packages/django/core/paginator.py", line 110, in count
    return c()
           ^^^
  File "/usr/local/lib/python3.12/site-packages/django/db/models/query.py", line 606, in count
    return self.query.get_count(using=self.db)
           ^^^^^^^^^^^^^^^^^^^^^^^^^^^^^^^^^^^
  File "/usr/local/lib/python3.12/site-packages/django/db/models/sql/query.py", line 644, in get_count
    return obj.get_aggregation(using, {"__count": Count("*")})["__count"]
           ^^^^^^^^^^^^^^^^^^^^^^^^^^^^^^^^^^^^^^^^^^^^^^^^^^^
  File "/usr/local/lib/python3.12/site-packages/django/db/models/sql/query.py", line 626, in get_aggregation
    result = compiler.execute_sql(SINGLE)
             ^^^^^^^^^^^^^^^^^^^^^^^^^^^^
  File "/usr/local/lib/python3.12/site-packages/django/db/models/sql/compiler.py", line 1623, in execute_sql
    cursor.execute(sql, params)
  File "/usr/local/lib/python3.12/site-packages/django/db/backends/utils.py", line 122, in execute
    return super().execute(sql, params)
           ^^^^^^^^^^^^^^^^^^^^^^^^^^^^
  File "/usr/local/lib/python3.12/site-packages/django/db/backends/utils.py", line 79, in execute
    return self._execute_with_wrappers(
           ^^^^^^^^^^^^^^^^^^^^^^^^^^^^
  File "/usr/local/lib/python3.12/site-packages/django/db/backends/utils.py", line 92, in _execute_with_wrappers
    return executor(sql, params, many, context)
           ^^^^^^^^^^^^^^^^^^^^^^^^^^^^^^^^^^^^
  File "/usr/local/lib/python3.12/site-packages/django/db/backends/utils.py", line 100, in _execute
    with self.db.wrap_database_errors:
  File "/usr/local/lib/python3.12/site-packages/django/db/utils.py", line 91, in __exit__
    raise dj_exc_value.with_traceback(traceback) from exc_value
  File "/usr/local/lib/python3.12/site-packages/django/db/backends/utils.py", line 105, in _execute
    return self.cursor.execute(sql, params)
           ^^^^^^^^^^^^^^^^^^^^^^^^^^^^^^^^
django.db.utils.ProgrammingError: relation "metrics_alert" does not exist
LINE 1: SELECT COUNT(*) AS "__count" FROM "metrics_alert"
                                          ^

2026-01-20 15:49:49,972 [WARNING] django.request: Not Found: /static/admin/css/base.css (/usr/local/lib/python3.12/site-packages/django/utils/log.py:253)
2026-01-20 15:49:49,982 [WARNING] django.request: Not Found: /static/admin/css/dark_mode.css (/usr/local/lib/python3.12/site-packages/django/utils/log.py:253)
2026-01-20 15:49:49,989 [WARNING] django.request: Not Found: /static/admin/js/theme.js (/usr/local/lib/python3.12/site-packages/django/utils/log.py:253)
2026-01-20 15:49:49,996 [WARNING] django.request: Not Found: /static/admin/css/nav_sidebar.css (/usr/local/lib/python3.12/site-packages/django/utils/log.py:253)
2026-01-20 15:49:50,004 [WARNING] django.request: Not Found: /static/admin/js/nav_sidebar.js (/usr/local/lib/python3.12/site-packages/django/utils/log.py:253)
2026-01-20 15:49:50,011 [WARNING] django.request: Not Found: /static/admin/css/dashboard.css (/usr/local/lib/python3.12/site-packages/django/utils/log.py:253)
2026-01-20 15:49:50,017 [WARNING] django.request: Not Found: /static/admin/css/responsive.css (/usr/local/lib/python3.12/site-packages/django/utils/log.py:253)
2026-01-20 15:49:51,782 [WARNING] django.request: Not Found: /static/admin/css/base.css (/usr/local/lib/python3.12/site-packages/django/utils/log.py:253)
2026-01-20 15:49:51,792 [WARNING] django.request: Not Found: /static/admin/css/dark_mode.css (/usr/local/lib/python3.12/site-packages/django/utils/log.py:253)
2026-01-20 15:49:51,801 [WARNING] django.request: Not Found: /static/admin/js/theme.js (/usr/local/lib/python3.12/site-packages/django/utils/log.py:253)
2026-01-20 15:49:51,808 [WARNING] django.request: Not Found: /static/admin/css/nav_sidebar.css (/usr/local/lib/python3.12/site-packages/django/utils/log.py:253)
2026-01-20 15:49:51,814 [WARNING] django.request: Not Found: /static/admin/js/nav_sidebar.js (/usr/local/lib/python3.12/site-packages/django/utils/log.py:253)
2026-01-20 15:49:51,820 [WARNING] django.request: Not Found: /static/admin/css/forms.css (/usr/local/lib/python3.12/site-packages/django/utils/log.py:253)
2026-01-20 15:49:51,842 [WARNING] django.request: Not Found: /static/admin/js/vendor/jquery/jquery.js (/usr/local/lib/python3.12/site-packages/django/utils/log.py:253)
2026-01-20 15:49:51,848 [WARNING] django.request: Not Found: /static/admin/js/jquery.init.js (/usr/local/lib/python3.12/site-packages/django/utils/log.py:253)
2026-01-20 15:49:51,856 [WARNING] django.request: Not Found: /static/admin/js/core.js (/usr/local/lib/python3.12/site-packages/django/utils/log.py:253)
2026-01-20 15:49:51,865 [WARNING] django.request: Not Found: /static/admin/js/inlines.js (/usr/local/lib/python3.12/site-packages/django/utils/log.py:253)
2026-01-20 15:49:51,873 [WARNING] django.request: Not Found: /static/admin/js/admin/RelatedObjectLookups.js (/usr/local/lib/python3.12/site-packages/django/utils/log.py:253)
2026-01-20 15:49:51,880 [WARNING] django.request: Not Found: /static/admin/js/actions.js (/usr/local/lib/python3.12/site-packages/django/utils/log.py:253)
2026-01-20 15:49:51,888 [WARNING] django.request: Not Found: /static/admin/js/urlify.js (/usr/local/lib/python3.12/site-packages/django/utils/log.py:253)
2026-01-20 15:49:51,895 [WARNING] django.request: Not Found: /static/admin/js/prepopulate.js (/usr/local/lib/python3.12/site-packages/django/utils/log.py:253)
2026-01-20 15:49:51,903 [WARNING] django.request: Not Found: /static/admin/js/vendor/xregexp/xregexp.js (/usr/local/lib/python3.12/site-packages/django/utils/log.py:253)
2026-01-20 15:49:51,912 [WARNING] django.request: Not Found: /static/admin/css/responsive.css (/usr/local/lib/python3.12/site-packages/django/utils/log.py:253)
2026-01-20 15:49:51,921 [WARNING] django.request: Not Found: /static/admin/js/change_form.js (/usr/local/lib/python3.12/site-packages/django/utils/log.py:253)
2026-01-20 15:49:51,927 [WARNING] django.request: Not Found: /static/admin/js/prepopulate_init.js (/usr/local/lib/python3.12/site-packages/django/utils/log.py:253)
2026-01-20 15:50:12,270 [ERROR] django.request: Internal Server Error: /admin/metrics/alertcondition/add/ (/usr/local/lib/python3.12/site-packages/django/utils/log.py:253)
Traceback (most recent call last):
  File "/usr/local/lib/python3.12/site-packages/django/db/backends/utils.py", line 105, in _execute
    return self.cursor.execute(sql, params)
           ^^^^^^^^^^^^^^^^^^^^^^^^^^^^^^^^
psycopg2.errors.UndefinedTable: relation "metrics_alert" does not exist
LINE 1: ...alert"."duration", "metrics_alert"."enabled" FROM "metrics_a...
                                                             ^


The above exception was the direct cause of the following exception:

Traceback (most recent call last):
  File "/usr/local/lib/python3.12/site-packages/django/db/models/sql/compiler.py", line 1623, in execute_sql
    cursor.execute(sql, params)
  File "/usr/local/lib/python3.12/site-packages/django/db/backends/utils.py", line 122, in execute
    return super().execute(sql, params)
           ^^^^^^^^^^^^^^^^^^^^^^^^^^^^
  File "/usr/local/lib/python3.12/site-packages/django/db/backends/utils.py", line 79, in execute
    return self._execute_with_wrappers(
           ^^^^^^^^^^^^^^^^^^^^^^^^^^^^
  File "/usr/local/lib/python3.12/site-packages/django/db/backends/utils.py", line 92, in _execute_with_wrappers
    return executor(sql, params, many, context)
           ^^^^^^^^^^^^^^^^^^^^^^^^^^^^^^^^^^^^
  File "/usr/local/lib/python3.12/site-packages/django/db/backends/utils.py", line 100, in _execute
    with self.db.wrap_database_errors:
  File "/usr/local/lib/python3.12/site-packages/django/db/utils.py", line 91, in __exit__
    raise dj_exc_value.with_traceback(traceback) from exc_value
  File "/usr/local/lib/python3.12/site-packages/django/db/backends/utils.py", line 105, in _execute
    return self.cursor.execute(sql, params)
           ^^^^^^^^^^^^^^^^^^^^^^^^^^^^^^^^
django.db.utils.ProgrammingError: relation "metrics_alert" does not exist
LINE 1: ...alert"."duration", "metrics_alert"."enabled" FROM "metrics_a...
                                                             ^


During handling of the above exception, another exception occurred:

Traceback (most recent call last):
  File "/usr/local/lib/python3.12/site-packages/django/core/handlers/exception.py", line 55, in inner
    response = get_response(request)
               ^^^^^^^^^^^^^^^^^^^^^
  File "/usr/local/lib/python3.12/site-packages/django/core/handlers/base.py", line 220, in _get_response
    response = response.render()
               ^^^^^^^^^^^^^^^^^
  File "/usr/local/lib/python3.12/site-packages/django/template/response.py", line 114, in render
    self.content = self.rendered_content
                   ^^^^^^^^^^^^^^^^^^^^^
  File "/usr/local/lib/python3.12/site-packages/django/template/response.py", line 92, in rendered_content
    return template.render(context, self._request)
           ^^^^^^^^^^^^^^^^^^^^^^^^^^^^^^^^^^^^^^^
  File "/usr/local/lib/python3.12/site-packages/django/template/backends/django.py", line 107, in render
    return self.template.render(context)
           ^^^^^^^^^^^^^^^^^^^^^^^^^^^^^
  File "/usr/local/lib/python3.12/site-packages/django/template/base.py", line 172, in render
    return self._render(context)
           ^^^^^^^^^^^^^^^^^^^^^
  File "/usr/local/lib/python3.12/site-packages/django/template/base.py", line 164, in _render
    return self.nodelist.render(context)
           ^^^^^^^^^^^^^^^^^^^^^^^^^^^^^
  File "/usr/local/lib/python3.12/site-packages/django/template/base.py", line 1018, in render
    return SafeString("".join([node.render_annotated(context) for node in self]))
                               ^^^^^^^^^^^^^^^^^^^^^^^^^^^^^^
  File "/usr/local/lib/python3.12/site-packages/django/template/base.py", line 979, in render_annotated
    return self.render(context)
           ^^^^^^^^^^^^^^^^^^^^
  File "/usr/local/lib/python3.12/site-packages/django/template/loader_tags.py", line 159, in render
    return compiled_parent._render(context)
           ^^^^^^^^^^^^^^^^^^^^^^^^^^^^^^^^
  File "/usr/local/lib/python3.12/site-packages/django/template/base.py", line 164, in _render
    return self.nodelist.render(context)
           ^^^^^^^^^^^^^^^^^^^^^^^^^^^^^
  File "/usr/local/lib/python3.12/site-packages/django/template/base.py", line 1018, in render
    return SafeString("".join([node.render_annotated(context) for node in self]))
                               ^^^^^^^^^^^^^^^^^^^^^^^^^^^^^^
  File "/usr/local/lib/python3.12/site-packages/django/template/base.py", line 979, in render_annotated
    return self.render(context)
           ^^^^^^^^^^^^^^^^^^^^
  File "/usr/local/lib/python3.12/site-packages/django/template/loader_tags.py", line 159, in render
    return compiled_parent._render(context)
           ^^^^^^^^^^^^^^^^^^^^^^^^^^^^^^^^
  File "/usr/local/lib/python3.12/site-packages/django/template/base.py", line 164, in _render
    return self.nodelist.render(context)
           ^^^^^^^^^^^^^^^^^^^^^^^^^^^^^
  File "/usr/local/lib/python3.12/site-packages/django/template/base.py", line 1018, in render
    return SafeString("".join([node.render_annotated(context) for node in self]))
                               ^^^^^^^^^^^^^^^^^^^^^^^^^^^^^^
  File "/usr/local/lib/python3.12/site-packages/django/template/base.py", line 979, in render_annotated
    return self.render(context)
           ^^^^^^^^^^^^^^^^^^^^
  File "/usr/local/lib/python3.12/site-packages/django/template/loader_tags.py", line 65, in render
    result = block.nodelist.render(context)
             ^^^^^^^^^^^^^^^^^^^^^^^^^^^^^^
  File "/usr/local/lib/python3.12/site-packages/django/template/base.py", line 1018, in render
    return SafeString("".join([node.render_annotated(context) for node in self]))
                               ^^^^^^^^^^^^^^^^^^^^^^^^^^^^^^
  File "/usr/local/lib/python3.12/site-packages/django/template/base.py", line 979, in render_annotated
    return self.render(context)
           ^^^^^^^^^^^^^^^^^^^^
  File "/usr/local/lib/python3.12/site-packages/django/template/loader_tags.py", line 65, in render
    result = block.nodelist.render(context)
             ^^^^^^^^^^^^^^^^^^^^^^^^^^^^^^
  File "/usr/local/lib/python3.12/site-packages/django/template/base.py", line 1018, in render
    return SafeString("".join([node.render_annotated(context) for node in self]))
                               ^^^^^^^^^^^^^^^^^^^^^^^^^^^^^^
  File "/usr/local/lib/python3.12/site-packages/django/template/base.py", line 979, in render_annotated
    return self.render(context)
           ^^^^^^^^^^^^^^^^^^^^
  File "/usr/local/lib/python3.12/site-packages/django/template/defaulttags.py", line 243, in render
    nodelist.append(node.render_annotated(context))
                    ^^^^^^^^^^^^^^^^^^^^^^^^^^^^^^
  File "/usr/local/lib/python3.12/site-packages/django/template/base.py", line 979, in render_annotated
    return self.render(context)
           ^^^^^^^^^^^^^^^^^^^^
  File "/usr/local/lib/python3.12/site-packages/django/template/loader_tags.py", line 210, in render
    return template.render(context)
           ^^^^^^^^^^^^^^^^^^^^^^^^
  File "/usr/local/lib/python3.12/site-packages/django/template/base.py", line 174, in render
    return self._render(context)
           ^^^^^^^^^^^^^^^^^^^^^
  File "/usr/local/lib/python3.12/site-packages/django/template/base.py", line 164, in _render
    return self.nodelist.render(context)
           ^^^^^^^^^^^^^^^^^^^^^^^^^^^^^
  File "/usr/local/lib/python3.12/site-packages/django/template/base.py", line 1018, in render
    return SafeString("".join([node.render_annotated(context) for node in self]))
                               ^^^^^^^^^^^^^^^^^^^^^^^^^^^^^^
  File "/usr/local/lib/python3.12/site-packages/django/template/base.py", line 979, in render_annotated
    return self.render(context)
           ^^^^^^^^^^^^^^^^^^^^
  File "/usr/local/lib/python3.12/site-packages/django/template/defaulttags.py", line 243, in render
    nodelist.append(node.render_annotated(context))
                    ^^^^^^^^^^^^^^^^^^^^^^^^^^^^^^
  File "/usr/local/lib/python3.12/site-packages/django/template/base.py", line 979, in render_annotated
    return self.render(context)
           ^^^^^^^^^^^^^^^^^^^^
  File "/usr/local/lib/python3.12/site-packages/django/template/defaulttags.py", line 243, in render
    nodelist.append(node.render_annotated(context))
                    ^^^^^^^^^^^^^^^^^^^^^^^^^^^^^^
  File "/usr/local/lib/python3.12/site-packages/django/template/base.py", line 979, in render_annotated
    return self.render(context)
           ^^^^^^^^^^^^^^^^^^^^
  File "/usr/local/lib/python3.12/site-packages/django/template/defaulttags.py", line 327, in render
    return nodelist.render(context)
           ^^^^^^^^^^^^^^^^^^^^^^^^
  File "/usr/local/lib/python3.12/site-packages/django/template/base.py", line 1018, in render
    return SafeString("".join([node.render_annotated(context) for node in self]))
                               ^^^^^^^^^^^^^^^^^^^^^^^^^^^^^^
  File "/usr/local/lib/python3.12/site-packages/django/template/base.py", line 979, in render_annotated
    return self.render(context)
           ^^^^^^^^^^^^^^^^^^^^
  File "/usr/local/lib/python3.12/site-packages/django/template/defaulttags.py", line 327, in render
    return nodelist.render(context)
           ^^^^^^^^^^^^^^^^^^^^^^^^
  File "/usr/local/lib/python3.12/site-packages/django/template/base.py", line 1018, in render
    return SafeString("".join([node.render_annotated(context) for node in self]))
                               ^^^^^^^^^^^^^^^^^^^^^^^^^^^^^^
  File "/usr/local/lib/python3.12/site-packages/django/template/base.py", line 979, in render_annotated
    return self.render(context)
           ^^^^^^^^^^^^^^^^^^^^
  File "/usr/local/lib/python3.12/site-packages/django/template/base.py", line 1083, in render
    return render_value_in_context(output, context)
           ^^^^^^^^^^^^^^^^^^^^^^^^^^^^^^^^^^^^^^^^
  File "/usr/local/lib/python3.12/site-packages/django/template/base.py", line 1060, in render_value_in_context
    value = str(value)
            ^^^^^^^^^^
  File "/usr/local/lib/python3.12/site-packages/django/forms/utils.py", line 79, in __str__
    return self.as_widget()
           ^^^^^^^^^^^^^^^^
  File "/usr/local/lib/python3.12/site-packages/django/forms/boundfield.py", line 108, in as_widget
    return widget.render(
           ^^^^^^^^^^^^^^
  File "/usr/local/lib/python3.12/site-packages/django/forms/widgets.py", line 329, in render
    context = self.get_context(name, value, attrs)
              ^^^^^^^^^^^^^^^^^^^^^^^^^^^^^^^^^^^^
  File "/usr/local/lib/python3.12/site-packages/django/contrib/admin/widgets.py", line 329, in get_context
    "rendered_widget": self.widget.render(name, value, attrs),
                       ^^^^^^^^^^^^^^^^^^^^^^^^^^^^^^^^^^^^^^
  File "/usr/local/lib/python3.12/site-packages/django/forms/widgets.py", line 329, in render
    context = self.get_context(name, value, attrs)
              ^^^^^^^^^^^^^^^^^^^^^^^^^^^^^^^^^^^^
  File "/usr/local/lib/python3.12/site-packages/django/forms/widgets.py", line 830, in get_context
    context = super().get_context(name, value, attrs)
              ^^^^^^^^^^^^^^^^^^^^^^^^^^^^^^^^^^^^^^^
  File "/usr/local/lib/python3.12/site-packages/django/forms/widgets.py", line 781, in get_context
    context["widget"]["optgroups"] = self.optgroups(
                                     ^^^^^^^^^^^^^^^
  File "/usr/local/lib/python3.12/site-packages/django/forms/widgets.py", line 721, in optgroups
    for index, (option_value, option_label) in enumerate(self.choices):
  File "/usr/local/lib/python3.12/site-packages/django/forms/models.py", line 1424, in __iter__
    for obj in queryset:
  File "/usr/local/lib/python3.12/site-packages/django/db/models/query.py", line 504, in _iterator
    yield from iterable
  File "/usr/local/lib/python3.12/site-packages/django/db/models/query.py", line 93, in __iter__
    results = compiler.execute_sql(
              ^^^^^^^^^^^^^^^^^^^^^
  File "/usr/local/lib/python3.12/site-packages/django/db/models/sql/compiler.py", line 1626, in execute_sql
    cursor.close()
psycopg2.errors.InvalidCursorName: cursor "_django_curs_135776414174080_sync_3" does not exist

2026-01-20 15:50:13,893 [WARNING] django.request: Not Found: /static/admin/css/base.css (/usr/local/lib/python3.12/site-packages/django/utils/log.py:253)
2026-01-20 15:50:13,905 [WARNING] django.request: Not Found: /static/admin/css/dark_mode.css (/usr/local/lib/python3.12/site-packages/django/utils/log.py:253)
2026-01-20 15:50:13,915 [WARNING] django.request: Not Found: /static/admin/js/theme.js (/usr/local/lib/python3.12/site-packages/django/utils/log.py:253)
2026-01-20 15:50:13,921 [WARNING] django.request: Not Found: /static/admin/css/nav_sidebar.css (/usr/local/lib/python3.12/site-packages/django/utils/log.py:253)
2026-01-20 15:50:13,929 [WARNING] django.request: Not Found: /static/admin/js/nav_sidebar.js (/usr/local/lib/python3.12/site-packages/django/utils/log.py:253)
2026-01-20 15:50:13,936 [WARNING] django.request: Not Found: /static/admin/css/forms.css (/usr/local/lib/python3.12/site-packages/django/utils/log.py:253)
2026-01-20 15:50:13,943 [WARNING] django.request: Not Found: /static/admin/js/vendor/jquery/jquery.js (/usr/local/lib/python3.12/site-packages/django/utils/log.py:253)
2026-01-20 15:50:13,949 [WARNING] django.request: Not Found: /static/admin/js/jquery.init.js (/usr/local/lib/python3.12/site-packages/django/utils/log.py:253)
2026-01-20 15:50:13,956 [WARNING] django.request: Not Found: /static/admin/js/core.js (/usr/local/lib/python3.12/site-packages/django/utils/log.py:253)
2026-01-20 15:50:13,963 [WARNING] django.request: Not Found: /static/admin/js/inlines.js (/usr/local/lib/python3.12/site-packages/django/utils/log.py:253)
2026-01-20 15:50:13,971 [WARNING] django.request: Not Found: /static/admin/js/admin/RelatedObjectLookups.js (/usr/local/lib/python3.12/site-packages/django/utils/log.py:253)
2026-01-20 15:50:13,979 [WARNING] django.request: Not Found: /static/admin/js/actions.js (/usr/local/lib/python3.12/site-packages/django/utils/log.py:253)
2026-01-20 15:50:13,986 [WARNING] django.request: Not Found: /static/admin/js/urlify.js (/usr/local/lib/python3.12/site-packages/django/utils/log.py:253)
2026-01-20 15:50:13,993 [WARNING] django.request: Not Found: /static/admin/js/prepopulate.js (/usr/local/lib/python3.12/site-packages/django/utils/log.py:253)
2026-01-20 15:50:14,001 [WARNING] django.request: Not Found: /static/admin/js/vendor/xregexp/xregexp.js (/usr/local/lib/python3.12/site-packages/django/utils/log.py:253)
2026-01-20 15:50:14,009 [WARNING] django.request: Not Found: /static/admin/css/responsive.css (/usr/local/lib/python3.12/site-packages/django/utils/log.py:253)
2026-01-20 15:50:14,016 [WARNING] django.request: Not Found: /static/admin/js/change_form.js (/usr/local/lib/python3.12/site-packages/django/utils/log.py:253)
2026-01-20 15:50:14,022 [WARNING] django.request: Not Found: /static/admin/js/prepopulate_init.js (/usr/local/lib/python3.12/site-packages/django/utils/log.py:253)
2026-01-20 15:50:16,168 [WARNING] django.request: Not Found: /static/admin/css/base.css (/usr/local/lib/python3.12/site-packages/django/utils/log.py:253)
2026-01-20 15:50:16,177 [WARNING] django.request: Not Found: /static/admin/css/dark_mode.css (/usr/local/lib/python3.12/site-packages/django/utils/log.py:253)
2026-01-20 15:50:16,183 [WARNING] django.request: Not Found: /static/admin/css/nav_sidebar.css (/usr/local/lib/python3.12/site-packages/django/utils/log.py:253)
2026-01-20 15:50:16,190 [WARNING] django.request: Not Found: /static/admin/js/theme.js (/usr/local/lib/python3.12/site-packages/django/utils/log.py:253)
2026-01-20 15:50:16,199 [WARNING] django.request: Not Found: /static/admin/js/nav_sidebar.js (/usr/local/lib/python3.12/site-packages/django/utils/log.py:253)
2026-01-20 15:50:16,204 [WARNING] django.request: Not Found: /static/admin/css/dashboard.css (/usr/local/lib/python3.12/site-packages/django/utils/log.py:253)
2026-01-20 15:50:16,211 [WARNING] django.request: Not Found: /static/admin/css/responsive.css (/usr/local/lib/python3.12/site-packages/django/utils/log.py:253)
2026-01-20 15:50:16,218 [WARNING] django.request: Not Found: /static/admin/css/nav_sidebar.css (/usr/local/lib/python3.12/site-packages/django/utils/log.py:253)
2026-01-20 15:50:18,251 [ERROR] django.request: Internal Server Error: /admin/metrics/alertcondition/add/ (/usr/local/lib/python3.12/site-packages/django/utils/log.py:253)
Traceback (most recent call last):
  File "/usr/local/lib/python3.12/site-packages/django/db/backends/utils.py", line 105, in _execute
    return self.cursor.execute(sql, params)
           ^^^^^^^^^^^^^^^^^^^^^^^^^^^^^^^^
psycopg2.errors.UndefinedTable: relation "metrics_alert" does not exist
LINE 1: ...alert"."duration", "metrics_alert"."enabled" FROM "metrics_a...
                                                             ^


The above exception was the direct cause of the following exception:

Traceback (most recent call last):
  File "/usr/local/lib/python3.12/site-packages/django/db/models/sql/compiler.py", line 1623, in execute_sql
    cursor.execute(sql, params)
  File "/usr/local/lib/python3.12/site-packages/django/db/backends/utils.py", line 122, in execute
    return super().execute(sql, params)
           ^^^^^^^^^^^^^^^^^^^^^^^^^^^^
  File "/usr/local/lib/python3.12/site-packages/django/db/backends/utils.py", line 79, in execute
    return self._execute_with_wrappers(
           ^^^^^^^^^^^^^^^^^^^^^^^^^^^^
  File "/usr/local/lib/python3.12/site-packages/django/db/backends/utils.py", line 92, in _execute_with_wrappers
    return executor(sql, params, many, context)
           ^^^^^^^^^^^^^^^^^^^^^^^^^^^^^^^^^^^^
  File "/usr/local/lib/python3.12/site-packages/django/db/backends/utils.py", line 100, in _execute
    with self.db.wrap_database_errors:
  File "/usr/local/lib/python3.12/site-packages/django/db/utils.py", line 91, in __exit__
    raise dj_exc_value.with_traceback(traceback) from exc_value
  File "/usr/local/lib/python3.12/site-packages/django/db/backends/utils.py", line 105, in _execute
    return self.cursor.execute(sql, params)
           ^^^^^^^^^^^^^^^^^^^^^^^^^^^^^^^^
django.db.utils.ProgrammingError: relation "metrics_alert" does not exist
LINE 1: ...alert"."duration", "metrics_alert"."enabled" FROM "metrics_a...
                                                             ^


During handling of the above exception, another exception occurred:

Traceback (most recent call last):
  File "/usr/local/lib/python3.12/site-packages/django/core/handlers/exception.py", line 55, in inner
    response = get_response(request)
               ^^^^^^^^^^^^^^^^^^^^^
  File "/usr/local/lib/python3.12/site-packages/django/core/handlers/base.py", line 220, in _get_response
    response = response.render()
               ^^^^^^^^^^^^^^^^^
  File "/usr/local/lib/python3.12/site-packages/django/template/response.py", line 114, in render
    self.content = self.rendered_content
                   ^^^^^^^^^^^^^^^^^^^^^
  File "/usr/local/lib/python3.12/site-packages/django/template/response.py", line 92, in rendered_content
    return template.render(context, self._request)
           ^^^^^^^^^^^^^^^^^^^^^^^^^^^^^^^^^^^^^^^
  File "/usr/local/lib/python3.12/site-packages/django/template/backends/django.py", line 107, in render
    return self.template.render(context)
           ^^^^^^^^^^^^^^^^^^^^^^^^^^^^^
  File "/usr/local/lib/python3.12/site-packages/django/template/base.py", line 172, in render
    return self._render(context)
           ^^^^^^^^^^^^^^^^^^^^^
  File "/usr/local/lib/python3.12/site-packages/django/template/base.py", line 164, in _render
    return self.nodelist.render(context)
           ^^^^^^^^^^^^^^^^^^^^^^^^^^^^^
  File "/usr/local/lib/python3.12/site-packages/django/template/base.py", line 1018, in render
    return SafeString("".join([node.render_annotated(context) for node in self]))
                               ^^^^^^^^^^^^^^^^^^^^^^^^^^^^^^
  File "/usr/local/lib/python3.12/site-packages/django/template/base.py", line 979, in render_annotated
    return self.render(context)
           ^^^^^^^^^^^^^^^^^^^^
  File "/usr/local/lib/python3.12/site-packages/django/template/loader_tags.py", line 159, in render
    return compiled_parent._render(context)
           ^^^^^^^^^^^^^^^^^^^^^^^^^^^^^^^^
  File "/usr/local/lib/python3.12/site-packages/django/template/base.py", line 164, in _render
    return self.nodelist.render(context)
           ^^^^^^^^^^^^^^^^^^^^^^^^^^^^^
  File "/usr/local/lib/python3.12/site-packages/django/template/base.py", line 1018, in render
    return SafeString("".join([node.render_annotated(context) for node in self]))
                               ^^^^^^^^^^^^^^^^^^^^^^^^^^^^^^
  File "/usr/local/lib/python3.12/site-packages/django/template/base.py", line 979, in render_annotated
    return self.render(context)
           ^^^^^^^^^^^^^^^^^^^^
  File "/usr/local/lib/python3.12/site-packages/django/template/loader_tags.py", line 159, in render
    return compiled_parent._render(context)
           ^^^^^^^^^^^^^^^^^^^^^^^^^^^^^^^^
  File "/usr/local/lib/python3.12/site-packages/django/template/base.py", line 164, in _render
    return self.nodelist.render(context)
           ^^^^^^^^^^^^^^^^^^^^^^^^^^^^^
  File "/usr/local/lib/python3.12/site-packages/django/template/base.py", line 1018, in render
    return SafeString("".join([node.render_annotated(context) for node in self]))
                               ^^^^^^^^^^^^^^^^^^^^^^^^^^^^^^
  File "/usr/local/lib/python3.12/site-packages/django/template/base.py", line 979, in render_annotated
    return self.render(context)
           ^^^^^^^^^^^^^^^^^^^^
  File "/usr/local/lib/python3.12/site-packages/django/template/loader_tags.py", line 65, in render
    result = block.nodelist.render(context)
             ^^^^^^^^^^^^^^^^^^^^^^^^^^^^^^
  File "/usr/local/lib/python3.12/site-packages/django/template/base.py", line 1018, in render
    return SafeString("".join([node.render_annotated(context) for node in self]))
                               ^^^^^^^^^^^^^^^^^^^^^^^^^^^^^^
  File "/usr/local/lib/python3.12/site-packages/django/template/base.py", line 979, in render_annotated
    return self.render(context)
           ^^^^^^^^^^^^^^^^^^^^
  File "/usr/local/lib/python3.12/site-packages/django/template/loader_tags.py", line 65, in render
    result = block.nodelist.render(context)
             ^^^^^^^^^^^^^^^^^^^^^^^^^^^^^^
  File "/usr/local/lib/python3.12/site-packages/django/template/base.py", line 1018, in render
    return SafeString("".join([node.render_annotated(context) for node in self]))
                               ^^^^^^^^^^^^^^^^^^^^^^^^^^^^^^
  File "/usr/local/lib/python3.12/site-packages/django/template/base.py", line 979, in render_annotated
    return self.render(context)
           ^^^^^^^^^^^^^^^^^^^^
  File "/usr/local/lib/python3.12/site-packages/django/template/defaulttags.py", line 243, in render
    nodelist.append(node.render_annotated(context))
                    ^^^^^^^^^^^^^^^^^^^^^^^^^^^^^^
  File "/usr/local/lib/python3.12/site-packages/django/template/base.py", line 979, in render_annotated
    return self.render(context)
           ^^^^^^^^^^^^^^^^^^^^
  File "/usr/local/lib/python3.12/site-packages/django/template/loader_tags.py", line 210, in render
    return template.render(context)
           ^^^^^^^^^^^^^^^^^^^^^^^^
  File "/usr/local/lib/python3.12/site-packages/django/template/base.py", line 174, in render
    return self._render(context)
           ^^^^^^^^^^^^^^^^^^^^^
  File "/usr/local/lib/python3.12/site-packages/django/template/base.py", line 164, in _render
    return self.nodelist.render(context)
           ^^^^^^^^^^^^^^^^^^^^^^^^^^^^^
  File "/usr/local/lib/python3.12/site-packages/django/template/base.py", line 1018, in render
    return SafeString("".join([node.render_annotated(context) for node in self]))
                               ^^^^^^^^^^^^^^^^^^^^^^^^^^^^^^
  File "/usr/local/lib/python3.12/site-packages/django/template/base.py", line 979, in render_annotated
    return self.render(context)
           ^^^^^^^^^^^^^^^^^^^^
  File "/usr/local/lib/python3.12/site-packages/django/template/defaulttags.py", line 243, in render
    nodelist.append(node.render_annotated(context))
                    ^^^^^^^^^^^^^^^^^^^^^^^^^^^^^^
  File "/usr/local/lib/python3.12/site-packages/django/template/base.py", line 979, in render_annotated
    return self.render(context)
           ^^^^^^^^^^^^^^^^^^^^
  File "/usr/local/lib/python3.12/site-packages/django/template/defaulttags.py", line 243, in render
    nodelist.append(node.render_annotated(context))
                    ^^^^^^^^^^^^^^^^^^^^^^^^^^^^^^
  File "/usr/local/lib/python3.12/site-packages/django/template/base.py", line 979, in render_annotated
    return self.render(context)
           ^^^^^^^^^^^^^^^^^^^^
  File "/usr/local/lib/python3.12/site-packages/django/template/defaulttags.py", line 327, in render
    return nodelist.render(context)
           ^^^^^^^^^^^^^^^^^^^^^^^^
  File "/usr/local/lib/python3.12/site-packages/django/template/base.py", line 1018, in render
    return SafeString("".join([node.render_annotated(context) for node in self]))
                               ^^^^^^^^^^^^^^^^^^^^^^^^^^^^^^
  File "/usr/local/lib/python3.12/site-packages/django/template/base.py", line 979, in render_annotated
    return self.render(context)
           ^^^^^^^^^^^^^^^^^^^^
  File "/usr/local/lib/python3.12/site-packages/django/template/defaulttags.py", line 327, in render
    return nodelist.render(context)
           ^^^^^^^^^^^^^^^^^^^^^^^^
  File "/usr/local/lib/python3.12/site-packages/django/template/base.py", line 1018, in render
    return SafeString("".join([node.render_annotated(context) for node in self]))
                               ^^^^^^^^^^^^^^^^^^^^^^^^^^^^^^
  File "/usr/local/lib/python3.12/site-packages/django/template/base.py", line 979, in render_annotated
    return self.render(context)
           ^^^^^^^^^^^^^^^^^^^^
  File "/usr/local/lib/python3.12/site-packages/django/template/base.py", line 1083, in render
    return render_value_in_context(output, context)
           ^^^^^^^^^^^^^^^^^^^^^^^^^^^^^^^^^^^^^^^^
  File "/usr/local/lib/python3.12/site-packages/django/template/base.py", line 1060, in render_value_in_context
    value = str(value)
            ^^^^^^^^^^
  File "/usr/local/lib/python3.12/site-packages/django/forms/utils.py", line 79, in __str__
    return self.as_widget()
           ^^^^^^^^^^^^^^^^
  File "/usr/local/lib/python3.12/site-packages/django/forms/boundfield.py", line 108, in as_widget
    return widget.render(
           ^^^^^^^^^^^^^^
  File "/usr/local/lib/python3.12/site-packages/django/forms/widgets.py", line 329, in render
    context = self.get_context(name, value, attrs)
              ^^^^^^^^^^^^^^^^^^^^^^^^^^^^^^^^^^^^
  File "/usr/local/lib/python3.12/site-packages/django/contrib/admin/widgets.py", line 329, in get_context
    "rendered_widget": self.widget.render(name, value, attrs),
                       ^^^^^^^^^^^^^^^^^^^^^^^^^^^^^^^^^^^^^^
  File "/usr/local/lib/python3.12/site-packages/django/forms/widgets.py", line 329, in render
    context = self.get_context(name, value, attrs)
              ^^^^^^^^^^^^^^^^^^^^^^^^^^^^^^^^^^^^
  File "/usr/local/lib/python3.12/site-packages/django/forms/widgets.py", line 830, in get_context
    context = super().get_context(name, value, attrs)
              ^^^^^^^^^^^^^^^^^^^^^^^^^^^^^^^^^^^^^^^
  File "/usr/local/lib/python3.12/site-packages/django/forms/widgets.py", line 781, in get_context
    context["widget"]["optgroups"] = self.optgroups(
                                     ^^^^^^^^^^^^^^^
  File "/usr/local/lib/python3.12/site-packages/django/forms/widgets.py", line 721, in optgroups
    for index, (option_value, option_label) in enumerate(self.choices):
  File "/usr/local/lib/python3.12/site-packages/django/forms/models.py", line 1424, in __iter__
    for obj in queryset:
  File "/usr/local/lib/python3.12/site-packages/django/db/models/query.py", line 504, in _iterator
    yield from iterable
  File "/usr/local/lib/python3.12/site-packages/django/db/models/query.py", line 93, in __iter__
    results = compiler.execute_sql(
              ^^^^^^^^^^^^^^^^^^^^^
  File "/usr/local/lib/python3.12/site-packages/django/db/models/sql/compiler.py", line 1626, in execute_sql
    cursor.close()
psycopg2.errors.InvalidCursorName: cursor "_django_curs_135776414174080_sync_4" does not exist

2026-01-20 15:50:19,936 [WARNING] django.request: Not Found: /static/admin/css/base.css (/usr/local/lib/python3.12/site-packages/django/utils/log.py:253)
2026-01-20 15:50:19,945 [WARNING] django.request: Not Found: /static/admin/css/dark_mode.css (/usr/local/lib/python3.12/site-packages/django/utils/log.py:253)
2026-01-20 15:50:19,952 [WARNING] django.request: Not Found: /static/admin/js/theme.js (/usr/local/lib/python3.12/site-packages/django/utils/log.py:253)
2026-01-20 15:50:19,961 [WARNING] django.request: Not Found: /static/admin/css/nav_sidebar.css (/usr/local/lib/python3.12/site-packages/django/utils/log.py:253)
2026-01-20 15:50:19,967 [WARNING] django.request: Not Found: /static/admin/js/nav_sidebar.js (/usr/local/lib/python3.12/site-packages/django/utils/log.py:253)
2026-01-20 15:50:19,976 [WARNING] django.request: Not Found: /static/admin/css/dashboard.css (/usr/local/lib/python3.12/site-packages/django/utils/log.py:253)
2026-01-20 15:50:19,983 [WARNING] django.request: Not Found: /static/admin/css/responsive.css (/usr/local/lib/python3.12/site-packages/django/utils/log.py:253)
2026-01-20 15:50:21,502 [ERROR] django.request: Internal Server Error: /admin/metrics/alertcondition/ (/usr/local/lib/python3.12/site-packages/django/utils/log.py:253)
Traceback (most recent call last):
  File "/usr/local/lib/python3.12/site-packages/django/db/backends/utils.py", line 105, in _execute
    return self.cursor.execute(sql, params)
           ^^^^^^^^^^^^^^^^^^^^^^^^^^^^^^^^
psycopg2.errors.UndefinedTable: relation "metrics_alertcondition" does not exist
LINE 1: SELECT COUNT(*) AS "__count" FROM "metrics_alertcondition"
                                          ^


The above exception was the direct cause of the following exception:

Traceback (most recent call last):
  File "/usr/local/lib/python3.12/site-packages/django/core/handlers/exception.py", line 55, in inner
    response = get_response(request)
               ^^^^^^^^^^^^^^^^^^^^^
  File "/usr/local/lib/python3.12/site-packages/django/core/handlers/base.py", line 197, in _get_response
    response = wrapped_callback(request, *callback_args, **callback_kwargs)
               ^^^^^^^^^^^^^^^^^^^^^^^^^^^^^^^^^^^^^^^^^^^^^^^^^^^^^^^^^^^^
  File "/usr/local/lib/python3.12/site-packages/django/contrib/admin/options.py", line 719, in wrapper
    return self.admin_site.admin_view(view)(*args, **kwargs)
           ^^^^^^^^^^^^^^^^^^^^^^^^^^^^^^^^^^^^^^^^^^^^^^^^^
  File "/usr/local/lib/python3.12/site-packages/django/utils/decorators.py", line 192, in _view_wrapper
    result = _process_exception(request, e)
             ^^^^^^^^^^^^^^^^^^^^^^^^^^^^^^
  File "/usr/local/lib/python3.12/site-packages/django/utils/decorators.py", line 190, in _view_wrapper
    response = view_func(request, *args, **kwargs)
               ^^^^^^^^^^^^^^^^^^^^^^^^^^^^^^^^^^^
  File "/usr/local/lib/python3.12/site-packages/django/views/decorators/cache.py", line 80, in _view_wrapper
    response = view_func(request, *args, **kwargs)
               ^^^^^^^^^^^^^^^^^^^^^^^^^^^^^^^^^^^
  File "/usr/local/lib/python3.12/site-packages/django/contrib/admin/sites.py", line 246, in inner
    return view(request, *args, **kwargs)
           ^^^^^^^^^^^^^^^^^^^^^^^^^^^^^^
  File "/usr/local/lib/python3.12/site-packages/django/utils/decorators.py", line 48, in _wrapper
    return bound_method(*args, **kwargs)
           ^^^^^^^^^^^^^^^^^^^^^^^^^^^^^
  File "/usr/local/lib/python3.12/site-packages/django/utils/decorators.py", line 192, in _view_wrapper
    result = _process_exception(request, e)
             ^^^^^^^^^^^^^^^^^^^^^^^^^^^^^^
  File "/usr/local/lib/python3.12/site-packages/django/utils/decorators.py", line 190, in _view_wrapper
    response = view_func(request, *args, **kwargs)
               ^^^^^^^^^^^^^^^^^^^^^^^^^^^^^^^^^^^
  File "/usr/local/lib/python3.12/site-packages/django/contrib/admin/options.py", line 2024, in changelist_view
    cl = self.get_changelist_instance(request)
         ^^^^^^^^^^^^^^^^^^^^^^^^^^^^^^^^^^^^^
  File "/usr/local/lib/python3.12/site-packages/django/contrib/admin/options.py", line 867, in get_changelist_instance
    return ChangeList(
           ^^^^^^^^^^^
  File "/usr/local/lib/python3.12/site-packages/django/contrib/admin/views/main.py", line 146, in __init__
    self.get_results(request)
  File "/usr/local/lib/python3.12/site-packages/django/contrib/admin/views/main.py", line 313, in get_results
    result_count = paginator.count
                   ^^^^^^^^^^^^^^^
  File "/usr/local/lib/python3.12/site-packages/django/utils/functional.py", line 47, in __get__
    res = instance.__dict__[self.name] = self.func(instance)
                                         ^^^^^^^^^^^^^^^^^^^
  File "/usr/local/lib/python3.12/site-packages/django/core/paginator.py", line 110, in count
    return c()
           ^^^
  File "/usr/local/lib/python3.12/site-packages/django/db/models/query.py", line 606, in count
    return self.query.get_count(using=self.db)
           ^^^^^^^^^^^^^^^^^^^^^^^^^^^^^^^^^^^
  File "/usr/local/lib/python3.12/site-packages/django/db/models/sql/query.py", line 644, in get_count
    return obj.get_aggregation(using, {"__count": Count("*")})["__count"]
           ^^^^^^^^^^^^^^^^^^^^^^^^^^^^^^^^^^^^^^^^^^^^^^^^^^^
  File "/usr/local/lib/python3.12/site-packages/django/db/models/sql/query.py", line 626, in get_aggregation
    result = compiler.execute_sql(SINGLE)
             ^^^^^^^^^^^^^^^^^^^^^^^^^^^^
  File "/usr/local/lib/python3.12/site-packages/django/db/models/sql/compiler.py", line 1623, in execute_sql
    cursor.execute(sql, params)
  File "/usr/local/lib/python3.12/site-packages/django/db/backends/utils.py", line 122, in execute
    return super().execute(sql, params)
           ^^^^^^^^^^^^^^^^^^^^^^^^^^^^
  File "/usr/local/lib/python3.12/site-packages/django/db/backends/utils.py", line 79, in execute
    return self._execute_with_wrappers(
           ^^^^^^^^^^^^^^^^^^^^^^^^^^^^
  File "/usr/local/lib/python3.12/site-packages/django/db/backends/utils.py", line 92, in _execute_with_wrappers
    return executor(sql, params, many, context)
           ^^^^^^^^^^^^^^^^^^^^^^^^^^^^^^^^^^^^
  File "/usr/local/lib/python3.12/site-packages/django/db/backends/utils.py", line 100, in _execute
    with self.db.wrap_database_errors:
  File "/usr/local/lib/python3.12/site-packages/django/db/utils.py", line 91, in __exit__
    raise dj_exc_value.with_traceback(traceback) from exc_value
  File "/usr/local/lib/python3.12/site-packages/django/db/backends/utils.py", line 105, in _execute
    return self.cursor.execute(sql, params)
           ^^^^^^^^^^^^^^^^^^^^^^^^^^^^^^^^
django.db.utils.ProgrammingError: relation "metrics_alertcondition" does not exist
LINE 1: SELECT COUNT(*) AS "__count" FROM "metrics_alertcondition"
                                          ^

2026-01-20 15:50:23,152 [WARNING] django.request: Not Found: /static/admin/css/base.css (/usr/local/lib/python3.12/site-packages/django/utils/log.py:253)
2026-01-20 15:50:23,162 [WARNING] django.request: Not Found: /static/admin/css/dark_mode.css (/usr/local/lib/python3.12/site-packages/django/utils/log.py:253)
2026-01-20 15:50:23,169 [WARNING] django.request: Not Found: /static/admin/js/theme.js (/usr/local/lib/python3.12/site-packages/django/utils/log.py:253)
2026-01-20 15:50:23,177 [WARNING] django.request: Not Found: /static/admin/css/nav_sidebar.css (/usr/local/lib/python3.12/site-packages/django/utils/log.py:253)
2026-01-20 15:50:23,185 [WARNING] django.request: Not Found: /static/admin/js/nav_sidebar.js (/usr/local/lib/python3.12/site-packages/django/utils/log.py:253)
2026-01-20 15:50:23,194 [WARNING] django.request: Not Found: /static/admin/css/dashboard.css (/usr/local/lib/python3.12/site-packages/django/utils/log.py:253)
2026-01-20 15:50:23,200 [WARNING] django.request: Not Found: /static/admin/css/responsive.css (/usr/local/lib/python3.12/site-packages/django/utils/log.py:253)
2026-01-20 15:58:21,699 [WARNING] django.request: Not Found: /static/admin/css/base.css (/usr/local/lib/python3.12/site-packages/django/utils/log.py:253)
2026-01-20 15:58:21,707 [WARNING] django.request: Not Found: /static/admin/css/dark_mode.css (/usr/local/lib/python3.12/site-packages/django/utils/log.py:253)
2026-01-20 15:58:21,714 [WARNING] django.request: Not Found: /static/admin/js/theme.js (/usr/local/lib/python3.12/site-packages/django/utils/log.py:253)
2026-01-20 15:58:21,721 [WARNING] django.request: Not Found: /static/admin/css/nav_sidebar.css (/usr/local/lib/python3.12/site-packages/django/utils/log.py:253)
2026-01-20 15:58:21,730 [WARNING] django.request: Not Found: /static/admin/js/nav_sidebar.js (/usr/local/lib/python3.12/site-packages/django/utils/log.py:253)
2026-01-20 15:58:21,737 [WARNING] django.request: Not Found: /static/admin/css/dashboard.css (/usr/local/lib/python3.12/site-packages/django/utils/log.py:253)
2026-01-20 15:58:21,743 [WARNING] django.request: Not Found: /static/admin/css/responsive.css (/usr/local/lib/python3.12/site-packages/django/utils/log.py:253)
2026-01-20 15:58:22,537 [WARNING] django.request: Not Found: /static/admin/css/base.css (/usr/local/lib/python3.12/site-packages/django/utils/log.py:253)
2026-01-20 15:58:22,545 [WARNING] django.request: Not Found: /static/admin/css/dark_mode.css (/usr/local/lib/python3.12/site-packages/django/utils/log.py:253)
2026-01-20 15:58:22,552 [WARNING] django.request: Not Found: /static/admin/js/theme.js (/usr/local/lib/python3.12/site-packages/django/utils/log.py:253)
2026-01-20 15:58:22,560 [WARNING] django.request: Not Found: /static/admin/css/nav_sidebar.css (/usr/local/lib/python3.12/site-packages/django/utils/log.py:253)
2026-01-20 15:58:22,567 [WARNING] django.request: Not Found: /static/admin/js/nav_sidebar.js (/usr/local/lib/python3.12/site-packages/django/utils/log.py:253)
2026-01-20 15:58:22,576 [WARNING] django.request: Not Found: /static/admin/css/dashboard.css (/usr/local/lib/python3.12/site-packages/django/utils/log.py:253)
2026-01-20 15:58:22,582 [WARNING] django.request: Not Found: /static/admin/css/responsive.css (/usr/local/lib/python3.12/site-packages/django/utils/log.py:253)
2026-01-20 16:02:19,448 [WARNING] django.request: Not Found: /static/admin/css/base.css (/usr/local/lib/python3.12/site-packages/django/utils/log.py:253)
2026-01-20 16:02:19,455 [WARNING] django.request: Not Found: /static/admin/css/dark_mode.css (/usr/local/lib/python3.12/site-packages/django/utils/log.py:253)
2026-01-20 16:02:19,461 [WARNING] django.request: Not Found: /static/admin/js/theme.js (/usr/local/lib/python3.12/site-packages/django/utils/log.py:253)
2026-01-20 16:02:19,469 [WARNING] django.request: Not Found: /static/admin/css/nav_sidebar.css (/usr/local/lib/python3.12/site-packages/django/utils/log.py:253)
2026-01-20 16:02:19,476 [WARNING] django.request: Not Found: /static/admin/js/nav_sidebar.js (/usr/local/lib/python3.12/site-packages/django/utils/log.py:253)
2026-01-20 16:02:19,483 [WARNING] django.request: Not Found: /static/admin/css/dashboard.css (/usr/local/lib/python3.12/site-packages/django/utils/log.py:253)
2026-01-20 16:02:19,489 [WARNING] django.request: Not Found: /static/admin/css/responsive.css (/usr/local/lib/python3.12/site-packages/django/utils/log.py:253)
2026-01-20 16:02:20,385 [WARNING] django.request: Not Found: /static/admin/css/base.css (/usr/local/lib/python3.12/site-packages/django/utils/log.py:253)
2026-01-20 16:02:20,393 [WARNING] django.request: Not Found: /static/admin/css/dark_mode.css (/usr/local/lib/python3.12/site-packages/django/utils/log.py:253)
2026-01-20 16:02:20,400 [WARNING] django.request: Not Found: /static/admin/js/theme.js (/usr/local/lib/python3.12/site-packages/django/utils/log.py:253)
2026-01-20 16:02:20,408 [WARNING] django.request: Not Found: /static/admin/css/nav_sidebar.css (/usr/local/lib/python3.12/site-packages/django/utils/log.py:253)
2026-01-20 16:02:20,416 [WARNING] django.request: Not Found: /static/admin/js/nav_sidebar.js (/usr/local/lib/python3.12/site-packages/django/utils/log.py:253)
2026-01-20 16:02:20,423 [WARNING] django.request: Not Found: /static/admin/css/dashboard.css (/usr/local/lib/python3.12/site-packages/django/utils/log.py:253)
2026-01-20 16:02:20,429 [WARNING] django.request: Not Found: /static/admin/css/responsive.css (/usr/local/lib/python3.12/site-packages/django/utils/log.py:253)
2026-01-20 16:02:37,583 [WARNING] django.request: Not Found: / (/usr/local/lib/python3.12/site-packages/django/utils/log.py:253)
2026-01-20 16:02:43,289 [WARNING] django.request: Not Found: /static/admin/css/base.css (/usr/local/lib/python3.12/site-packages/django/utils/log.py:253)
2026-01-20 16:02:43,296 [WARNING] django.request: Not Found: /static/admin/css/dark_mode.css (/usr/local/lib/python3.12/site-packages/django/utils/log.py:253)
2026-01-20 16:02:43,304 [WARNING] django.request: Not Found: /static/admin/js/theme.js (/usr/local/lib/python3.12/site-packages/django/utils/log.py:253)
2026-01-20 16:02:43,311 [WARNING] django.request: Not Found: /static/admin/css/nav_sidebar.css (/usr/local/lib/python3.12/site-packages/django/utils/log.py:253)
2026-01-20 16:02:43,320 [WARNING] django.request: Not Found: /static/admin/js/nav_sidebar.js (/usr/local/lib/python3.12/site-packages/django/utils/log.py:253)
2026-01-20 16:02:43,326 [WARNING] django.request: Not Found: /static/admin/css/dashboard.css (/usr/local/lib/python3.12/site-packages/django/utils/log.py:253)
2026-01-20 16:02:43,332 [WARNING] django.request: Not Found: /static/admin/css/responsive.css (/usr/local/lib/python3.12/site-packages/django/utils/log.py:253)
2026-01-20 16:02:46,010 [WARNING] django.request: Not Found: /static/admin/css/base.css (/usr/local/lib/python3.12/site-packages/django/utils/log.py:253)
2026-01-20 16:02:46,017 [WARNING] django.request: Not Found: /static/admin/css/dark_mode.css (/usr/local/lib/python3.12/site-packages/django/utils/log.py:253)
2026-01-20 16:02:46,023 [WARNING] django.request: Not Found: /static/admin/js/theme.js (/usr/local/lib/python3.12/site-packages/django/utils/log.py:253)
2026-01-20 16:02:46,031 [WARNING] django.request: Not Found: /static/admin/css/nav_sidebar.css (/usr/local/lib/python3.12/site-packages/django/utils/log.py:253)
2026-01-20 16:02:46,037 [WARNING] django.request: Not Found: /static/admin/js/nav_sidebar.js (/usr/local/lib/python3.12/site-packages/django/utils/log.py:253)
2026-01-20 16:02:46,044 [WARNING] django.request: Not Found: /static/admin/css/dashboard.css (/usr/local/lib/python3.12/site-packages/django/utils/log.py:253)
2026-01-20 16:02:46,051 [WARNING] django.request: Not Found: /static/admin/css/responsive.css (/usr/local/lib/python3.12/site-packages/django/utils/log.py:253)
2026-01-20 16:02:46,546 [WARNING] django.request: Not Found: /static/admin/css/base.css (/usr/local/lib/python3.12/site-packages/django/utils/log.py:253)
2026-01-20 16:02:46,554 [WARNING] django.request: Not Found: /static/admin/css/dark_mode.css (/usr/local/lib/python3.12/site-packages/django/utils/log.py:253)
2026-01-20 16:02:46,562 [WARNING] django.request: Not Found: /static/admin/js/theme.js (/usr/local/lib/python3.12/site-packages/django/utils/log.py:253)
2026-01-20 16:02:46,571 [WARNING] django.request: Not Found: /static/admin/css/nav_sidebar.css (/usr/local/lib/python3.12/site-packages/django/utils/log.py:253)
2026-01-20 16:02:46,580 [WARNING] django.request: Not Found: /static/admin/js/nav_sidebar.js (/usr/local/lib/python3.12/site-packages/django/utils/log.py:253)
2026-01-20 16:02:46,587 [WARNING] django.request: Not Found: /static/admin/css/dashboard.css (/usr/local/lib/python3.12/site-packages/django/utils/log.py:253)
2026-01-20 16:02:46,595 [WARNING] django.request: Not Found: /static/admin/css/responsive.css (/usr/local/lib/python3.12/site-packages/django/utils/log.py:253)
2026-01-20 16:53:10,552 [ERROR] django.request: Internal Server Error: /admin/metrics/alertlogic/ (/usr/local/lib/python3.12/site-packages/django/utils/log.py:253)
Traceback (most recent call last):
  File "/usr/local/lib/python3.12/site-packages/django/db/backends/utils.py", line 105, in _execute
    return self.cursor.execute(sql, params)
           ^^^^^^^^^^^^^^^^^^^^^^^^^^^^^^^^
psycopg2.errors.UndefinedTable: relation "metrics_alertlogic" does not exist
LINE 1: SELECT COUNT(*) AS "__count" FROM "metrics_alertlogic"
                                          ^


The above exception was the direct cause of the following exception:

Traceback (most recent call last):
  File "/usr/local/lib/python3.12/site-packages/django/core/handlers/exception.py", line 55, in inner
    response = get_response(request)
               ^^^^^^^^^^^^^^^^^^^^^
  File "/usr/local/lib/python3.12/site-packages/django/core/handlers/base.py", line 197, in _get_response
    response = wrapped_callback(request, *callback_args, **callback_kwargs)
               ^^^^^^^^^^^^^^^^^^^^^^^^^^^^^^^^^^^^^^^^^^^^^^^^^^^^^^^^^^^^
  File "/usr/local/lib/python3.12/site-packages/django/contrib/admin/options.py", line 719, in wrapper
    return self.admin_site.admin_view(view)(*args, **kwargs)
           ^^^^^^^^^^^^^^^^^^^^^^^^^^^^^^^^^^^^^^^^^^^^^^^^^
  File "/usr/local/lib/python3.12/site-packages/django/utils/decorators.py", line 192, in _view_wrapper
    result = _process_exception(request, e)
             ^^^^^^^^^^^^^^^^^^^^^^^^^^^^^^
  File "/usr/local/lib/python3.12/site-packages/django/utils/decorators.py", line 190, in _view_wrapper
    response = view_func(request, *args, **kwargs)
               ^^^^^^^^^^^^^^^^^^^^^^^^^^^^^^^^^^^
  File "/usr/local/lib/python3.12/site-packages/django/views/decorators/cache.py", line 80, in _view_wrapper
    response = view_func(request, *args, **kwargs)
               ^^^^^^^^^^^^^^^^^^^^^^^^^^^^^^^^^^^
  File "/usr/local/lib/python3.12/site-packages/django/contrib/admin/sites.py", line 246, in inner
    return view(request, *args, **kwargs)
           ^^^^^^^^^^^^^^^^^^^^^^^^^^^^^^
  File "/usr/local/lib/python3.12/site-packages/django/utils/decorators.py", line 48, in _wrapper
    return bound_method(*args, **kwargs)
           ^^^^^^^^^^^^^^^^^^^^^^^^^^^^^
  File "/usr/local/lib/python3.12/site-packages/django/utils/decorators.py", line 192, in _view_wrapper
    result = _process_exception(request, e)
             ^^^^^^^^^^^^^^^^^^^^^^^^^^^^^^
  File "/usr/local/lib/python3.12/site-packages/django/utils/decorators.py", line 190, in _view_wrapper
    response = view_func(request, *args, **kwargs)
               ^^^^^^^^^^^^^^^^^^^^^^^^^^^^^^^^^^^
  File "/usr/local/lib/python3.12/site-packages/django/contrib/admin/options.py", line 2024, in changelist_view
    cl = self.get_changelist_instance(request)
         ^^^^^^^^^^^^^^^^^^^^^^^^^^^^^^^^^^^^^
  File "/usr/local/lib/python3.12/site-packages/django/contrib/admin/options.py", line 867, in get_changelist_instance
    return ChangeList(
           ^^^^^^^^^^^
  File "/usr/local/lib/python3.12/site-packages/django/contrib/admin/views/main.py", line 146, in __init__
    self.get_results(request)
  File "/usr/local/lib/python3.12/site-packages/django/contrib/admin/views/main.py", line 313, in get_results
    result_count = paginator.count
                   ^^^^^^^^^^^^^^^
  File "/usr/local/lib/python3.12/site-packages/django/utils/functional.py", line 47, in __get__
    res = instance.__dict__[self.name] = self.func(instance)
                                         ^^^^^^^^^^^^^^^^^^^
  File "/usr/local/lib/python3.12/site-packages/django/core/paginator.py", line 110, in count
    return c()
           ^^^
  File "/usr/local/lib/python3.12/site-packages/django/db/models/query.py", line 606, in count
    return self.query.get_count(using=self.db)
           ^^^^^^^^^^^^^^^^^^^^^^^^^^^^^^^^^^^
  File "/usr/local/lib/python3.12/site-packages/django/db/models/sql/query.py", line 644, in get_count
    return obj.get_aggregation(using, {"__count": Count("*")})["__count"]
           ^^^^^^^^^^^^^^^^^^^^^^^^^^^^^^^^^^^^^^^^^^^^^^^^^^^
  File "/usr/local/lib/python3.12/site-packages/django/db/models/sql/query.py", line 626, in get_aggregation
    result = compiler.execute_sql(SINGLE)
             ^^^^^^^^^^^^^^^^^^^^^^^^^^^^
  File "/usr/local/lib/python3.12/site-packages/django/db/models/sql/compiler.py", line 1623, in execute_sql
    cursor.execute(sql, params)
  File "/usr/local/lib/python3.12/site-packages/django/db/backends/utils.py", line 122, in execute
    return super().execute(sql, params)
           ^^^^^^^^^^^^^^^^^^^^^^^^^^^^
  File "/usr/local/lib/python3.12/site-packages/django/db/backends/utils.py", line 79, in execute
    return self._execute_with_wrappers(
           ^^^^^^^^^^^^^^^^^^^^^^^^^^^^
  File "/usr/local/lib/python3.12/site-packages/django/db/backends/utils.py", line 92, in _execute_with_wrappers
    return executor(sql, params, many, context)
           ^^^^^^^^^^^^^^^^^^^^^^^^^^^^^^^^^^^^
  File "/usr/local/lib/python3.12/site-packages/django/db/backends/utils.py", line 100, in _execute
    with self.db.wrap_database_errors:
  File "/usr/local/lib/python3.12/site-packages/django/db/utils.py", line 91, in __exit__
    raise dj_exc_value.with_traceback(traceback) from exc_value
  File "/usr/local/lib/python3.12/site-packages/django/db/backends/utils.py", line 105, in _execute
    return self.cursor.execute(sql, params)
           ^^^^^^^^^^^^^^^^^^^^^^^^^^^^^^^^
django.db.utils.ProgrammingError: relation "metrics_alertlogic" does not exist
LINE 1: SELECT COUNT(*) AS "__count" FROM "metrics_alertlogic"
                                          ^

2026-01-20 16:55:38,894 [ERROR] django.request: Internal Server Error: /admin/metrics/metricalert/add/ (/usr/local/lib/python3.12/site-packages/django/utils/log.py:253)
Traceback (most recent call last):
  File "/usr/local/lib/python3.12/site-packages/django/db/backends/utils.py", line 105, in _execute
    return self.cursor.execute(sql, params)
           ^^^^^^^^^^^^^^^^^^^^^^^^^^^^^^^^
psycopg2.errors.UndefinedTable: relation "metrics_metricalert" does not exist
LINE 1: INSERT INTO "metrics_metricalert" ("metric", "threshold", "d...
                    ^


The above exception was the direct cause of the following exception:

Traceback (most recent call last):
  File "/usr/local/lib/python3.12/site-packages/django/core/handlers/exception.py", line 55, in inner
    response = get_response(request)
               ^^^^^^^^^^^^^^^^^^^^^
  File "/usr/local/lib/python3.12/site-packages/django/core/handlers/base.py", line 197, in _get_response
    response = wrapped_callback(request, *callback_args, **callback_kwargs)
               ^^^^^^^^^^^^^^^^^^^^^^^^^^^^^^^^^^^^^^^^^^^^^^^^^^^^^^^^^^^^
  File "/usr/local/lib/python3.12/site-packages/django/contrib/admin/options.py", line 719, in wrapper
    return self.admin_site.admin_view(view)(*args, **kwargs)
           ^^^^^^^^^^^^^^^^^^^^^^^^^^^^^^^^^^^^^^^^^^^^^^^^^
  File "/usr/local/lib/python3.12/site-packages/django/utils/decorators.py", line 192, in _view_wrapper
    result = _process_exception(request, e)
             ^^^^^^^^^^^^^^^^^^^^^^^^^^^^^^
  File "/usr/local/lib/python3.12/site-packages/django/utils/decorators.py", line 190, in _view_wrapper
    response = view_func(request, *args, **kwargs)
               ^^^^^^^^^^^^^^^^^^^^^^^^^^^^^^^^^^^
  File "/usr/local/lib/python3.12/site-packages/django/views/decorators/cache.py", line 80, in _view_wrapper
    response = view_func(request, *args, **kwargs)
               ^^^^^^^^^^^^^^^^^^^^^^^^^^^^^^^^^^^
  File "/usr/local/lib/python3.12/site-packages/django/contrib/admin/sites.py", line 246, in inner
    return view(request, *args, **kwargs)
           ^^^^^^^^^^^^^^^^^^^^^^^^^^^^^^
  File "/usr/local/lib/python3.12/site-packages/django/contrib/admin/options.py", line 1984, in add_view
    return self.changeform_view(request, None, form_url, extra_context)
           ^^^^^^^^^^^^^^^^^^^^^^^^^^^^^^^^^^^^^^^^^^^^^^^^^^^^^^^^^^^^
  File "/usr/local/lib/python3.12/site-packages/django/utils/decorators.py", line 48, in _wrapper
    return bound_method(*args, **kwargs)
           ^^^^^^^^^^^^^^^^^^^^^^^^^^^^^
  File "/usr/local/lib/python3.12/site-packages/django/utils/decorators.py", line 192, in _view_wrapper
    result = _process_exception(request, e)
             ^^^^^^^^^^^^^^^^^^^^^^^^^^^^^^
  File "/usr/local/lib/python3.12/site-packages/django/utils/decorators.py", line 190, in _view_wrapper
    response = view_func(request, *args, **kwargs)
               ^^^^^^^^^^^^^^^^^^^^^^^^^^^^^^^^^^^
  File "/usr/local/lib/python3.12/site-packages/django/contrib/admin/options.py", line 1843, in changeform_view
    return self._changeform_view(request, object_id, form_url, extra_context)
           ^^^^^^^^^^^^^^^^^^^^^^^^^^^^^^^^^^^^^^^^^^^^^^^^^^^^^^^^^^^^^^^^^^
  File "/usr/local/lib/python3.12/site-packages/django/contrib/admin/options.py", line 1894, in _changeform_view
    self.save_model(request, new_object, form, not add)
  File "/usr/local/lib/python3.12/site-packages/django/contrib/admin/options.py", line 1314, in save_model
    obj.save()
  File "/usr/local/lib/python3.12/site-packages/django/db/models/base.py", line 902, in save
    self.save_base(
  File "/usr/local/lib/python3.12/site-packages/django/db/models/base.py", line 1008, in save_base
    updated = self._save_table(
              ^^^^^^^^^^^^^^^^^
  File "/usr/local/lib/python3.12/site-packages/django/db/models/base.py", line 1169, in _save_table
    results = self._do_insert(
              ^^^^^^^^^^^^^^^^
  File "/usr/local/lib/python3.12/site-packages/django/db/models/base.py", line 1210, in _do_insert
    return manager._insert(
           ^^^^^^^^^^^^^^^^
  File "/usr/local/lib/python3.12/site-packages/django/db/models/manager.py", line 87, in manager_method
    return getattr(self.get_queryset(), name)(*args, **kwargs)
           ^^^^^^^^^^^^^^^^^^^^^^^^^^^^^^^^^^^^^^^^^^^^^^^^^^^
  File "/usr/local/lib/python3.12/site-packages/django/db/models/query.py", line 1873, in _insert
    return query.get_compiler(using=using).execute_sql(returning_fields)
           ^^^^^^^^^^^^^^^^^^^^^^^^^^^^^^^^^^^^^^^^^^^^^^^^^^^^^^^^^^^^^
  File "/usr/local/lib/python3.12/site-packages/django/db/models/sql/compiler.py", line 1882, in execute_sql
    cursor.execute(sql, params)
  File "/usr/local/lib/python3.12/site-packages/django/db/backends/utils.py", line 122, in execute
    return super().execute(sql, params)
           ^^^^^^^^^^^^^^^^^^^^^^^^^^^^
  File "/usr/local/lib/python3.12/site-packages/django/db/backends/utils.py", line 79, in execute
    return self._execute_with_wrappers(
           ^^^^^^^^^^^^^^^^^^^^^^^^^^^^
  File "/usr/local/lib/python3.12/site-packages/django/db/backends/utils.py", line 92, in _execute_with_wrappers
    return executor(sql, params, many, context)
           ^^^^^^^^^^^^^^^^^^^^^^^^^^^^^^^^^^^^
  File "/usr/local/lib/python3.12/site-packages/django/db/backends/utils.py", line 100, in _execute
    with self.db.wrap_database_errors:
  File "/usr/local/lib/python3.12/site-packages/django/db/utils.py", line 91, in __exit__
    raise dj_exc_value.with_traceback(traceback) from exc_value
  File "/usr/local/lib/python3.12/site-packages/django/db/backends/utils.py", line 105, in _execute
    return self.cursor.execute(sql, params)
           ^^^^^^^^^^^^^^^^^^^^^^^^^^^^^^^^
django.db.utils.ProgrammingError: relation "metrics_metricalert" does not exist
LINE 1: INSERT INTO "metrics_metricalert" ("metric", "threshold", "d...
                    ^

2026-01-20 16:55:56,545 [ERROR] django.request: Internal Server Error: /admin/metrics/metricalert/add/ (/usr/local/lib/python3.12/site-packages/django/utils/log.py:253)
Traceback (most recent call last):
  File "/usr/local/lib/python3.12/site-packages/django/db/backends/utils.py", line 105, in _execute
    return self.cursor.execute(sql, params)
           ^^^^^^^^^^^^^^^^^^^^^^^^^^^^^^^^
psycopg2.errors.UndefinedTable: relation "metrics_metricalert" does not exist
LINE 1: INSERT INTO "metrics_metricalert" ("metric", "threshold", "d...
                    ^


The above exception was the direct cause of the following exception:

Traceback (most recent call last):
  File "/usr/local/lib/python3.12/site-packages/django/core/handlers/exception.py", line 55, in inner
    response = get_response(request)
               ^^^^^^^^^^^^^^^^^^^^^
  File "/usr/local/lib/python3.12/site-packages/django/core/handlers/base.py", line 197, in _get_response
    response = wrapped_callback(request, *callback_args, **callback_kwargs)
               ^^^^^^^^^^^^^^^^^^^^^^^^^^^^^^^^^^^^^^^^^^^^^^^^^^^^^^^^^^^^
  File "/usr/local/lib/python3.12/site-packages/django/contrib/admin/options.py", line 719, in wrapper
    return self.admin_site.admin_view(view)(*args, **kwargs)
           ^^^^^^^^^^^^^^^^^^^^^^^^^^^^^^^^^^^^^^^^^^^^^^^^^
  File "/usr/local/lib/python3.12/site-packages/django/utils/decorators.py", line 192, in _view_wrapper
    result = _process_exception(request, e)
             ^^^^^^^^^^^^^^^^^^^^^^^^^^^^^^
  File "/usr/local/lib/python3.12/site-packages/django/utils/decorators.py", line 190, in _view_wrapper
    response = view_func(request, *args, **kwargs)
               ^^^^^^^^^^^^^^^^^^^^^^^^^^^^^^^^^^^
  File "/usr/local/lib/python3.12/site-packages/django/views/decorators/cache.py", line 80, in _view_wrapper
    response = view_func(request, *args, **kwargs)
               ^^^^^^^^^^^^^^^^^^^^^^^^^^^^^^^^^^^
  File "/usr/local/lib/python3.12/site-packages/django/contrib/admin/sites.py", line 246, in inner
    return view(request, *args, **kwargs)
           ^^^^^^^^^^^^^^^^^^^^^^^^^^^^^^
  File "/usr/local/lib/python3.12/site-packages/django/contrib/admin/options.py", line 1984, in add_view
    return self.changeform_view(request, None, form_url, extra_context)
           ^^^^^^^^^^^^^^^^^^^^^^^^^^^^^^^^^^^^^^^^^^^^^^^^^^^^^^^^^^^^
  File "/usr/local/lib/python3.12/site-packages/django/utils/decorators.py", line 48, in _wrapper
    return bound_method(*args, **kwargs)
           ^^^^^^^^^^^^^^^^^^^^^^^^^^^^^
  File "/usr/local/lib/python3.12/site-packages/django/utils/decorators.py", line 192, in _view_wrapper
    result = _process_exception(request, e)
             ^^^^^^^^^^^^^^^^^^^^^^^^^^^^^^
  File "/usr/local/lib/python3.12/site-packages/django/utils/decorators.py", line 190, in _view_wrapper
    response = view_func(request, *args, **kwargs)
               ^^^^^^^^^^^^^^^^^^^^^^^^^^^^^^^^^^^
  File "/usr/local/lib/python3.12/site-packages/django/contrib/admin/options.py", line 1843, in changeform_view
    return self._changeform_view(request, object_id, form_url, extra_context)
           ^^^^^^^^^^^^^^^^^^^^^^^^^^^^^^^^^^^^^^^^^^^^^^^^^^^^^^^^^^^^^^^^^^
  File "/usr/local/lib/python3.12/site-packages/django/contrib/admin/options.py", line 1894, in _changeform_view
    self.save_model(request, new_object, form, not add)
  File "/usr/local/lib/python3.12/site-packages/django/contrib/admin/options.py", line 1314, in save_model
    obj.save()
  File "/usr/local/lib/python3.12/site-packages/django/db/models/base.py", line 902, in save
    self.save_base(
  File "/usr/local/lib/python3.12/site-packages/django/db/models/base.py", line 1008, in save_base
    updated = self._save_table(
              ^^^^^^^^^^^^^^^^^
  File "/usr/local/lib/python3.12/site-packages/django/db/models/base.py", line 1169, in _save_table
    results = self._do_insert(
              ^^^^^^^^^^^^^^^^
  File "/usr/local/lib/python3.12/site-packages/django/db/models/base.py", line 1210, in _do_insert
    return manager._insert(
           ^^^^^^^^^^^^^^^^
  File "/usr/local/lib/python3.12/site-packages/django/db/models/manager.py", line 87, in manager_method
    return getattr(self.get_queryset(), name)(*args, **kwargs)
           ^^^^^^^^^^^^^^^^^^^^^^^^^^^^^^^^^^^^^^^^^^^^^^^^^^^
  File "/usr/local/lib/python3.12/site-packages/django/db/models/query.py", line 1873, in _insert
    return query.get_compiler(using=using).execute_sql(returning_fields)
           ^^^^^^^^^^^^^^^^^^^^^^^^^^^^^^^^^^^^^^^^^^^^^^^^^^^^^^^^^^^^^
  File "/usr/local/lib/python3.12/site-packages/django/db/models/sql/compiler.py", line 1882, in execute_sql
    cursor.execute(sql, params)
  File "/usr/local/lib/python3.12/site-packages/django/db/backends/utils.py", line 122, in execute
    return super().execute(sql, params)
           ^^^^^^^^^^^^^^^^^^^^^^^^^^^^
  File "/usr/local/lib/python3.12/site-packages/django/db/backends/utils.py", line 79, in execute
    return self._execute_with_wrappers(
           ^^^^^^^^^^^^^^^^^^^^^^^^^^^^
  File "/usr/local/lib/python3.12/site-packages/django/db/backends/utils.py", line 92, in _execute_with_wrappers
    return executor(sql, params, many, context)
           ^^^^^^^^^^^^^^^^^^^^^^^^^^^^^^^^^^^^
  File "/usr/local/lib/python3.12/site-packages/django/db/backends/utils.py", line 100, in _execute
    with self.db.wrap_database_errors:
  File "/usr/local/lib/python3.12/site-packages/django/db/utils.py", line 91, in __exit__
    raise dj_exc_value.with_traceback(traceback) from exc_value
  File "/usr/local/lib/python3.12/site-packages/django/db/backends/utils.py", line 105, in _execute
    return self.cursor.execute(sql, params)
           ^^^^^^^^^^^^^^^^^^^^^^^^^^^^^^^^
django.db.utils.ProgrammingError: relation "metrics_metricalert" does not exist
LINE 1: INSERT INTO "metrics_metricalert" ("metric", "threshold", "d...
                    ^

2026-01-20 16:56:02,108 [ERROR] django.request: Internal Server Error: /admin/metrics/alertlogic/add/ (/usr/local/lib/python3.12/site-packages/django/utils/log.py:253)
Traceback (most recent call last):
  File "/usr/local/lib/python3.12/site-packages/django/db/backends/utils.py", line 105, in _execute
    return self.cursor.execute(sql, params)
           ^^^^^^^^^^^^^^^^^^^^^^^^^^^^^^^^
psycopg2.errors.UndefinedTable: relation "metrics_alert" does not exist
LINE 1: ...alert"."duration", "metrics_alert"."enabled" FROM "metrics_a...
                                                             ^


The above exception was the direct cause of the following exception:

Traceback (most recent call last):
  File "/usr/local/lib/python3.12/site-packages/django/db/models/sql/compiler.py", line 1623, in execute_sql
    cursor.execute(sql, params)
  File "/usr/local/lib/python3.12/site-packages/django/db/backends/utils.py", line 122, in execute
    return super().execute(sql, params)
           ^^^^^^^^^^^^^^^^^^^^^^^^^^^^
  File "/usr/local/lib/python3.12/site-packages/django/db/backends/utils.py", line 79, in execute
    return self._execute_with_wrappers(
           ^^^^^^^^^^^^^^^^^^^^^^^^^^^^
  File "/usr/local/lib/python3.12/site-packages/django/db/backends/utils.py", line 92, in _execute_with_wrappers
    return executor(sql, params, many, context)
           ^^^^^^^^^^^^^^^^^^^^^^^^^^^^^^^^^^^^
  File "/usr/local/lib/python3.12/site-packages/django/db/backends/utils.py", line 100, in _execute
    with self.db.wrap_database_errors:
  File "/usr/local/lib/python3.12/site-packages/django/db/utils.py", line 91, in __exit__
    raise dj_exc_value.with_traceback(traceback) from exc_value
  File "/usr/local/lib/python3.12/site-packages/django/db/backends/utils.py", line 105, in _execute
    return self.cursor.execute(sql, params)
           ^^^^^^^^^^^^^^^^^^^^^^^^^^^^^^^^
django.db.utils.ProgrammingError: relation "metrics_alert" does not exist
LINE 1: ...alert"."duration", "metrics_alert"."enabled" FROM "metrics_a...
                                                             ^


During handling of the above exception, another exception occurred:

Traceback (most recent call last):
  File "/usr/local/lib/python3.12/site-packages/django/core/handlers/exception.py", line 55, in inner
    response = get_response(request)
               ^^^^^^^^^^^^^^^^^^^^^
  File "/usr/local/lib/python3.12/site-packages/django/core/handlers/base.py", line 220, in _get_response
    response = response.render()
               ^^^^^^^^^^^^^^^^^
  File "/usr/local/lib/python3.12/site-packages/django/template/response.py", line 114, in render
    self.content = self.rendered_content
                   ^^^^^^^^^^^^^^^^^^^^^
  File "/usr/local/lib/python3.12/site-packages/django/template/response.py", line 92, in rendered_content
    return template.render(context, self._request)
           ^^^^^^^^^^^^^^^^^^^^^^^^^^^^^^^^^^^^^^^
  File "/usr/local/lib/python3.12/site-packages/django/template/backends/django.py", line 107, in render
    return self.template.render(context)
           ^^^^^^^^^^^^^^^^^^^^^^^^^^^^^
  File "/usr/local/lib/python3.12/site-packages/django/template/base.py", line 172, in render
    return self._render(context)
           ^^^^^^^^^^^^^^^^^^^^^
  File "/usr/local/lib/python3.12/site-packages/django/template/base.py", line 164, in _render
    return self.nodelist.render(context)
           ^^^^^^^^^^^^^^^^^^^^^^^^^^^^^
  File "/usr/local/lib/python3.12/site-packages/django/template/base.py", line 1018, in render
    return SafeString("".join([node.render_annotated(context) for node in self]))
                               ^^^^^^^^^^^^^^^^^^^^^^^^^^^^^^
  File "/usr/local/lib/python3.12/site-packages/django/template/base.py", line 979, in render_annotated
    return self.render(context)
           ^^^^^^^^^^^^^^^^^^^^
  File "/usr/local/lib/python3.12/site-packages/django/template/loader_tags.py", line 159, in render
    return compiled_parent._render(context)
           ^^^^^^^^^^^^^^^^^^^^^^^^^^^^^^^^
  File "/usr/local/lib/python3.12/site-packages/django/template/base.py", line 164, in _render
    return self.nodelist.render(context)
           ^^^^^^^^^^^^^^^^^^^^^^^^^^^^^
  File "/usr/local/lib/python3.12/site-packages/django/template/base.py", line 1018, in render
    return SafeString("".join([node.render_annotated(context) for node in self]))
                               ^^^^^^^^^^^^^^^^^^^^^^^^^^^^^^
  File "/usr/local/lib/python3.12/site-packages/django/template/base.py", line 979, in render_annotated
    return self.render(context)
           ^^^^^^^^^^^^^^^^^^^^
  File "/usr/local/lib/python3.12/site-packages/django/template/loader_tags.py", line 159, in render
    return compiled_parent._render(context)
           ^^^^^^^^^^^^^^^^^^^^^^^^^^^^^^^^
  File "/usr/local/lib/python3.12/site-packages/django/template/base.py", line 164, in _render
    return self.nodelist.render(context)
           ^^^^^^^^^^^^^^^^^^^^^^^^^^^^^
  File "/usr/local/lib/python3.12/site-packages/django/template/base.py", line 1018, in render
    return SafeString("".join([node.render_annotated(context) for node in self]))
                               ^^^^^^^^^^^^^^^^^^^^^^^^^^^^^^
  File "/usr/local/lib/python3.12/site-packages/django/template/base.py", line 979, in render_annotated
    return self.render(context)
           ^^^^^^^^^^^^^^^^^^^^
  File "/usr/local/lib/python3.12/site-packages/django/template/loader_tags.py", line 65, in render
    result = block.nodelist.render(context)
             ^^^^^^^^^^^^^^^^^^^^^^^^^^^^^^
  File "/usr/local/lib/python3.12/site-packages/django/template/base.py", line 1018, in render
    return SafeString("".join([node.render_annotated(context) for node in self]))
                               ^^^^^^^^^^^^^^^^^^^^^^^^^^^^^^
  File "/usr/local/lib/python3.12/site-packages/django/template/base.py", line 979, in render_annotated
    return self.render(context)
           ^^^^^^^^^^^^^^^^^^^^
  File "/usr/local/lib/python3.12/site-packages/django/template/loader_tags.py", line 65, in render
    result = block.nodelist.render(context)
             ^^^^^^^^^^^^^^^^^^^^^^^^^^^^^^
  File "/usr/local/lib/python3.12/site-packages/django/template/base.py", line 1018, in render
    return SafeString("".join([node.render_annotated(context) for node in self]))
                               ^^^^^^^^^^^^^^^^^^^^^^^^^^^^^^
  File "/usr/local/lib/python3.12/site-packages/django/template/base.py", line 979, in render_annotated
    return self.render(context)
           ^^^^^^^^^^^^^^^^^^^^
  File "/usr/local/lib/python3.12/site-packages/django/template/defaulttags.py", line 243, in render
    nodelist.append(node.render_annotated(context))
                    ^^^^^^^^^^^^^^^^^^^^^^^^^^^^^^
  File "/usr/local/lib/python3.12/site-packages/django/template/base.py", line 979, in render_annotated
    return self.render(context)
           ^^^^^^^^^^^^^^^^^^^^
  File "/usr/local/lib/python3.12/site-packages/django/template/loader_tags.py", line 210, in render
    return template.render(context)
           ^^^^^^^^^^^^^^^^^^^^^^^^
  File "/usr/local/lib/python3.12/site-packages/django/template/base.py", line 174, in render
    return self._render(context)
           ^^^^^^^^^^^^^^^^^^^^^
  File "/usr/local/lib/python3.12/site-packages/django/template/base.py", line 164, in _render
    return self.nodelist.render(context)
           ^^^^^^^^^^^^^^^^^^^^^^^^^^^^^
  File "/usr/local/lib/python3.12/site-packages/django/template/base.py", line 1018, in render
    return SafeString("".join([node.render_annotated(context) for node in self]))
                               ^^^^^^^^^^^^^^^^^^^^^^^^^^^^^^
  File "/usr/local/lib/python3.12/site-packages/django/template/base.py", line 979, in render_annotated
    return self.render(context)
           ^^^^^^^^^^^^^^^^^^^^
  File "/usr/local/lib/python3.12/site-packages/django/template/defaulttags.py", line 243, in render
    nodelist.append(node.render_annotated(context))
                    ^^^^^^^^^^^^^^^^^^^^^^^^^^^^^^
  File "/usr/local/lib/python3.12/site-packages/django/template/base.py", line 979, in render_annotated
    return self.render(context)
           ^^^^^^^^^^^^^^^^^^^^
  File "/usr/local/lib/python3.12/site-packages/django/template/defaulttags.py", line 243, in render
    nodelist.append(node.render_annotated(context))
                    ^^^^^^^^^^^^^^^^^^^^^^^^^^^^^^
  File "/usr/local/lib/python3.12/site-packages/django/template/base.py", line 979, in render_annotated
    return self.render(context)
           ^^^^^^^^^^^^^^^^^^^^
  File "/usr/local/lib/python3.12/site-packages/django/template/defaulttags.py", line 327, in render
    return nodelist.render(context)
           ^^^^^^^^^^^^^^^^^^^^^^^^
  File "/usr/local/lib/python3.12/site-packages/django/template/base.py", line 1018, in render
    return SafeString("".join([node.render_annotated(context) for node in self]))
                               ^^^^^^^^^^^^^^^^^^^^^^^^^^^^^^
  File "/usr/local/lib/python3.12/site-packages/django/template/base.py", line 979, in render_annotated
    return self.render(context)
           ^^^^^^^^^^^^^^^^^^^^
  File "/usr/local/lib/python3.12/site-packages/django/template/defaulttags.py", line 327, in render
    return nodelist.render(context)
           ^^^^^^^^^^^^^^^^^^^^^^^^
  File "/usr/local/lib/python3.12/site-packages/django/template/base.py", line 1018, in render
    return SafeString("".join([node.render_annotated(context) for node in self]))
                               ^^^^^^^^^^^^^^^^^^^^^^^^^^^^^^
  File "/usr/local/lib/python3.12/site-packages/django/template/base.py", line 979, in render_annotated
    return self.render(context)
           ^^^^^^^^^^^^^^^^^^^^
  File "/usr/local/lib/python3.12/site-packages/django/template/base.py", line 1083, in render
    return render_value_in_context(output, context)
           ^^^^^^^^^^^^^^^^^^^^^^^^^^^^^^^^^^^^^^^^
  File "/usr/local/lib/python3.12/site-packages/django/template/base.py", line 1060, in render_value_in_context
    value = str(value)
            ^^^^^^^^^^
  File "/usr/local/lib/python3.12/site-packages/django/forms/utils.py", line 79, in __str__
    return self.as_widget()
           ^^^^^^^^^^^^^^^^
  File "/usr/local/lib/python3.12/site-packages/django/forms/boundfield.py", line 108, in as_widget
    return widget.render(
           ^^^^^^^^^^^^^^
  File "/usr/local/lib/python3.12/site-packages/django/forms/widgets.py", line 329, in render
    context = self.get_context(name, value, attrs)
              ^^^^^^^^^^^^^^^^^^^^^^^^^^^^^^^^^^^^
  File "/usr/local/lib/python3.12/site-packages/django/contrib/admin/widgets.py", line 329, in get_context
    "rendered_widget": self.widget.render(name, value, attrs),
                       ^^^^^^^^^^^^^^^^^^^^^^^^^^^^^^^^^^^^^^
  File "/usr/local/lib/python3.12/site-packages/django/forms/widgets.py", line 329, in render
    context = self.get_context(name, value, attrs)
              ^^^^^^^^^^^^^^^^^^^^^^^^^^^^^^^^^^^^
  File "/usr/local/lib/python3.12/site-packages/django/forms/widgets.py", line 830, in get_context
    context = super().get_context(name, value, attrs)
              ^^^^^^^^^^^^^^^^^^^^^^^^^^^^^^^^^^^^^^^
  File "/usr/local/lib/python3.12/site-packages/django/forms/widgets.py", line 781, in get_context
    context["widget"]["optgroups"] = self.optgroups(
                                     ^^^^^^^^^^^^^^^
  File "/usr/local/lib/python3.12/site-packages/django/forms/widgets.py", line 721, in optgroups
    for index, (option_value, option_label) in enumerate(self.choices):
  File "/usr/local/lib/python3.12/site-packages/django/forms/models.py", line 1424, in __iter__
    for obj in queryset:
  File "/usr/local/lib/python3.12/site-packages/django/db/models/query.py", line 504, in _iterator
    yield from iterable
  File "/usr/local/lib/python3.12/site-packages/django/db/models/query.py", line 93, in __iter__
    results = compiler.execute_sql(
              ^^^^^^^^^^^^^^^^^^^^^
  File "/usr/local/lib/python3.12/site-packages/django/db/models/sql/compiler.py", line 1626, in execute_sql
    cursor.close()
psycopg2.errors.InvalidCursorName: cursor "_django_curs_138691263306624_sync_1" does not exist

2026-01-20 17:24:53,755 [ERROR] django.request: Internal Server Error: /admin/metrics/alert/add/ (/usr/local/lib/python3.12/site-packages/django/utils/log.py:253)
Traceback (most recent call last):
  File "/usr/local/lib/python3.12/site-packages/django/db/backends/utils.py", line 105, in _execute
    return self.cursor.execute(sql, params)
           ^^^^^^^^^^^^^^^^^^^^^^^^^^^^^^^^
psycopg2.errors.UndefinedTable: relation "metrics_alert" does not exist
LINE 1: SELECT 1 AS "a" FROM "metrics_alert" WHERE "metrics_alert"."...
                             ^


The above exception was the direct cause of the following exception:

Traceback (most recent call last):
  File "/usr/local/lib/python3.12/site-packages/django/core/handlers/exception.py", line 55, in inner
    response = get_response(request)
               ^^^^^^^^^^^^^^^^^^^^^
  File "/usr/local/lib/python3.12/site-packages/django/core/handlers/base.py", line 197, in _get_response
    response = wrapped_callback(request, *callback_args, **callback_kwargs)
               ^^^^^^^^^^^^^^^^^^^^^^^^^^^^^^^^^^^^^^^^^^^^^^^^^^^^^^^^^^^^
  File "/usr/local/lib/python3.12/site-packages/django/contrib/admin/options.py", line 719, in wrapper
    return self.admin_site.admin_view(view)(*args, **kwargs)
           ^^^^^^^^^^^^^^^^^^^^^^^^^^^^^^^^^^^^^^^^^^^^^^^^^
  File "/usr/local/lib/python3.12/site-packages/django/utils/decorators.py", line 192, in _view_wrapper
    result = _process_exception(request, e)
             ^^^^^^^^^^^^^^^^^^^^^^^^^^^^^^
  File "/usr/local/lib/python3.12/site-packages/django/utils/decorators.py", line 190, in _view_wrapper
    response = view_func(request, *args, **kwargs)
               ^^^^^^^^^^^^^^^^^^^^^^^^^^^^^^^^^^^
  File "/usr/local/lib/python3.12/site-packages/django/views/decorators/cache.py", line 80, in _view_wrapper
    response = view_func(request, *args, **kwargs)
               ^^^^^^^^^^^^^^^^^^^^^^^^^^^^^^^^^^^
  File "/usr/local/lib/python3.12/site-packages/django/contrib/admin/sites.py", line 246, in inner
    return view(request, *args, **kwargs)
           ^^^^^^^^^^^^^^^^^^^^^^^^^^^^^^
  File "/usr/local/lib/python3.12/site-packages/django/contrib/admin/options.py", line 1984, in add_view
    return self.changeform_view(request, None, form_url, extra_context)
           ^^^^^^^^^^^^^^^^^^^^^^^^^^^^^^^^^^^^^^^^^^^^^^^^^^^^^^^^^^^^
  File "/usr/local/lib/python3.12/site-packages/django/utils/decorators.py", line 48, in _wrapper
    return bound_method(*args, **kwargs)
           ^^^^^^^^^^^^^^^^^^^^^^^^^^^^^
  File "/usr/local/lib/python3.12/site-packages/django/utils/decorators.py", line 192, in _view_wrapper
    result = _process_exception(request, e)
             ^^^^^^^^^^^^^^^^^^^^^^^^^^^^^^
  File "/usr/local/lib/python3.12/site-packages/django/utils/decorators.py", line 190, in _view_wrapper
    response = view_func(request, *args, **kwargs)
               ^^^^^^^^^^^^^^^^^^^^^^^^^^^^^^^^^^^
  File "/usr/local/lib/python3.12/site-packages/django/contrib/admin/options.py", line 1843, in changeform_view
    return self._changeform_view(request, object_id, form_url, extra_context)
           ^^^^^^^^^^^^^^^^^^^^^^^^^^^^^^^^^^^^^^^^^^^^^^^^^^^^^^^^^^^^^^^^^^
  File "/usr/local/lib/python3.12/site-packages/django/contrib/admin/options.py", line 1888, in _changeform_view
    form_validated = form.is_valid()
                     ^^^^^^^^^^^^^^^
  File "/usr/local/lib/python3.12/site-packages/django/forms/forms.py", line 206, in is_valid
    return self.is_bound and not self.errors
                                 ^^^^^^^^^^^
  File "/usr/local/lib/python3.12/site-packages/django/forms/forms.py", line 201, in errors
    self.full_clean()
  File "/usr/local/lib/python3.12/site-packages/django/forms/forms.py", line 339, in full_clean
    self._post_clean()
  File "/usr/local/lib/python3.12/site-packages/django/forms/models.py", line 504, in _post_clean
    self.validate_unique()
  File "/usr/local/lib/python3.12/site-packages/django/forms/models.py", line 513, in validate_unique
    self.instance.validate_unique(exclude=exclude)
  File "/usr/local/lib/python3.12/site-packages/django/db/models/base.py", line 1401, in validate_unique
    errors = self._perform_unique_checks(unique_checks)
             ^^^^^^^^^^^^^^^^^^^^^^^^^^^^^^^^^^^^^^^^^^
  File "/usr/local/lib/python3.12/site-packages/django/db/models/base.py", line 1516, in _perform_unique_checks
    if qs.exists():
       ^^^^^^^^^^^
  File "/usr/local/lib/python3.12/site-packages/django/db/models/query.py", line 1298, in exists
    return self.query.has_results(using=self.db)
           ^^^^^^^^^^^^^^^^^^^^^^^^^^^^^^^^^^^^^
  File "/usr/local/lib/python3.12/site-packages/django/db/models/sql/query.py", line 674, in has_results
    return compiler.has_results()
           ^^^^^^^^^^^^^^^^^^^^^^
  File "/usr/local/lib/python3.12/site-packages/django/db/models/sql/compiler.py", line 1591, in has_results
    return bool(self.execute_sql(SINGLE))
                ^^^^^^^^^^^^^^^^^^^^^^^^
  File "/usr/local/lib/python3.12/site-packages/django/db/models/sql/compiler.py", line 1623, in execute_sql
    cursor.execute(sql, params)
  File "/usr/local/lib/python3.12/site-packages/django/db/backends/utils.py", line 122, in execute
    return super().execute(sql, params)
           ^^^^^^^^^^^^^^^^^^^^^^^^^^^^
  File "/usr/local/lib/python3.12/site-packages/django/db/backends/utils.py", line 79, in execute
    return self._execute_with_wrappers(
           ^^^^^^^^^^^^^^^^^^^^^^^^^^^^
  File "/usr/local/lib/python3.12/site-packages/django/db/backends/utils.py", line 92, in _execute_with_wrappers
    return executor(sql, params, many, context)
           ^^^^^^^^^^^^^^^^^^^^^^^^^^^^^^^^^^^^
  File "/usr/local/lib/python3.12/site-packages/django/db/backends/utils.py", line 100, in _execute
    with self.db.wrap_database_errors:
  File "/usr/local/lib/python3.12/site-packages/django/db/utils.py", line 91, in __exit__
    raise dj_exc_value.with_traceback(traceback) from exc_value
  File "/usr/local/lib/python3.12/site-packages/django/db/backends/utils.py", line 105, in _execute
    return self.cursor.execute(sql, params)
           ^^^^^^^^^^^^^^^^^^^^^^^^^^^^^^^^
django.db.utils.ProgrammingError: relation "metrics_alert" does not exist
LINE 1: SELECT 1 AS "a" FROM "metrics_alert" WHERE "metrics_alert"."...
                             ^

2026-01-20 17:26:27,435 [ERROR] django.request: Internal Server Error: /admin/metrics/alert/add/ (/usr/local/lib/python3.12/site-packages/django/utils/log.py:253)
Traceback (most recent call last):
  File "/usr/local/lib/python3.12/site-packages/django/core/handlers/exception.py", line 55, in inner
    response = get_response(request)
               ^^^^^^^^^^^^^^^^^^^^^
  File "/usr/local/lib/python3.12/site-packages/django/core/handlers/base.py", line 197, in _get_response
    response = wrapped_callback(request, *callback_args, **callback_kwargs)
               ^^^^^^^^^^^^^^^^^^^^^^^^^^^^^^^^^^^^^^^^^^^^^^^^^^^^^^^^^^^^
  File "/usr/local/lib/python3.12/site-packages/django/contrib/admin/options.py", line 719, in wrapper
    return self.admin_site.admin_view(view)(*args, **kwargs)
           ^^^^^^^^^^^^^^^^^^^^^^^^^^^^^^^^^^^^^^^^^^^^^^^^^
  File "/usr/local/lib/python3.12/site-packages/django/utils/decorators.py", line 192, in _view_wrapper
    result = _process_exception(request, e)
             ^^^^^^^^^^^^^^^^^^^^^^^^^^^^^^
  File "/usr/local/lib/python3.12/site-packages/django/utils/decorators.py", line 190, in _view_wrapper
    response = view_func(request, *args, **kwargs)
               ^^^^^^^^^^^^^^^^^^^^^^^^^^^^^^^^^^^
  File "/usr/local/lib/python3.12/site-packages/django/views/decorators/cache.py", line 80, in _view_wrapper
    response = view_func(request, *args, **kwargs)
               ^^^^^^^^^^^^^^^^^^^^^^^^^^^^^^^^^^^
  File "/usr/local/lib/python3.12/site-packages/django/contrib/admin/sites.py", line 246, in inner
    return view(request, *args, **kwargs)
           ^^^^^^^^^^^^^^^^^^^^^^^^^^^^^^
  File "/usr/local/lib/python3.12/site-packages/django/contrib/admin/options.py", line 1984, in add_view
    return self.changeform_view(request, None, form_url, extra_context)
           ^^^^^^^^^^^^^^^^^^^^^^^^^^^^^^^^^^^^^^^^^^^^^^^^^^^^^^^^^^^^
  File "/usr/local/lib/python3.12/site-packages/django/utils/decorators.py", line 48, in _wrapper
    return bound_method(*args, **kwargs)
           ^^^^^^^^^^^^^^^^^^^^^^^^^^^^^
  File "/usr/local/lib/python3.12/site-packages/django/utils/decorators.py", line 192, in _view_wrapper
    result = _process_exception(request, e)
             ^^^^^^^^^^^^^^^^^^^^^^^^^^^^^^
  File "/usr/local/lib/python3.12/site-packages/django/utils/decorators.py", line 190, in _view_wrapper
    response = view_func(request, *args, **kwargs)
               ^^^^^^^^^^^^^^^^^^^^^^^^^^^^^^^^^^^
  File "/usr/local/lib/python3.12/site-packages/django/contrib/admin/options.py", line 1840, in changeform_view
    return self._changeform_view(request, object_id, form_url, extra_context)
           ^^^^^^^^^^^^^^^^^^^^^^^^^^^^^^^^^^^^^^^^^^^^^^^^^^^^^^^^^^^^^^^^^^
  File "/usr/local/lib/python3.12/site-packages/django/contrib/admin/options.py", line 1911, in _changeform_view
    formsets, inline_instances = self._create_formsets(
                                 ^^^^^^^^^^^^^^^^^^^^^^
  File "/usr/local/lib/python3.12/site-packages/django/contrib/admin/options.py", line 2358, in _create_formsets
    for FormSet, inline in self.get_formsets_with_inlines(*get_formsets_args):
  File "/usr/local/lib/python3.12/site-packages/django/contrib/admin/options.py", line 938, in get_formsets_with_inlines
    yield inline.get_formset(request, obj), inline
          ^^^^^^^^^^^^^^^^^^^^^^^^^^^^^^^^
  File "/usr/local/lib/python3.12/site-packages/django/contrib/admin/options.py", line 2535, in get_formset
    return inlineformset_factory(self.parent_model, self.model, **defaults)
           ^^^^^^^^^^^^^^^^^^^^^^^^^^^^^^^^^^^^^^^^^^^^^^^^^^^^^^^^^^^^^^^^
  File "/usr/local/lib/python3.12/site-packages/django/forms/models.py", line 1343, in inlineformset_factory
    FormSet = modelformset_factory(model, **kwargs)
              ^^^^^^^^^^^^^^^^^^^^^^^^^^^^^^^^^^^^^
  File "/usr/local/lib/python3.12/site-packages/django/forms/models.py", line 1051, in modelformset_factory
    form = modelform_factory(
           ^^^^^^^^^^^^^^^^^^
  File "/usr/local/lib/python3.12/site-packages/django/forms/models.py", line 654, in modelform_factory
    return type(form)(class_name, (form,), form_class_attrs)
           ^^^^^^^^^^^^^^^^^^^^^^^^^^^^^^^^^^^^^^^^^^^^^^^^^
  File "/usr/local/lib/python3.12/site-packages/django/forms/models.py", line 334, in __new__
    raise FieldError(message)
django.core.exceptions.FieldError: Unknown field(s) (Condición, Metrica, Porcentaje) specified for AlertCondition
2026-01-20 17:26:28,428 [ERROR] django.request: Internal Server Error: /admin/metrics/alert/add/ (/usr/local/lib/python3.12/site-packages/django/utils/log.py:253)
Traceback (most recent call last):
  File "/usr/local/lib/python3.12/site-packages/django/core/handlers/exception.py", line 55, in inner
    response = get_response(request)
               ^^^^^^^^^^^^^^^^^^^^^
  File "/usr/local/lib/python3.12/site-packages/django/core/handlers/base.py", line 197, in _get_response
    response = wrapped_callback(request, *callback_args, **callback_kwargs)
               ^^^^^^^^^^^^^^^^^^^^^^^^^^^^^^^^^^^^^^^^^^^^^^^^^^^^^^^^^^^^
  File "/usr/local/lib/python3.12/site-packages/django/contrib/admin/options.py", line 719, in wrapper
    return self.admin_site.admin_view(view)(*args, **kwargs)
           ^^^^^^^^^^^^^^^^^^^^^^^^^^^^^^^^^^^^^^^^^^^^^^^^^
  File "/usr/local/lib/python3.12/site-packages/django/utils/decorators.py", line 192, in _view_wrapper
    result = _process_exception(request, e)
             ^^^^^^^^^^^^^^^^^^^^^^^^^^^^^^
  File "/usr/local/lib/python3.12/site-packages/django/utils/decorators.py", line 190, in _view_wrapper
    response = view_func(request, *args, **kwargs)
               ^^^^^^^^^^^^^^^^^^^^^^^^^^^^^^^^^^^
  File "/usr/local/lib/python3.12/site-packages/django/views/decorators/cache.py", line 80, in _view_wrapper
    response = view_func(request, *args, **kwargs)
               ^^^^^^^^^^^^^^^^^^^^^^^^^^^^^^^^^^^
  File "/usr/local/lib/python3.12/site-packages/django/contrib/admin/sites.py", line 246, in inner
    return view(request, *args, **kwargs)
           ^^^^^^^^^^^^^^^^^^^^^^^^^^^^^^
  File "/usr/local/lib/python3.12/site-packages/django/contrib/admin/options.py", line 1984, in add_view
    return self.changeform_view(request, None, form_url, extra_context)
           ^^^^^^^^^^^^^^^^^^^^^^^^^^^^^^^^^^^^^^^^^^^^^^^^^^^^^^^^^^^^
  File "/usr/local/lib/python3.12/site-packages/django/utils/decorators.py", line 48, in _wrapper
    return bound_method(*args, **kwargs)
           ^^^^^^^^^^^^^^^^^^^^^^^^^^^^^
  File "/usr/local/lib/python3.12/site-packages/django/utils/decorators.py", line 192, in _view_wrapper
    result = _process_exception(request, e)
             ^^^^^^^^^^^^^^^^^^^^^^^^^^^^^^
  File "/usr/local/lib/python3.12/site-packages/django/utils/decorators.py", line 190, in _view_wrapper
    response = view_func(request, *args, **kwargs)
               ^^^^^^^^^^^^^^^^^^^^^^^^^^^^^^^^^^^
  File "/usr/local/lib/python3.12/site-packages/django/contrib/admin/options.py", line 1840, in changeform_view
    return self._changeform_view(request, object_id, form_url, extra_context)
           ^^^^^^^^^^^^^^^^^^^^^^^^^^^^^^^^^^^^^^^^^^^^^^^^^^^^^^^^^^^^^^^^^^
  File "/usr/local/lib/python3.12/site-packages/django/contrib/admin/options.py", line 1911, in _changeform_view
    formsets, inline_instances = self._create_formsets(
                                 ^^^^^^^^^^^^^^^^^^^^^^
  File "/usr/local/lib/python3.12/site-packages/django/contrib/admin/options.py", line 2358, in _create_formsets
    for FormSet, inline in self.get_formsets_with_inlines(*get_formsets_args):
  File "/usr/local/lib/python3.12/site-packages/django/contrib/admin/options.py", line 938, in get_formsets_with_inlines
    yield inline.get_formset(request, obj), inline
          ^^^^^^^^^^^^^^^^^^^^^^^^^^^^^^^^
  File "/usr/local/lib/python3.12/site-packages/django/contrib/admin/options.py", line 2535, in get_formset
    return inlineformset_factory(self.parent_model, self.model, **defaults)
           ^^^^^^^^^^^^^^^^^^^^^^^^^^^^^^^^^^^^^^^^^^^^^^^^^^^^^^^^^^^^^^^^
  File "/usr/local/lib/python3.12/site-packages/django/forms/models.py", line 1343, in inlineformset_factory
    FormSet = modelformset_factory(model, **kwargs)
              ^^^^^^^^^^^^^^^^^^^^^^^^^^^^^^^^^^^^^
  File "/usr/local/lib/python3.12/site-packages/django/forms/models.py", line 1051, in modelformset_factory
    form = modelform_factory(
           ^^^^^^^^^^^^^^^^^^
  File "/usr/local/lib/python3.12/site-packages/django/forms/models.py", line 654, in modelform_factory
    return type(form)(class_name, (form,), form_class_attrs)
           ^^^^^^^^^^^^^^^^^^^^^^^^^^^^^^^^^^^^^^^^^^^^^^^^^
  File "/usr/local/lib/python3.12/site-packages/django/forms/models.py", line 334, in __new__
    raise FieldError(message)
django.core.exceptions.FieldError: Unknown field(s) (Condición, Metrica, Porcentaje) specified for AlertCondition
2026-01-20 17:26:36,032 [ERROR] django.request: Internal Server Error: /admin/metrics/alert/add/ (/usr/local/lib/python3.12/site-packages/django/utils/log.py:253)
Traceback (most recent call last):
  File "/usr/local/lib/python3.12/site-packages/django/core/handlers/exception.py", line 55, in inner
    response = get_response(request)
               ^^^^^^^^^^^^^^^^^^^^^
  File "/usr/local/lib/python3.12/site-packages/django/core/handlers/base.py", line 197, in _get_response
    response = wrapped_callback(request, *callback_args, **callback_kwargs)
               ^^^^^^^^^^^^^^^^^^^^^^^^^^^^^^^^^^^^^^^^^^^^^^^^^^^^^^^^^^^^
  File "/usr/local/lib/python3.12/site-packages/django/contrib/admin/options.py", line 719, in wrapper
    return self.admin_site.admin_view(view)(*args, **kwargs)
           ^^^^^^^^^^^^^^^^^^^^^^^^^^^^^^^^^^^^^^^^^^^^^^^^^
  File "/usr/local/lib/python3.12/site-packages/django/utils/decorators.py", line 192, in _view_wrapper
    result = _process_exception(request, e)
             ^^^^^^^^^^^^^^^^^^^^^^^^^^^^^^
  File "/usr/local/lib/python3.12/site-packages/django/utils/decorators.py", line 190, in _view_wrapper
    response = view_func(request, *args, **kwargs)
               ^^^^^^^^^^^^^^^^^^^^^^^^^^^^^^^^^^^
  File "/usr/local/lib/python3.12/site-packages/django/views/decorators/cache.py", line 80, in _view_wrapper
    response = view_func(request, *args, **kwargs)
               ^^^^^^^^^^^^^^^^^^^^^^^^^^^^^^^^^^^
  File "/usr/local/lib/python3.12/site-packages/django/contrib/admin/sites.py", line 246, in inner
    return view(request, *args, **kwargs)
           ^^^^^^^^^^^^^^^^^^^^^^^^^^^^^^
  File "/usr/local/lib/python3.12/site-packages/django/contrib/admin/options.py", line 1984, in add_view
    return self.changeform_view(request, None, form_url, extra_context)
           ^^^^^^^^^^^^^^^^^^^^^^^^^^^^^^^^^^^^^^^^^^^^^^^^^^^^^^^^^^^^
  File "/usr/local/lib/python3.12/site-packages/django/utils/decorators.py", line 48, in _wrapper
    return bound_method(*args, **kwargs)
           ^^^^^^^^^^^^^^^^^^^^^^^^^^^^^
  File "/usr/local/lib/python3.12/site-packages/django/utils/decorators.py", line 192, in _view_wrapper
    result = _process_exception(request, e)
             ^^^^^^^^^^^^^^^^^^^^^^^^^^^^^^
  File "/usr/local/lib/python3.12/site-packages/django/utils/decorators.py", line 190, in _view_wrapper
    response = view_func(request, *args, **kwargs)
               ^^^^^^^^^^^^^^^^^^^^^^^^^^^^^^^^^^^
  File "/usr/local/lib/python3.12/site-packages/django/contrib/admin/options.py", line 1840, in changeform_view
    return self._changeform_view(request, object_id, form_url, extra_context)
           ^^^^^^^^^^^^^^^^^^^^^^^^^^^^^^^^^^^^^^^^^^^^^^^^^^^^^^^^^^^^^^^^^^
  File "/usr/local/lib/python3.12/site-packages/django/contrib/admin/options.py", line 1911, in _changeform_view
    formsets, inline_instances = self._create_formsets(
                                 ^^^^^^^^^^^^^^^^^^^^^^
  File "/usr/local/lib/python3.12/site-packages/django/contrib/admin/options.py", line 2358, in _create_formsets
    for FormSet, inline in self.get_formsets_with_inlines(*get_formsets_args):
  File "/usr/local/lib/python3.12/site-packages/django/contrib/admin/options.py", line 938, in get_formsets_with_inlines
    yield inline.get_formset(request, obj), inline
          ^^^^^^^^^^^^^^^^^^^^^^^^^^^^^^^^
  File "/usr/local/lib/python3.12/site-packages/django/contrib/admin/options.py", line 2535, in get_formset
    return inlineformset_factory(self.parent_model, self.model, **defaults)
           ^^^^^^^^^^^^^^^^^^^^^^^^^^^^^^^^^^^^^^^^^^^^^^^^^^^^^^^^^^^^^^^^
  File "/usr/local/lib/python3.12/site-packages/django/forms/models.py", line 1343, in inlineformset_factory
    FormSet = modelformset_factory(model, **kwargs)
              ^^^^^^^^^^^^^^^^^^^^^^^^^^^^^^^^^^^^^
  File "/usr/local/lib/python3.12/site-packages/django/forms/models.py", line 1051, in modelformset_factory
    form = modelform_factory(
           ^^^^^^^^^^^^^^^^^^
  File "/usr/local/lib/python3.12/site-packages/django/forms/models.py", line 654, in modelform_factory
    return type(form)(class_name, (form,), form_class_attrs)
           ^^^^^^^^^^^^^^^^^^^^^^^^^^^^^^^^^^^^^^^^^^^^^^^^^
  File "/usr/local/lib/python3.12/site-packages/django/forms/models.py", line 334, in __new__
    raise FieldError(message)
django.core.exceptions.FieldError: Unknown field(s) (Condición, Metrica, Porcentaje) specified for AlertCondition
2026-01-20 17:27:18,719 [ERROR] django.request: Internal Server Error: /admin/metrics/alert/add/ (/usr/local/lib/python3.12/site-packages/django/utils/log.py:253)
Traceback (most recent call last):
  File "/usr/local/lib/python3.12/site-packages/django/core/handlers/exception.py", line 55, in inner
    response = get_response(request)
               ^^^^^^^^^^^^^^^^^^^^^
  File "/usr/local/lib/python3.12/site-packages/django/core/handlers/base.py", line 197, in _get_response
    response = wrapped_callback(request, *callback_args, **callback_kwargs)
               ^^^^^^^^^^^^^^^^^^^^^^^^^^^^^^^^^^^^^^^^^^^^^^^^^^^^^^^^^^^^
  File "/usr/local/lib/python3.12/site-packages/django/contrib/admin/options.py", line 719, in wrapper
    return self.admin_site.admin_view(view)(*args, **kwargs)
           ^^^^^^^^^^^^^^^^^^^^^^^^^^^^^^^^^^^^^^^^^^^^^^^^^
  File "/usr/local/lib/python3.12/site-packages/django/utils/decorators.py", line 192, in _view_wrapper
    result = _process_exception(request, e)
             ^^^^^^^^^^^^^^^^^^^^^^^^^^^^^^
  File "/usr/local/lib/python3.12/site-packages/django/utils/decorators.py", line 190, in _view_wrapper
    response = view_func(request, *args, **kwargs)
               ^^^^^^^^^^^^^^^^^^^^^^^^^^^^^^^^^^^
  File "/usr/local/lib/python3.12/site-packages/django/views/decorators/cache.py", line 80, in _view_wrapper
    response = view_func(request, *args, **kwargs)
               ^^^^^^^^^^^^^^^^^^^^^^^^^^^^^^^^^^^
  File "/usr/local/lib/python3.12/site-packages/django/contrib/admin/sites.py", line 246, in inner
    return view(request, *args, **kwargs)
           ^^^^^^^^^^^^^^^^^^^^^^^^^^^^^^
  File "/usr/local/lib/python3.12/site-packages/django/contrib/admin/options.py", line 1984, in add_view
    return self.changeform_view(request, None, form_url, extra_context)
           ^^^^^^^^^^^^^^^^^^^^^^^^^^^^^^^^^^^^^^^^^^^^^^^^^^^^^^^^^^^^
  File "/usr/local/lib/python3.12/site-packages/django/utils/decorators.py", line 48, in _wrapper
    return bound_method(*args, **kwargs)
           ^^^^^^^^^^^^^^^^^^^^^^^^^^^^^
  File "/usr/local/lib/python3.12/site-packages/django/utils/decorators.py", line 192, in _view_wrapper
    result = _process_exception(request, e)
             ^^^^^^^^^^^^^^^^^^^^^^^^^^^^^^
  File "/usr/local/lib/python3.12/site-packages/django/utils/decorators.py", line 190, in _view_wrapper
    response = view_func(request, *args, **kwargs)
               ^^^^^^^^^^^^^^^^^^^^^^^^^^^^^^^^^^^
  File "/usr/local/lib/python3.12/site-packages/django/contrib/admin/options.py", line 1840, in changeform_view
    return self._changeform_view(request, object_id, form_url, extra_context)
           ^^^^^^^^^^^^^^^^^^^^^^^^^^^^^^^^^^^^^^^^^^^^^^^^^^^^^^^^^^^^^^^^^^
  File "/usr/local/lib/python3.12/site-packages/django/contrib/admin/options.py", line 1911, in _changeform_view
    formsets, inline_instances = self._create_formsets(
                                 ^^^^^^^^^^^^^^^^^^^^^^
  File "/usr/local/lib/python3.12/site-packages/django/contrib/admin/options.py", line 2358, in _create_formsets
    for FormSet, inline in self.get_formsets_with_inlines(*get_formsets_args):
  File "/usr/local/lib/python3.12/site-packages/django/contrib/admin/options.py", line 938, in get_formsets_with_inlines
    yield inline.get_formset(request, obj), inline
          ^^^^^^^^^^^^^^^^^^^^^^^^^^^^^^^^
  File "/usr/local/lib/python3.12/site-packages/django/contrib/admin/options.py", line 2535, in get_formset
    return inlineformset_factory(self.parent_model, self.model, **defaults)
           ^^^^^^^^^^^^^^^^^^^^^^^^^^^^^^^^^^^^^^^^^^^^^^^^^^^^^^^^^^^^^^^^
  File "/usr/local/lib/python3.12/site-packages/django/forms/models.py", line 1343, in inlineformset_factory
    FormSet = modelformset_factory(model, **kwargs)
              ^^^^^^^^^^^^^^^^^^^^^^^^^^^^^^^^^^^^^
  File "/usr/local/lib/python3.12/site-packages/django/forms/models.py", line 1051, in modelformset_factory
    form = modelform_factory(
           ^^^^^^^^^^^^^^^^^^
  File "/usr/local/lib/python3.12/site-packages/django/forms/models.py", line 654, in modelform_factory
    return type(form)(class_name, (form,), form_class_attrs)
           ^^^^^^^^^^^^^^^^^^^^^^^^^^^^^^^^^^^^^^^^^^^^^^^^^
  File "/usr/local/lib/python3.12/site-packages/django/forms/models.py", line 334, in __new__
    raise FieldError(message)
django.core.exceptions.FieldError: Unknown field(s) (Condición, Metrica, Porcentaje) specified for AlertCondition
2026-01-20 17:27:44,527 [ERROR] django.request: Internal Server Error: /admin/metrics/alert/add/ (/usr/local/lib/python3.12/site-packages/django/utils/log.py:253)
Traceback (most recent call last):
  File "/usr/local/lib/python3.12/site-packages/django/core/handlers/exception.py", line 55, in inner
    response = get_response(request)
               ^^^^^^^^^^^^^^^^^^^^^
  File "/usr/local/lib/python3.12/site-packages/django/core/handlers/base.py", line 197, in _get_response
    response = wrapped_callback(request, *callback_args, **callback_kwargs)
               ^^^^^^^^^^^^^^^^^^^^^^^^^^^^^^^^^^^^^^^^^^^^^^^^^^^^^^^^^^^^
  File "/usr/local/lib/python3.12/site-packages/django/contrib/admin/options.py", line 719, in wrapper
    return self.admin_site.admin_view(view)(*args, **kwargs)
           ^^^^^^^^^^^^^^^^^^^^^^^^^^^^^^^^^^^^^^^^^^^^^^^^^
  File "/usr/local/lib/python3.12/site-packages/django/utils/decorators.py", line 192, in _view_wrapper
    result = _process_exception(request, e)
             ^^^^^^^^^^^^^^^^^^^^^^^^^^^^^^
  File "/usr/local/lib/python3.12/site-packages/django/utils/decorators.py", line 190, in _view_wrapper
    response = view_func(request, *args, **kwargs)
               ^^^^^^^^^^^^^^^^^^^^^^^^^^^^^^^^^^^
  File "/usr/local/lib/python3.12/site-packages/django/views/decorators/cache.py", line 80, in _view_wrapper
    response = view_func(request, *args, **kwargs)
               ^^^^^^^^^^^^^^^^^^^^^^^^^^^^^^^^^^^
  File "/usr/local/lib/python3.12/site-packages/django/contrib/admin/sites.py", line 246, in inner
    return view(request, *args, **kwargs)
           ^^^^^^^^^^^^^^^^^^^^^^^^^^^^^^
  File "/usr/local/lib/python3.12/site-packages/django/contrib/admin/options.py", line 1984, in add_view
    return self.changeform_view(request, None, form_url, extra_context)
           ^^^^^^^^^^^^^^^^^^^^^^^^^^^^^^^^^^^^^^^^^^^^^^^^^^^^^^^^^^^^
  File "/usr/local/lib/python3.12/site-packages/django/utils/decorators.py", line 48, in _wrapper
    return bound_method(*args, **kwargs)
           ^^^^^^^^^^^^^^^^^^^^^^^^^^^^^
  File "/usr/local/lib/python3.12/site-packages/django/utils/decorators.py", line 192, in _view_wrapper
    result = _process_exception(request, e)
             ^^^^^^^^^^^^^^^^^^^^^^^^^^^^^^
  File "/usr/local/lib/python3.12/site-packages/django/utils/decorators.py", line 190, in _view_wrapper
    response = view_func(request, *args, **kwargs)
               ^^^^^^^^^^^^^^^^^^^^^^^^^^^^^^^^^^^
  File "/usr/local/lib/python3.12/site-packages/django/contrib/admin/options.py", line 1840, in changeform_view
    return self._changeform_view(request, object_id, form_url, extra_context)
           ^^^^^^^^^^^^^^^^^^^^^^^^^^^^^^^^^^^^^^^^^^^^^^^^^^^^^^^^^^^^^^^^^^
  File "/usr/local/lib/python3.12/site-packages/django/contrib/admin/options.py", line 1911, in _changeform_view
    formsets, inline_instances = self._create_formsets(
                                 ^^^^^^^^^^^^^^^^^^^^^^
  File "/usr/local/lib/python3.12/site-packages/django/contrib/admin/options.py", line 2358, in _create_formsets
    for FormSet, inline in self.get_formsets_with_inlines(*get_formsets_args):
  File "/usr/local/lib/python3.12/site-packages/django/contrib/admin/options.py", line 938, in get_formsets_with_inlines
    yield inline.get_formset(request, obj), inline
          ^^^^^^^^^^^^^^^^^^^^^^^^^^^^^^^^
  File "/usr/local/lib/python3.12/site-packages/django/contrib/admin/options.py", line 2535, in get_formset
    return inlineformset_factory(self.parent_model, self.model, **defaults)
           ^^^^^^^^^^^^^^^^^^^^^^^^^^^^^^^^^^^^^^^^^^^^^^^^^^^^^^^^^^^^^^^^
  File "/usr/local/lib/python3.12/site-packages/django/forms/models.py", line 1343, in inlineformset_factory
    FormSet = modelformset_factory(model, **kwargs)
              ^^^^^^^^^^^^^^^^^^^^^^^^^^^^^^^^^^^^^
  File "/usr/local/lib/python3.12/site-packages/django/forms/models.py", line 1051, in modelformset_factory
    form = modelform_factory(
           ^^^^^^^^^^^^^^^^^^
  File "/usr/local/lib/python3.12/site-packages/django/forms/models.py", line 654, in modelform_factory
    return type(form)(class_name, (form,), form_class_attrs)
           ^^^^^^^^^^^^^^^^^^^^^^^^^^^^^^^^^^^^^^^^^^^^^^^^^
  File "/usr/local/lib/python3.12/site-packages/django/forms/models.py", line 334, in __new__
    raise FieldError(message)
django.core.exceptions.FieldError: Unknown field(s) (Condición, Metrica, Porcentaje) specified for AlertCondition
2026-01-20 19:24:29,256 [ERROR] django.request: Internal Server Error: /admin/metrics/alert/add/ (/usr/local/lib/python3.12/site-packages/django/utils/log.py:253)
Traceback (most recent call last):
  File "/usr/local/lib/python3.12/site-packages/django/core/handlers/exception.py", line 55, in inner
    response = get_response(request)
               ^^^^^^^^^^^^^^^^^^^^^
  File "/usr/local/lib/python3.12/site-packages/django/core/handlers/base.py", line 197, in _get_response
    response = wrapped_callback(request, *callback_args, **callback_kwargs)
               ^^^^^^^^^^^^^^^^^^^^^^^^^^^^^^^^^^^^^^^^^^^^^^^^^^^^^^^^^^^^
  File "/usr/local/lib/python3.12/site-packages/django/contrib/admin/options.py", line 719, in wrapper
    return self.admin_site.admin_view(view)(*args, **kwargs)
           ^^^^^^^^^^^^^^^^^^^^^^^^^^^^^^^^^^^^^^^^^^^^^^^^^
  File "/usr/local/lib/python3.12/site-packages/django/utils/decorators.py", line 192, in _view_wrapper
    result = _process_exception(request, e)
             ^^^^^^^^^^^^^^^^^^^^^^^^^^^^^^
  File "/usr/local/lib/python3.12/site-packages/django/utils/decorators.py", line 190, in _view_wrapper
    response = view_func(request, *args, **kwargs)
               ^^^^^^^^^^^^^^^^^^^^^^^^^^^^^^^^^^^
  File "/usr/local/lib/python3.12/site-packages/django/views/decorators/cache.py", line 80, in _view_wrapper
    response = view_func(request, *args, **kwargs)
               ^^^^^^^^^^^^^^^^^^^^^^^^^^^^^^^^^^^
  File "/usr/local/lib/python3.12/site-packages/django/contrib/admin/sites.py", line 246, in inner
    return view(request, *args, **kwargs)
           ^^^^^^^^^^^^^^^^^^^^^^^^^^^^^^
  File "/usr/local/lib/python3.12/site-packages/django/contrib/admin/options.py", line 1984, in add_view
    return self.changeform_view(request, None, form_url, extra_context)
           ^^^^^^^^^^^^^^^^^^^^^^^^^^^^^^^^^^^^^^^^^^^^^^^^^^^^^^^^^^^^
  File "/usr/local/lib/python3.12/site-packages/django/utils/decorators.py", line 48, in _wrapper
    return bound_method(*args, **kwargs)
           ^^^^^^^^^^^^^^^^^^^^^^^^^^^^^
  File "/usr/local/lib/python3.12/site-packages/django/utils/decorators.py", line 192, in _view_wrapper
    result = _process_exception(request, e)
             ^^^^^^^^^^^^^^^^^^^^^^^^^^^^^^
  File "/usr/local/lib/python3.12/site-packages/django/utils/decorators.py", line 190, in _view_wrapper
    response = view_func(request, *args, **kwargs)
               ^^^^^^^^^^^^^^^^^^^^^^^^^^^^^^^^^^^
  File "/usr/local/lib/python3.12/site-packages/django/contrib/admin/options.py", line 1840, in changeform_view
    return self._changeform_view(request, object_id, form_url, extra_context)
           ^^^^^^^^^^^^^^^^^^^^^^^^^^^^^^^^^^^^^^^^^^^^^^^^^^^^^^^^^^^^^^^^^^
  File "/usr/local/lib/python3.12/site-packages/django/contrib/admin/options.py", line 1911, in _changeform_view
    formsets, inline_instances = self._create_formsets(
                                 ^^^^^^^^^^^^^^^^^^^^^^
  File "/usr/local/lib/python3.12/site-packages/django/contrib/admin/options.py", line 2358, in _create_formsets
    for FormSet, inline in self.get_formsets_with_inlines(*get_formsets_args):
  File "/usr/local/lib/python3.12/site-packages/django/contrib/admin/options.py", line 938, in get_formsets_with_inlines
    yield inline.get_formset(request, obj), inline
          ^^^^^^^^^^^^^^^^^^^^^^^^^^^^^^^^
  File "/usr/local/lib/python3.12/site-packages/django/contrib/admin/options.py", line 2535, in get_formset
    return inlineformset_factory(self.parent_model, self.model, **defaults)
           ^^^^^^^^^^^^^^^^^^^^^^^^^^^^^^^^^^^^^^^^^^^^^^^^^^^^^^^^^^^^^^^^
  File "/usr/local/lib/python3.12/site-packages/django/forms/models.py", line 1343, in inlineformset_factory
    FormSet = modelformset_factory(model, **kwargs)
              ^^^^^^^^^^^^^^^^^^^^^^^^^^^^^^^^^^^^^
  File "/usr/local/lib/python3.12/site-packages/django/forms/models.py", line 1051, in modelformset_factory
    form = modelform_factory(
           ^^^^^^^^^^^^^^^^^^
  File "/usr/local/lib/python3.12/site-packages/django/forms/models.py", line 654, in modelform_factory
    return type(form)(class_name, (form,), form_class_attrs)
           ^^^^^^^^^^^^^^^^^^^^^^^^^^^^^^^^^^^^^^^^^^^^^^^^^
  File "/usr/local/lib/python3.12/site-packages/django/forms/models.py", line 334, in __new__
    raise FieldError(message)
django.core.exceptions.FieldError: Unknown field(s) (Metrica, Porcentaje, Condición) specified for AlertCondition
2026-01-20 19:25:26,254 [ERROR] django.request: Internal Server Error: /admin/metrics/alert/add/ (/usr/local/lib/python3.12/site-packages/django/utils/log.py:253)
Traceback (most recent call last):
  File "/usr/local/lib/python3.12/site-packages/django/core/handlers/exception.py", line 55, in inner
    response = get_response(request)
               ^^^^^^^^^^^^^^^^^^^^^
  File "/usr/local/lib/python3.12/site-packages/django/core/handlers/base.py", line 197, in _get_response
    response = wrapped_callback(request, *callback_args, **callback_kwargs)
               ^^^^^^^^^^^^^^^^^^^^^^^^^^^^^^^^^^^^^^^^^^^^^^^^^^^^^^^^^^^^
  File "/usr/local/lib/python3.12/site-packages/django/contrib/admin/options.py", line 719, in wrapper
    return self.admin_site.admin_view(view)(*args, **kwargs)
           ^^^^^^^^^^^^^^^^^^^^^^^^^^^^^^^^^^^^^^^^^^^^^^^^^
  File "/usr/local/lib/python3.12/site-packages/django/utils/decorators.py", line 192, in _view_wrapper
    result = _process_exception(request, e)
             ^^^^^^^^^^^^^^^^^^^^^^^^^^^^^^
  File "/usr/local/lib/python3.12/site-packages/django/utils/decorators.py", line 190, in _view_wrapper
    response = view_func(request, *args, **kwargs)
               ^^^^^^^^^^^^^^^^^^^^^^^^^^^^^^^^^^^
  File "/usr/local/lib/python3.12/site-packages/django/views/decorators/cache.py", line 80, in _view_wrapper
    response = view_func(request, *args, **kwargs)
               ^^^^^^^^^^^^^^^^^^^^^^^^^^^^^^^^^^^
  File "/usr/local/lib/python3.12/site-packages/django/contrib/admin/sites.py", line 246, in inner
    return view(request, *args, **kwargs)
           ^^^^^^^^^^^^^^^^^^^^^^^^^^^^^^
  File "/usr/local/lib/python3.12/site-packages/django/contrib/admin/options.py", line 1984, in add_view
    return self.changeform_view(request, None, form_url, extra_context)
           ^^^^^^^^^^^^^^^^^^^^^^^^^^^^^^^^^^^^^^^^^^^^^^^^^^^^^^^^^^^^
  File "/usr/local/lib/python3.12/site-packages/django/utils/decorators.py", line 48, in _wrapper
    return bound_method(*args, **kwargs)
           ^^^^^^^^^^^^^^^^^^^^^^^^^^^^^
  File "/usr/local/lib/python3.12/site-packages/django/utils/decorators.py", line 192, in _view_wrapper
    result = _process_exception(request, e)
             ^^^^^^^^^^^^^^^^^^^^^^^^^^^^^^
  File "/usr/local/lib/python3.12/site-packages/django/utils/decorators.py", line 190, in _view_wrapper
    response = view_func(request, *args, **kwargs)
               ^^^^^^^^^^^^^^^^^^^^^^^^^^^^^^^^^^^
  File "/usr/local/lib/python3.12/site-packages/django/contrib/admin/options.py", line 1840, in changeform_view
    return self._changeform_view(request, object_id, form_url, extra_context)
           ^^^^^^^^^^^^^^^^^^^^^^^^^^^^^^^^^^^^^^^^^^^^^^^^^^^^^^^^^^^^^^^^^^
  File "/usr/local/lib/python3.12/site-packages/django/contrib/admin/options.py", line 1911, in _changeform_view
    formsets, inline_instances = self._create_formsets(
                                 ^^^^^^^^^^^^^^^^^^^^^^
  File "/usr/local/lib/python3.12/site-packages/django/contrib/admin/options.py", line 2358, in _create_formsets
    for FormSet, inline in self.get_formsets_with_inlines(*get_formsets_args):
  File "/usr/local/lib/python3.12/site-packages/django/contrib/admin/options.py", line 938, in get_formsets_with_inlines
    yield inline.get_formset(request, obj), inline
          ^^^^^^^^^^^^^^^^^^^^^^^^^^^^^^^^
  File "/usr/local/lib/python3.12/site-packages/django/contrib/admin/options.py", line 2535, in get_formset
    return inlineformset_factory(self.parent_model, self.model, **defaults)
           ^^^^^^^^^^^^^^^^^^^^^^^^^^^^^^^^^^^^^^^^^^^^^^^^^^^^^^^^^^^^^^^^
  File "/usr/local/lib/python3.12/site-packages/django/forms/models.py", line 1343, in inlineformset_factory
    FormSet = modelformset_factory(model, **kwargs)
              ^^^^^^^^^^^^^^^^^^^^^^^^^^^^^^^^^^^^^
  File "/usr/local/lib/python3.12/site-packages/django/forms/models.py", line 1051, in modelformset_factory
    form = modelform_factory(
           ^^^^^^^^^^^^^^^^^^
  File "/usr/local/lib/python3.12/site-packages/django/forms/models.py", line 654, in modelform_factory
    return type(form)(class_name, (form,), form_class_attrs)
           ^^^^^^^^^^^^^^^^^^^^^^^^^^^^^^^^^^^^^^^^^^^^^^^^^
  File "/usr/local/lib/python3.12/site-packages/django/forms/models.py", line 334, in __new__
    raise FieldError(message)
django.core.exceptions.FieldError: Unknown field(s) (Condición, Porcentaje, Metrica) specified for AlertCondition
2026-01-20 19:25:27,960 [ERROR] django.request: Internal Server Error: /admin/metrics/alert/add/ (/usr/local/lib/python3.12/site-packages/django/utils/log.py:253)
Traceback (most recent call last):
  File "/usr/local/lib/python3.12/site-packages/django/core/handlers/exception.py", line 55, in inner
    response = get_response(request)
               ^^^^^^^^^^^^^^^^^^^^^
  File "/usr/local/lib/python3.12/site-packages/django/core/handlers/base.py", line 197, in _get_response
    response = wrapped_callback(request, *callback_args, **callback_kwargs)
               ^^^^^^^^^^^^^^^^^^^^^^^^^^^^^^^^^^^^^^^^^^^^^^^^^^^^^^^^^^^^
  File "/usr/local/lib/python3.12/site-packages/django/contrib/admin/options.py", line 719, in wrapper
    return self.admin_site.admin_view(view)(*args, **kwargs)
           ^^^^^^^^^^^^^^^^^^^^^^^^^^^^^^^^^^^^^^^^^^^^^^^^^
  File "/usr/local/lib/python3.12/site-packages/django/utils/decorators.py", line 192, in _view_wrapper
    result = _process_exception(request, e)
             ^^^^^^^^^^^^^^^^^^^^^^^^^^^^^^
  File "/usr/local/lib/python3.12/site-packages/django/utils/decorators.py", line 190, in _view_wrapper
    response = view_func(request, *args, **kwargs)
               ^^^^^^^^^^^^^^^^^^^^^^^^^^^^^^^^^^^
  File "/usr/local/lib/python3.12/site-packages/django/views/decorators/cache.py", line 80, in _view_wrapper
    response = view_func(request, *args, **kwargs)
               ^^^^^^^^^^^^^^^^^^^^^^^^^^^^^^^^^^^
  File "/usr/local/lib/python3.12/site-packages/django/contrib/admin/sites.py", line 246, in inner
    return view(request, *args, **kwargs)
           ^^^^^^^^^^^^^^^^^^^^^^^^^^^^^^
  File "/usr/local/lib/python3.12/site-packages/django/contrib/admin/options.py", line 1984, in add_view
    return self.changeform_view(request, None, form_url, extra_context)
           ^^^^^^^^^^^^^^^^^^^^^^^^^^^^^^^^^^^^^^^^^^^^^^^^^^^^^^^^^^^^
  File "/usr/local/lib/python3.12/site-packages/django/utils/decorators.py", line 48, in _wrapper
    return bound_method(*args, **kwargs)
           ^^^^^^^^^^^^^^^^^^^^^^^^^^^^^
  File "/usr/local/lib/python3.12/site-packages/django/utils/decorators.py", line 192, in _view_wrapper
    result = _process_exception(request, e)
             ^^^^^^^^^^^^^^^^^^^^^^^^^^^^^^
  File "/usr/local/lib/python3.12/site-packages/django/utils/decorators.py", line 190, in _view_wrapper
    response = view_func(request, *args, **kwargs)
               ^^^^^^^^^^^^^^^^^^^^^^^^^^^^^^^^^^^
  File "/usr/local/lib/python3.12/site-packages/django/contrib/admin/options.py", line 1840, in changeform_view
    return self._changeform_view(request, object_id, form_url, extra_context)
           ^^^^^^^^^^^^^^^^^^^^^^^^^^^^^^^^^^^^^^^^^^^^^^^^^^^^^^^^^^^^^^^^^^
  File "/usr/local/lib/python3.12/site-packages/django/contrib/admin/options.py", line 1911, in _changeform_view
    formsets, inline_instances = self._create_formsets(
                                 ^^^^^^^^^^^^^^^^^^^^^^
  File "/usr/local/lib/python3.12/site-packages/django/contrib/admin/options.py", line 2358, in _create_formsets
    for FormSet, inline in self.get_formsets_with_inlines(*get_formsets_args):
  File "/usr/local/lib/python3.12/site-packages/django/contrib/admin/options.py", line 938, in get_formsets_with_inlines
    yield inline.get_formset(request, obj), inline
          ^^^^^^^^^^^^^^^^^^^^^^^^^^^^^^^^
  File "/usr/local/lib/python3.12/site-packages/django/contrib/admin/options.py", line 2535, in get_formset
    return inlineformset_factory(self.parent_model, self.model, **defaults)
           ^^^^^^^^^^^^^^^^^^^^^^^^^^^^^^^^^^^^^^^^^^^^^^^^^^^^^^^^^^^^^^^^
  File "/usr/local/lib/python3.12/site-packages/django/forms/models.py", line 1343, in inlineformset_factory
    FormSet = modelformset_factory(model, **kwargs)
              ^^^^^^^^^^^^^^^^^^^^^^^^^^^^^^^^^^^^^
  File "/usr/local/lib/python3.12/site-packages/django/forms/models.py", line 1051, in modelformset_factory
    form = modelform_factory(
           ^^^^^^^^^^^^^^^^^^
  File "/usr/local/lib/python3.12/site-packages/django/forms/models.py", line 654, in modelform_factory
    return type(form)(class_name, (form,), form_class_attrs)
           ^^^^^^^^^^^^^^^^^^^^^^^^^^^^^^^^^^^^^^^^^^^^^^^^^
  File "/usr/local/lib/python3.12/site-packages/django/forms/models.py", line 334, in __new__
    raise FieldError(message)
django.core.exceptions.FieldError: Unknown field(s) (Condición, Porcentaje, Metrica) specified for AlertCondition
2026-01-20 19:25:28,698 [ERROR] django.request: Internal Server Error: /admin/metrics/alert/add/ (/usr/local/lib/python3.12/site-packages/django/utils/log.py:253)
Traceback (most recent call last):
  File "/usr/local/lib/python3.12/site-packages/django/core/handlers/exception.py", line 55, in inner
    response = get_response(request)
               ^^^^^^^^^^^^^^^^^^^^^
  File "/usr/local/lib/python3.12/site-packages/django/core/handlers/base.py", line 197, in _get_response
    response = wrapped_callback(request, *callback_args, **callback_kwargs)
               ^^^^^^^^^^^^^^^^^^^^^^^^^^^^^^^^^^^^^^^^^^^^^^^^^^^^^^^^^^^^
  File "/usr/local/lib/python3.12/site-packages/django/contrib/admin/options.py", line 719, in wrapper
    return self.admin_site.admin_view(view)(*args, **kwargs)
           ^^^^^^^^^^^^^^^^^^^^^^^^^^^^^^^^^^^^^^^^^^^^^^^^^
  File "/usr/local/lib/python3.12/site-packages/django/utils/decorators.py", line 192, in _view_wrapper
    result = _process_exception(request, e)
             ^^^^^^^^^^^^^^^^^^^^^^^^^^^^^^
  File "/usr/local/lib/python3.12/site-packages/django/utils/decorators.py", line 190, in _view_wrapper
    response = view_func(request, *args, **kwargs)
               ^^^^^^^^^^^^^^^^^^^^^^^^^^^^^^^^^^^
  File "/usr/local/lib/python3.12/site-packages/django/views/decorators/cache.py", line 80, in _view_wrapper
    response = view_func(request, *args, **kwargs)
               ^^^^^^^^^^^^^^^^^^^^^^^^^^^^^^^^^^^
  File "/usr/local/lib/python3.12/site-packages/django/contrib/admin/sites.py", line 246, in inner
    return view(request, *args, **kwargs)
           ^^^^^^^^^^^^^^^^^^^^^^^^^^^^^^
  File "/usr/local/lib/python3.12/site-packages/django/contrib/admin/options.py", line 1984, in add_view
    return self.changeform_view(request, None, form_url, extra_context)
           ^^^^^^^^^^^^^^^^^^^^^^^^^^^^^^^^^^^^^^^^^^^^^^^^^^^^^^^^^^^^
  File "/usr/local/lib/python3.12/site-packages/django/utils/decorators.py", line 48, in _wrapper
    return bound_method(*args, **kwargs)
           ^^^^^^^^^^^^^^^^^^^^^^^^^^^^^
  File "/usr/local/lib/python3.12/site-packages/django/utils/decorators.py", line 192, in _view_wrapper
    result = _process_exception(request, e)
             ^^^^^^^^^^^^^^^^^^^^^^^^^^^^^^
  File "/usr/local/lib/python3.12/site-packages/django/utils/decorators.py", line 190, in _view_wrapper
    response = view_func(request, *args, **kwargs)
               ^^^^^^^^^^^^^^^^^^^^^^^^^^^^^^^^^^^
  File "/usr/local/lib/python3.12/site-packages/django/contrib/admin/options.py", line 1840, in changeform_view
    return self._changeform_view(request, object_id, form_url, extra_context)
           ^^^^^^^^^^^^^^^^^^^^^^^^^^^^^^^^^^^^^^^^^^^^^^^^^^^^^^^^^^^^^^^^^^
  File "/usr/local/lib/python3.12/site-packages/django/contrib/admin/options.py", line 1911, in _changeform_view
    formsets, inline_instances = self._create_formsets(
                                 ^^^^^^^^^^^^^^^^^^^^^^
  File "/usr/local/lib/python3.12/site-packages/django/contrib/admin/options.py", line 2358, in _create_formsets
    for FormSet, inline in self.get_formsets_with_inlines(*get_formsets_args):
  File "/usr/local/lib/python3.12/site-packages/django/contrib/admin/options.py", line 938, in get_formsets_with_inlines
    yield inline.get_formset(request, obj), inline
          ^^^^^^^^^^^^^^^^^^^^^^^^^^^^^^^^
  File "/usr/local/lib/python3.12/site-packages/django/contrib/admin/options.py", line 2535, in get_formset
    return inlineformset_factory(self.parent_model, self.model, **defaults)
           ^^^^^^^^^^^^^^^^^^^^^^^^^^^^^^^^^^^^^^^^^^^^^^^^^^^^^^^^^^^^^^^^
  File "/usr/local/lib/python3.12/site-packages/django/forms/models.py", line 1343, in inlineformset_factory
    FormSet = modelformset_factory(model, **kwargs)
              ^^^^^^^^^^^^^^^^^^^^^^^^^^^^^^^^^^^^^
  File "/usr/local/lib/python3.12/site-packages/django/forms/models.py", line 1051, in modelformset_factory
    form = modelform_factory(
           ^^^^^^^^^^^^^^^^^^
  File "/usr/local/lib/python3.12/site-packages/django/forms/models.py", line 654, in modelform_factory
    return type(form)(class_name, (form,), form_class_attrs)
           ^^^^^^^^^^^^^^^^^^^^^^^^^^^^^^^^^^^^^^^^^^^^^^^^^
  File "/usr/local/lib/python3.12/site-packages/django/forms/models.py", line 334, in __new__
    raise FieldError(message)
django.core.exceptions.FieldError: Unknown field(s) (Condición, Porcentaje, Metrica) specified for AlertCondition
2026-01-20 19:25:29,011 [ERROR] django.request: Internal Server Error: /admin/metrics/alert/add/ (/usr/local/lib/python3.12/site-packages/django/utils/log.py:253)
Traceback (most recent call last):
  File "/usr/local/lib/python3.12/site-packages/django/core/handlers/exception.py", line 55, in inner
    response = get_response(request)
               ^^^^^^^^^^^^^^^^^^^^^
  File "/usr/local/lib/python3.12/site-packages/django/core/handlers/base.py", line 197, in _get_response
    response = wrapped_callback(request, *callback_args, **callback_kwargs)
               ^^^^^^^^^^^^^^^^^^^^^^^^^^^^^^^^^^^^^^^^^^^^^^^^^^^^^^^^^^^^
  File "/usr/local/lib/python3.12/site-packages/django/contrib/admin/options.py", line 719, in wrapper
    return self.admin_site.admin_view(view)(*args, **kwargs)
           ^^^^^^^^^^^^^^^^^^^^^^^^^^^^^^^^^^^^^^^^^^^^^^^^^
  File "/usr/local/lib/python3.12/site-packages/django/utils/decorators.py", line 192, in _view_wrapper
    result = _process_exception(request, e)
             ^^^^^^^^^^^^^^^^^^^^^^^^^^^^^^
  File "/usr/local/lib/python3.12/site-packages/django/utils/decorators.py", line 190, in _view_wrapper
    response = view_func(request, *args, **kwargs)
               ^^^^^^^^^^^^^^^^^^^^^^^^^^^^^^^^^^^
  File "/usr/local/lib/python3.12/site-packages/django/views/decorators/cache.py", line 80, in _view_wrapper
    response = view_func(request, *args, **kwargs)
               ^^^^^^^^^^^^^^^^^^^^^^^^^^^^^^^^^^^
  File "/usr/local/lib/python3.12/site-packages/django/contrib/admin/sites.py", line 246, in inner
    return view(request, *args, **kwargs)
           ^^^^^^^^^^^^^^^^^^^^^^^^^^^^^^
  File "/usr/local/lib/python3.12/site-packages/django/contrib/admin/options.py", line 1984, in add_view
    return self.changeform_view(request, None, form_url, extra_context)
           ^^^^^^^^^^^^^^^^^^^^^^^^^^^^^^^^^^^^^^^^^^^^^^^^^^^^^^^^^^^^
  File "/usr/local/lib/python3.12/site-packages/django/utils/decorators.py", line 48, in _wrapper
    return bound_method(*args, **kwargs)
           ^^^^^^^^^^^^^^^^^^^^^^^^^^^^^
  File "/usr/local/lib/python3.12/site-packages/django/utils/decorators.py", line 192, in _view_wrapper
    result = _process_exception(request, e)
             ^^^^^^^^^^^^^^^^^^^^^^^^^^^^^^
  File "/usr/local/lib/python3.12/site-packages/django/utils/decorators.py", line 190, in _view_wrapper
    response = view_func(request, *args, **kwargs)
               ^^^^^^^^^^^^^^^^^^^^^^^^^^^^^^^^^^^
  File "/usr/local/lib/python3.12/site-packages/django/contrib/admin/options.py", line 1840, in changeform_view
    return self._changeform_view(request, object_id, form_url, extra_context)
           ^^^^^^^^^^^^^^^^^^^^^^^^^^^^^^^^^^^^^^^^^^^^^^^^^^^^^^^^^^^^^^^^^^
  File "/usr/local/lib/python3.12/site-packages/django/contrib/admin/options.py", line 1911, in _changeform_view
    formsets, inline_instances = self._create_formsets(
                                 ^^^^^^^^^^^^^^^^^^^^^^
  File "/usr/local/lib/python3.12/site-packages/django/contrib/admin/options.py", line 2358, in _create_formsets
    for FormSet, inline in self.get_formsets_with_inlines(*get_formsets_args):
  File "/usr/local/lib/python3.12/site-packages/django/contrib/admin/options.py", line 938, in get_formsets_with_inlines
    yield inline.get_formset(request, obj), inline
          ^^^^^^^^^^^^^^^^^^^^^^^^^^^^^^^^
  File "/usr/local/lib/python3.12/site-packages/django/contrib/admin/options.py", line 2535, in get_formset
    return inlineformset_factory(self.parent_model, self.model, **defaults)
           ^^^^^^^^^^^^^^^^^^^^^^^^^^^^^^^^^^^^^^^^^^^^^^^^^^^^^^^^^^^^^^^^
  File "/usr/local/lib/python3.12/site-packages/django/forms/models.py", line 1343, in inlineformset_factory
    FormSet = modelformset_factory(model, **kwargs)
              ^^^^^^^^^^^^^^^^^^^^^^^^^^^^^^^^^^^^^
  File "/usr/local/lib/python3.12/site-packages/django/forms/models.py", line 1051, in modelformset_factory
    form = modelform_factory(
           ^^^^^^^^^^^^^^^^^^
  File "/usr/local/lib/python3.12/site-packages/django/forms/models.py", line 654, in modelform_factory
    return type(form)(class_name, (form,), form_class_attrs)
           ^^^^^^^^^^^^^^^^^^^^^^^^^^^^^^^^^^^^^^^^^^^^^^^^^
  File "/usr/local/lib/python3.12/site-packages/django/forms/models.py", line 334, in __new__
    raise FieldError(message)
django.core.exceptions.FieldError: Unknown field(s) (Condición, Porcentaje, Metrica) specified for AlertCondition
2026-01-20 19:33:33,651 [ERROR] django.request: Internal Server Error: /admin/metrics/alert/add/ (/usr/local/lib/python3.12/site-packages/django/utils/log.py:253)
Traceback (most recent call last):
  File "/usr/local/lib/python3.12/site-packages/django/core/handlers/exception.py", line 55, in inner
    response = get_response(request)
               ^^^^^^^^^^^^^^^^^^^^^
  File "/usr/local/lib/python3.12/site-packages/django/core/handlers/base.py", line 197, in _get_response
    response = wrapped_callback(request, *callback_args, **callback_kwargs)
               ^^^^^^^^^^^^^^^^^^^^^^^^^^^^^^^^^^^^^^^^^^^^^^^^^^^^^^^^^^^^
  File "/usr/local/lib/python3.12/site-packages/django/contrib/admin/options.py", line 719, in wrapper
    return self.admin_site.admin_view(view)(*args, **kwargs)
           ^^^^^^^^^^^^^^^^^^^^^^^^^^^^^^^^^^^^^^^^^^^^^^^^^
  File "/usr/local/lib/python3.12/site-packages/django/utils/decorators.py", line 192, in _view_wrapper
    result = _process_exception(request, e)
             ^^^^^^^^^^^^^^^^^^^^^^^^^^^^^^
  File "/usr/local/lib/python3.12/site-packages/django/utils/decorators.py", line 190, in _view_wrapper
    response = view_func(request, *args, **kwargs)
               ^^^^^^^^^^^^^^^^^^^^^^^^^^^^^^^^^^^
  File "/usr/local/lib/python3.12/site-packages/django/views/decorators/cache.py", line 80, in _view_wrapper
    response = view_func(request, *args, **kwargs)
               ^^^^^^^^^^^^^^^^^^^^^^^^^^^^^^^^^^^
  File "/usr/local/lib/python3.12/site-packages/django/contrib/admin/sites.py", line 246, in inner
    return view(request, *args, **kwargs)
           ^^^^^^^^^^^^^^^^^^^^^^^^^^^^^^
  File "/usr/local/lib/python3.12/site-packages/django/contrib/admin/options.py", line 1984, in add_view
    return self.changeform_view(request, None, form_url, extra_context)
           ^^^^^^^^^^^^^^^^^^^^^^^^^^^^^^^^^^^^^^^^^^^^^^^^^^^^^^^^^^^^
  File "/usr/local/lib/python3.12/site-packages/django/utils/decorators.py", line 48, in _wrapper
    return bound_method(*args, **kwargs)
           ^^^^^^^^^^^^^^^^^^^^^^^^^^^^^
  File "/usr/local/lib/python3.12/site-packages/django/utils/decorators.py", line 192, in _view_wrapper
    result = _process_exception(request, e)
             ^^^^^^^^^^^^^^^^^^^^^^^^^^^^^^
  File "/usr/local/lib/python3.12/site-packages/django/utils/decorators.py", line 190, in _view_wrapper
    response = view_func(request, *args, **kwargs)
               ^^^^^^^^^^^^^^^^^^^^^^^^^^^^^^^^^^^
  File "/usr/local/lib/python3.12/site-packages/django/contrib/admin/options.py", line 1840, in changeform_view
    return self._changeform_view(request, object_id, form_url, extra_context)
           ^^^^^^^^^^^^^^^^^^^^^^^^^^^^^^^^^^^^^^^^^^^^^^^^^^^^^^^^^^^^^^^^^^
  File "/usr/local/lib/python3.12/site-packages/django/contrib/admin/options.py", line 1911, in _changeform_view
    formsets, inline_instances = self._create_formsets(
                                 ^^^^^^^^^^^^^^^^^^^^^^
  File "/usr/local/lib/python3.12/site-packages/django/contrib/admin/options.py", line 2358, in _create_formsets
    for FormSet, inline in self.get_formsets_with_inlines(*get_formsets_args):
  File "/usr/local/lib/python3.12/site-packages/django/contrib/admin/options.py", line 938, in get_formsets_with_inlines
    yield inline.get_formset(request, obj), inline
          ^^^^^^^^^^^^^^^^^^^^^^^^^^^^^^^^
  File "/usr/local/lib/python3.12/site-packages/django/contrib/admin/options.py", line 2535, in get_formset
    return inlineformset_factory(self.parent_model, self.model, **defaults)
           ^^^^^^^^^^^^^^^^^^^^^^^^^^^^^^^^^^^^^^^^^^^^^^^^^^^^^^^^^^^^^^^^
  File "/usr/local/lib/python3.12/site-packages/django/forms/models.py", line 1343, in inlineformset_factory
    FormSet = modelformset_factory(model, **kwargs)
              ^^^^^^^^^^^^^^^^^^^^^^^^^^^^^^^^^^^^^
  File "/usr/local/lib/python3.12/site-packages/django/forms/models.py", line 1051, in modelformset_factory
    form = modelform_factory(
           ^^^^^^^^^^^^^^^^^^
  File "/usr/local/lib/python3.12/site-packages/django/forms/models.py", line 654, in modelform_factory
    return type(form)(class_name, (form,), form_class_attrs)
           ^^^^^^^^^^^^^^^^^^^^^^^^^^^^^^^^^^^^^^^^^^^^^^^^^
  File "/usr/local/lib/python3.12/site-packages/django/forms/models.py", line 334, in __new__
    raise FieldError(message)
django.core.exceptions.FieldError: Unknown field(s) (comparator, metrics) specified for AlertCondition
2026-01-20 19:46:27,780 [ERROR] django.request: Internal Server Error: /admin/metrics/alert/add/ (/usr/local/lib/python3.12/site-packages/django/utils/log.py:253)
Traceback (most recent call last):
  File "/usr/local/lib/python3.12/site-packages/django/core/handlers/exception.py", line 55, in inner
    response = get_response(request)
               ^^^^^^^^^^^^^^^^^^^^^
  File "/usr/local/lib/python3.12/site-packages/django/core/handlers/base.py", line 197, in _get_response
    response = wrapped_callback(request, *callback_args, **callback_kwargs)
               ^^^^^^^^^^^^^^^^^^^^^^^^^^^^^^^^^^^^^^^^^^^^^^^^^^^^^^^^^^^^
  File "/usr/local/lib/python3.12/site-packages/django/contrib/admin/options.py", line 719, in wrapper
    return self.admin_site.admin_view(view)(*args, **kwargs)
           ^^^^^^^^^^^^^^^^^^^^^^^^^^^^^^^^^^^^^^^^^^^^^^^^^
  File "/usr/local/lib/python3.12/site-packages/django/utils/decorators.py", line 192, in _view_wrapper
    result = _process_exception(request, e)
             ^^^^^^^^^^^^^^^^^^^^^^^^^^^^^^
  File "/usr/local/lib/python3.12/site-packages/django/utils/decorators.py", line 190, in _view_wrapper
    response = view_func(request, *args, **kwargs)
               ^^^^^^^^^^^^^^^^^^^^^^^^^^^^^^^^^^^
  File "/usr/local/lib/python3.12/site-packages/django/views/decorators/cache.py", line 80, in _view_wrapper
    response = view_func(request, *args, **kwargs)
               ^^^^^^^^^^^^^^^^^^^^^^^^^^^^^^^^^^^
  File "/usr/local/lib/python3.12/site-packages/django/contrib/admin/sites.py", line 246, in inner
    return view(request, *args, **kwargs)
           ^^^^^^^^^^^^^^^^^^^^^^^^^^^^^^
  File "/usr/local/lib/python3.12/site-packages/django/contrib/admin/options.py", line 1984, in add_view
    return self.changeform_view(request, None, form_url, extra_context)
           ^^^^^^^^^^^^^^^^^^^^^^^^^^^^^^^^^^^^^^^^^^^^^^^^^^^^^^^^^^^^
  File "/usr/local/lib/python3.12/site-packages/django/utils/decorators.py", line 48, in _wrapper
    return bound_method(*args, **kwargs)
           ^^^^^^^^^^^^^^^^^^^^^^^^^^^^^
  File "/usr/local/lib/python3.12/site-packages/django/utils/decorators.py", line 192, in _view_wrapper
    result = _process_exception(request, e)
             ^^^^^^^^^^^^^^^^^^^^^^^^^^^^^^
  File "/usr/local/lib/python3.12/site-packages/django/utils/decorators.py", line 190, in _view_wrapper
    response = view_func(request, *args, **kwargs)
               ^^^^^^^^^^^^^^^^^^^^^^^^^^^^^^^^^^^
  File "/usr/local/lib/python3.12/site-packages/django/contrib/admin/options.py", line 1843, in changeform_view
    return self._changeform_view(request, object_id, form_url, extra_context)
           ^^^^^^^^^^^^^^^^^^^^^^^^^^^^^^^^^^^^^^^^^^^^^^^^^^^^^^^^^^^^^^^^^^
  File "/usr/local/lib/python3.12/site-packages/django/contrib/admin/options.py", line 1894, in _changeform_view
    self.save_model(request, new_object, form, not add)
  File "/usr/local/lib/python3.12/site-packages/django/contrib/admin/options.py", line 1314, in save_model
    obj.save()
  File "/usr/local/lib/python3.12/site-packages/django/db/models/base.py", line 902, in save
    self.save_base(
  File "/usr/local/lib/python3.12/site-packages/django/db/models/base.py", line 1023, in save_base
    post_save.send(
  File "/usr/local/lib/python3.12/site-packages/django/dispatch/dispatcher.py", line 189, in send
    response = receiver(signal=self, sender=sender, **named)
               ^^^^^^^^^^^^^^^^^^^^^^^^^^^^^^^^^^^^^^^^^^^^^
  File "/pruebatecno/metrics/apps.py", line 12, in <lambda>
    post_save.connect(lambda **kw: generate_alert_rules(), sender=Alert)
                                   ^^^^^^^^^^^^^^^^^^^^^^
  File "/pruebatecno/metrics/services/prometheus.py", line 13, in generate_alert_rules
    "expr": build_promql(alert),
            ^^^^^^^^^^^^^^^^^^^
  File "/pruebatecno/metrics/services/promql.py", line 2, in build_promql
    logic = alert.alertlogic.logic
            ^^^^^^^^^^^^^^^^
  File "/usr/local/lib/python3.12/site-packages/django/db/models/fields/related_descriptors.py", line 534, in __get__
    raise self.RelatedObjectDoesNotExist(
metrics.models.Alert.alertlogic.RelatedObjectDoesNotExist: Alert has no alertlogic.
2026-01-20 19:50:26,908 [ERROR] django.request: Internal Server Error: /admin/metrics/alert/add/ (/usr/local/lib/python3.12/site-packages/django/utils/log.py:253)
Traceback (most recent call last):
  File "/usr/local/lib/python3.12/site-packages/django/core/handlers/exception.py", line 55, in inner
    response = get_response(request)
               ^^^^^^^^^^^^^^^^^^^^^
  File "/usr/local/lib/python3.12/site-packages/django/core/handlers/base.py", line 197, in _get_response
    response = wrapped_callback(request, *callback_args, **callback_kwargs)
               ^^^^^^^^^^^^^^^^^^^^^^^^^^^^^^^^^^^^^^^^^^^^^^^^^^^^^^^^^^^^
  File "/usr/local/lib/python3.12/site-packages/django/contrib/admin/options.py", line 719, in wrapper
    return self.admin_site.admin_view(view)(*args, **kwargs)
           ^^^^^^^^^^^^^^^^^^^^^^^^^^^^^^^^^^^^^^^^^^^^^^^^^
  File "/usr/local/lib/python3.12/site-packages/django/utils/decorators.py", line 192, in _view_wrapper
    result = _process_exception(request, e)
             ^^^^^^^^^^^^^^^^^^^^^^^^^^^^^^
  File "/usr/local/lib/python3.12/site-packages/django/utils/decorators.py", line 190, in _view_wrapper
    response = view_func(request, *args, **kwargs)
               ^^^^^^^^^^^^^^^^^^^^^^^^^^^^^^^^^^^
  File "/usr/local/lib/python3.12/site-packages/django/views/decorators/cache.py", line 80, in _view_wrapper
    response = view_func(request, *args, **kwargs)
               ^^^^^^^^^^^^^^^^^^^^^^^^^^^^^^^^^^^
  File "/usr/local/lib/python3.12/site-packages/django/contrib/admin/sites.py", line 246, in inner
    return view(request, *args, **kwargs)
           ^^^^^^^^^^^^^^^^^^^^^^^^^^^^^^
  File "/usr/local/lib/python3.12/site-packages/django/contrib/admin/options.py", line 1984, in add_view
    return self.changeform_view(request, None, form_url, extra_context)
           ^^^^^^^^^^^^^^^^^^^^^^^^^^^^^^^^^^^^^^^^^^^^^^^^^^^^^^^^^^^^
  File "/usr/local/lib/python3.12/site-packages/django/utils/decorators.py", line 48, in _wrapper
    return bound_method(*args, **kwargs)
           ^^^^^^^^^^^^^^^^^^^^^^^^^^^^^
  File "/usr/local/lib/python3.12/site-packages/django/utils/decorators.py", line 192, in _view_wrapper
    result = _process_exception(request, e)
             ^^^^^^^^^^^^^^^^^^^^^^^^^^^^^^
  File "/usr/local/lib/python3.12/site-packages/django/utils/decorators.py", line 190, in _view_wrapper
    response = view_func(request, *args, **kwargs)
               ^^^^^^^^^^^^^^^^^^^^^^^^^^^^^^^^^^^
  File "/usr/local/lib/python3.12/site-packages/django/contrib/admin/options.py", line 1843, in changeform_view
    return self._changeform_view(request, object_id, form_url, extra_context)
           ^^^^^^^^^^^^^^^^^^^^^^^^^^^^^^^^^^^^^^^^^^^^^^^^^^^^^^^^^^^^^^^^^^
  File "/usr/local/lib/python3.12/site-packages/django/contrib/admin/options.py", line 1894, in _changeform_view
    self.save_model(request, new_object, form, not add)
  File "/usr/local/lib/python3.12/site-packages/django/contrib/admin/options.py", line 1314, in save_model
    obj.save()
  File "/usr/local/lib/python3.12/site-packages/django/db/models/base.py", line 902, in save
    self.save_base(
  File "/usr/local/lib/python3.12/site-packages/django/db/models/base.py", line 1023, in save_base
    post_save.send(
  File "/usr/local/lib/python3.12/site-packages/django/dispatch/dispatcher.py", line 189, in send
    response = receiver(signal=self, sender=sender, **named)
               ^^^^^^^^^^^^^^^^^^^^^^^^^^^^^^^^^^^^^^^^^^^^^
  File "/pruebatecno/metrics/apps.py", line 12, in <lambda>
    post_save.connect(lambda **kw: generate_alert_rules(), sender=Alert)
                                   ^^^^^^^^^^^^^^^^^^^^^^
  File "/pruebatecno/metrics/services/prometheus.py", line 13, in generate_alert_rules
    "expr": build_promql(alert),
            ^^^^^^^^^^^^^^^^^^^
  File "/pruebatecno/metrics/services/promql.py", line 2, in build_promql
    logic = alert.alertlogic.logic
            ^^^^^^^^^^^^^^^^
  File "/usr/local/lib/python3.12/site-packages/django/db/models/fields/related_descriptors.py", line 534, in __get__
    raise self.RelatedObjectDoesNotExist(
metrics.models.Alert.alertlogic.RelatedObjectDoesNotExist: Alert has no alertlogic.
2026-01-20 20:13:46,762 [ERROR] metrics.services.prometheus: Failed to request Prometheus reload at http://prometheus:9090/-/reload (/pruebatecno/metrics/services/prometheus.py:58)
Traceback (most recent call last):
  File "/pruebatecno/metrics/services/prometheus.py", line 55, in generate_alert_rules
    with request.urlopen(req, timeout=5) as resp:
         ^^^^^^^^^^^^^^^^^^^^^^^^^^^^^^^
  File "/usr/local/lib/python3.12/urllib/request.py", line 215, in urlopen
    return opener.open(url, data, timeout)
           ^^^^^^^^^^^^^^^^^^^^^^^^^^^^^^^
  File "/usr/local/lib/python3.12/urllib/request.py", line 521, in open
    response = meth(req, response)
               ^^^^^^^^^^^^^^^^^^^
  File "/usr/local/lib/python3.12/urllib/request.py", line 630, in http_response
    response = self.parent.error(
               ^^^^^^^^^^^^^^^^^^
  File "/usr/local/lib/python3.12/urllib/request.py", line 559, in error
    return self._call_chain(*args)
           ^^^^^^^^^^^^^^^^^^^^^^^
  File "/usr/local/lib/python3.12/urllib/request.py", line 492, in _call_chain
    result = func(*args)
             ^^^^^^^^^^^
  File "/usr/local/lib/python3.12/urllib/request.py", line 639, in http_error_default
    raise HTTPError(req.full_url, code, msg, hdrs, fp)
urllib.error.HTTPError: HTTP Error 403: Forbidden
2026-01-20 20:13:46,772 [ERROR] metrics.services.prometheus: Failed to request Prometheus reload at http://prometheus:9090/-/reload (/pruebatecno/metrics/services/prometheus.py:58)
Traceback (most recent call last):
  File "/pruebatecno/metrics/services/prometheus.py", line 55, in generate_alert_rules
    with request.urlopen(req, timeout=5) as resp:
         ^^^^^^^^^^^^^^^^^^^^^^^^^^^^^^^
  File "/usr/local/lib/python3.12/urllib/request.py", line 215, in urlopen
    return opener.open(url, data, timeout)
           ^^^^^^^^^^^^^^^^^^^^^^^^^^^^^^^
  File "/usr/local/lib/python3.12/urllib/request.py", line 521, in open
    response = meth(req, response)
               ^^^^^^^^^^^^^^^^^^^
  File "/usr/local/lib/python3.12/urllib/request.py", line 630, in http_response
    response = self.parent.error(
               ^^^^^^^^^^^^^^^^^^
  File "/usr/local/lib/python3.12/urllib/request.py", line 559, in error
    return self._call_chain(*args)
           ^^^^^^^^^^^^^^^^^^^^^^^
  File "/usr/local/lib/python3.12/urllib/request.py", line 492, in _call_chain
    result = func(*args)
             ^^^^^^^^^^^
  File "/usr/local/lib/python3.12/urllib/request.py", line 639, in http_error_default
    raise HTTPError(req.full_url, code, msg, hdrs, fp)
urllib.error.HTTPError: HTTP Error 403: Forbidden
2026-01-20 20:13:46,782 [ERROR] metrics.services.prometheus: Failed to request Prometheus reload at http://prometheus:9090/-/reload (/pruebatecno/metrics/services/prometheus.py:58)
Traceback (most recent call last):
  File "/pruebatecno/metrics/services/prometheus.py", line 55, in generate_alert_rules
    with request.urlopen(req, timeout=5) as resp:
         ^^^^^^^^^^^^^^^^^^^^^^^^^^^^^^^
  File "/usr/local/lib/python3.12/urllib/request.py", line 215, in urlopen
    return opener.open(url, data, timeout)
           ^^^^^^^^^^^^^^^^^^^^^^^^^^^^^^^
  File "/usr/local/lib/python3.12/urllib/request.py", line 521, in open
    response = meth(req, response)
               ^^^^^^^^^^^^^^^^^^^
  File "/usr/local/lib/python3.12/urllib/request.py", line 630, in http_response
    response = self.parent.error(
               ^^^^^^^^^^^^^^^^^^
  File "/usr/local/lib/python3.12/urllib/request.py", line 559, in error
    return self._call_chain(*args)
           ^^^^^^^^^^^^^^^^^^^^^^^
  File "/usr/local/lib/python3.12/urllib/request.py", line 492, in _call_chain
    result = func(*args)
             ^^^^^^^^^^^
  File "/usr/local/lib/python3.12/urllib/request.py", line 639, in http_error_default
    raise HTTPError(req.full_url, code, msg, hdrs, fp)
urllib.error.HTTPError: HTTP Error 403: Forbidden
2026-01-20 20:14:13,979 [ERROR] metrics.services.prometheus: Failed to request Prometheus reload at http://prometheus:9090/-/reload (/pruebatecno/metrics/services/prometheus.py:58)
Traceback (most recent call last):
  File "/pruebatecno/metrics/services/prometheus.py", line 55, in generate_alert_rules
    with request.urlopen(req, timeout=5) as resp:
         ^^^^^^^^^^^^^^^^^^^^^^^^^^^^^^^
  File "/usr/local/lib/python3.12/urllib/request.py", line 215, in urlopen
    return opener.open(url, data, timeout)
           ^^^^^^^^^^^^^^^^^^^^^^^^^^^^^^^
  File "/usr/local/lib/python3.12/urllib/request.py", line 521, in open
    response = meth(req, response)
               ^^^^^^^^^^^^^^^^^^^
  File "/usr/local/lib/python3.12/urllib/request.py", line 630, in http_response
    response = self.parent.error(
               ^^^^^^^^^^^^^^^^^^
  File "/usr/local/lib/python3.12/urllib/request.py", line 559, in error
    return self._call_chain(*args)
           ^^^^^^^^^^^^^^^^^^^^^^^
  File "/usr/local/lib/python3.12/urllib/request.py", line 492, in _call_chain
    result = func(*args)
             ^^^^^^^^^^^
  File "/usr/local/lib/python3.12/urllib/request.py", line 639, in http_error_default
    raise HTTPError(req.full_url, code, msg, hdrs, fp)
urllib.error.HTTPError: HTTP Error 403: Forbidden
2026-01-20 20:34:30,094 [ERROR] metrics.services.prometheus: Failed to request Prometheus reload at http://prometheus:9090/-/reload (/pruebatecno/metrics/services/prometheus.py:58)
Traceback (most recent call last):
  File "/pruebatecno/metrics/services/prometheus.py", line 55, in generate_alert_rules
  File "/usr/local/lib/python3.12/urllib/request.py", line 215, in urlopen
    return opener.open(url, data, timeout)
           ^^^^^^^^^^^^^^^^^^^^^^^^^^^^^^^
  File "/usr/local/lib/python3.12/urllib/request.py", line 521, in open
    response = meth(req, response)
               ^^^^^^^^^^^^^^^^^^^
  File "/usr/local/lib/python3.12/urllib/request.py", line 630, in http_response
    response = self.parent.error(
               ^^^^^^^^^^^^^^^^^^
  File "/usr/local/lib/python3.12/urllib/request.py", line 559, in error
    return self._call_chain(*args)
           ^^^^^^^^^^^^^^^^^^^^^^^
  File "/usr/local/lib/python3.12/urllib/request.py", line 492, in _call_chain
    result = func(*args)
             ^^^^^^^^^^^
  File "/usr/local/lib/python3.12/urllib/request.py", line 639, in http_error_default
    raise HTTPError(req.full_url, code, msg, hdrs, fp)
urllib.error.HTTPError: HTTP Error 403: Forbidden
2026-01-20 20:34:30,101 [ERROR] metrics.services.prometheus: Failed to request Prometheus reload at http://prometheus:9090/-/reload (/pruebatecno/metrics/services/prometheus.py:58)
Traceback (most recent call last):
  File "/pruebatecno/metrics/services/prometheus.py", line 55, in generate_alert_rules
  File "/usr/local/lib/python3.12/urllib/request.py", line 215, in urlopen
    return opener.open(url, data, timeout)
           ^^^^^^^^^^^^^^^^^^^^^^^^^^^^^^^
  File "/usr/local/lib/python3.12/urllib/request.py", line 521, in open
    response = meth(req, response)
               ^^^^^^^^^^^^^^^^^^^
  File "/usr/local/lib/python3.12/urllib/request.py", line 630, in http_response
    response = self.parent.error(
               ^^^^^^^^^^^^^^^^^^
  File "/usr/local/lib/python3.12/urllib/request.py", line 559, in error
    return self._call_chain(*args)
           ^^^^^^^^^^^^^^^^^^^^^^^
  File "/usr/local/lib/python3.12/urllib/request.py", line 492, in _call_chain
    result = func(*args)
             ^^^^^^^^^^^
  File "/usr/local/lib/python3.12/urllib/request.py", line 639, in http_error_default
    raise HTTPError(req.full_url, code, msg, hdrs, fp)
urllib.error.HTTPError: HTTP Error 403: Forbidden
2026-01-20 20:34:43,831 [ERROR] metrics.services.prometheus: Failed to request Prometheus reload at http://prometheus:9090/-/reload (/pruebatecno/metrics/services/prometheus.py:58)
Traceback (most recent call last):
  File "/pruebatecno/metrics/services/prometheus.py", line 55, in generate_alert_rules
  File "/usr/local/lib/python3.12/urllib/request.py", line 215, in urlopen
    return opener.open(url, data, timeout)
           ^^^^^^^^^^^^^^^^^^^^^^^^^^^^^^^
  File "/usr/local/lib/python3.12/urllib/request.py", line 521, in open
    response = meth(req, response)
               ^^^^^^^^^^^^^^^^^^^
  File "/usr/local/lib/python3.12/urllib/request.py", line 630, in http_response
    response = self.parent.error(
               ^^^^^^^^^^^^^^^^^^
  File "/usr/local/lib/python3.12/urllib/request.py", line 559, in error
    return self._call_chain(*args)
           ^^^^^^^^^^^^^^^^^^^^^^^
  File "/usr/local/lib/python3.12/urllib/request.py", line 492, in _call_chain
    result = func(*args)
             ^^^^^^^^^^^
  File "/usr/local/lib/python3.12/urllib/request.py", line 639, in http_error_default
    raise HTTPError(req.full_url, code, msg, hdrs, fp)
urllib.error.HTTPError: HTTP Error 403: Forbidden
2026-01-20 20:34:55,859 [ERROR] metrics.services.prometheus: Failed to request Prometheus reload at http://prometheus:9090/-/reload (/pruebatecno/metrics/services/prometheus.py:58)
Traceback (most recent call last):
  File "/pruebatecno/metrics/services/prometheus.py", line 55, in generate_alert_rules
  File "/usr/local/lib/python3.12/urllib/request.py", line 215, in urlopen
    return opener.open(url, data, timeout)
           ^^^^^^^^^^^^^^^^^^^^^^^^^^^^^^^
  File "/usr/local/lib/python3.12/urllib/request.py", line 521, in open
    response = meth(req, response)
               ^^^^^^^^^^^^^^^^^^^
  File "/usr/local/lib/python3.12/urllib/request.py", line 630, in http_response
    response = self.parent.error(
               ^^^^^^^^^^^^^^^^^^
  File "/usr/local/lib/python3.12/urllib/request.py", line 559, in error
    return self._call_chain(*args)
           ^^^^^^^^^^^^^^^^^^^^^^^
  File "/usr/local/lib/python3.12/urllib/request.py", line 492, in _call_chain
    result = func(*args)
             ^^^^^^^^^^^
  File "/usr/local/lib/python3.12/urllib/request.py", line 639, in http_error_default
    raise HTTPError(req.full_url, code, msg, hdrs, fp)
urllib.error.HTTPError: HTTP Error 403: Forbidden
2026-01-20 21:00:42,414 [ERROR] metrics.services.prometheus: Failed to request Prometheus reload at http://prometheus:9090/-/reload (/pruebatecno/metrics/services/prometheus.py:58)
Traceback (most recent call last):
  File "/pruebatecno/metrics/services/prometheus.py", line 55, in generate_alert_rules
  File "/usr/local/lib/python3.12/urllib/request.py", line 215, in urlopen
    return opener.open(url, data, timeout)
           ^^^^^^^^^^^^^^^^^^^^^^^^^^^^^^^
  File "/usr/local/lib/python3.12/urllib/request.py", line 521, in open
    response = meth(req, response)
               ^^^^^^^^^^^^^^^^^^^
  File "/usr/local/lib/python3.12/urllib/request.py", line 630, in http_response
    response = self.parent.error(
               ^^^^^^^^^^^^^^^^^^
  File "/usr/local/lib/python3.12/urllib/request.py", line 559, in error
    return self._call_chain(*args)
           ^^^^^^^^^^^^^^^^^^^^^^^
  File "/usr/local/lib/python3.12/urllib/request.py", line 492, in _call_chain
    result = func(*args)
             ^^^^^^^^^^^
  File "/usr/local/lib/python3.12/urllib/request.py", line 639, in http_error_default
    raise HTTPError(req.full_url, code, msg, hdrs, fp)
urllib.error.HTTPError: HTTP Error 403: Forbidden
2026-01-20 21:05:14,565 [ERROR] metrics.services.prometheus: Failed to request Prometheus reload at http://prometheus:9090/-/reload (/pruebatecno/metrics/services/prometheus.py:58)
Traceback (most recent call last):
  File "/pruebatecno/metrics/services/prometheus.py", line 55, in generate_alert_rules
  File "/usr/local/lib/python3.12/urllib/request.py", line 215, in urlopen
    return opener.open(url, data, timeout)
           ^^^^^^^^^^^^^^^^^^^^^^^^^^^^^^^
  File "/usr/local/lib/python3.12/urllib/request.py", line 521, in open
    response = meth(req, response)
               ^^^^^^^^^^^^^^^^^^^
  File "/usr/local/lib/python3.12/urllib/request.py", line 630, in http_response
    response = self.parent.error(
               ^^^^^^^^^^^^^^^^^^
  File "/usr/local/lib/python3.12/urllib/request.py", line 559, in error
    return self._call_chain(*args)
           ^^^^^^^^^^^^^^^^^^^^^^^
  File "/usr/local/lib/python3.12/urllib/request.py", line 492, in _call_chain
    result = func(*args)
             ^^^^^^^^^^^
  File "/usr/local/lib/python3.12/urllib/request.py", line 639, in http_error_default
    raise HTTPError(req.full_url, code, msg, hdrs, fp)
urllib.error.HTTPError: HTTP Error 403: Forbidden
2026-01-21 14:43:44,816 [WARNING] influxdb_client.client.write.retry: The retriable error occurred during request. Reason: 'HTTPConnection(host='influxdb', port=8086): Failed to resolve 'influxdb' ([Errno -3] Temporary failure in name resolution)'. (/usr/local/lib/python3.12/site-packages/influxdb_client/client/write/retry.py:140)
2026-01-21 14:43:51,096 [WARNING] urllib3.connectionpool: Retrying (WritesRetry(total=4, connect=None, read=None, redirect=None, status=None)) after connection broken by 'NameResolutionError("HTTPConnection(host='influxdb', port=8086): Failed to resolve 'influxdb' ([Errno -3] Temporary failure in name resolution)")': /api/v2/write?org=prueba&bucket=metrics&precision=ns (/usr/local/lib/python3.12/site-packages/urllib3/connectionpool.py:868)
2026-01-21 14:43:51,103 [WARNING] influxdb_client.client.write.retry: The retriable error occurred during request. Reason: 'HTTPConnection(host='influxdb', port=8086): Failed to resolve 'influxdb' ([Errno -3] Temporary failure in name resolution)'. (/usr/local/lib/python3.12/site-packages/influxdb_client/client/write/retry.py:140)
2026-01-21 14:44:05,427 [WARNING] urllib3.connectionpool: Retrying (WritesRetry(total=3, connect=None, read=None, redirect=None, status=None)) after connection broken by 'NameResolutionError("HTTPConnection(host='influxdb', port=8086): Failed to resolve 'influxdb' ([Errno -3] Temporary failure in name resolution)")': /api/v2/write?org=prueba&bucket=metrics&precision=ns (/usr/local/lib/python3.12/site-packages/urllib3/connectionpool.py:868)
2026-01-21 14:44:05,433 [WARNING] influxdb_client.client.write.retry: The retriable error occurred during request. Reason: 'HTTPConnection(host='influxdb', port=8086): Failed to resolve 'influxdb' ([Errno -3] Temporary failure in name resolution)'. (/usr/local/lib/python3.12/site-packages/influxdb_client/client/write/retry.py:140)
2026-01-21 14:44:43,507 [WARNING] urllib3.connectionpool: Retrying (WritesRetry(total=2, connect=None, read=None, redirect=None, status=None)) after connection broken by 'NameResolutionError("HTTPConnection(host='influxdb', port=8086): Failed to resolve 'influxdb' ([Errno -3] Temporary failure in name resolution)")': /api/v2/write?org=prueba&bucket=metrics&precision=ns (/usr/local/lib/python3.12/site-packages/urllib3/connectionpool.py:868)
2026-01-21 14:44:43,513 [WARNING] influxdb_client.client.write.retry: The retriable error occurred during request. Reason: 'HTTPConnection(host='influxdb', port=8086): Failed to resolve 'influxdb' ([Errno -3] Temporary failure in name resolution)'. (/usr/local/lib/python3.12/site-packages/influxdb_client/client/write/retry.py:140)
2026-01-21 14:45:56,935 [WARNING] urllib3.connectionpool: Retrying (WritesRetry(total=1, connect=None, read=None, redirect=None, status=None)) after connection broken by 'NameResolutionError("HTTPConnection(host='influxdb', port=8086): Failed to resolve 'influxdb' ([Errno -3] Temporary failure in name resolution)")': /api/v2/write?org=prueba&bucket=metrics&precision=ns (/usr/local/lib/python3.12/site-packages/urllib3/connectionpool.py:868)
2026-01-21 14:45:56,941 [WARNING] influxdb_client.client.write.retry: The retriable error occurred during request. Reason: 'HTTPConnection(host='influxdb', port=8086): Failed to resolve 'influxdb' ([Errno -3] Temporary failure in name resolution)'. (/usr/local/lib/python3.12/site-packages/influxdb_client/client/write/retry.py:140)
2026-01-21 14:47:25,782 [WARNING] urllib3.connectionpool: Retrying (WritesRetry(total=0, connect=None, read=None, redirect=None, status=None)) after connection broken by 'NameResolutionError("HTTPConnection(host='influxdb', port=8086): Failed to resolve 'influxdb' ([Errno -3] Temporary failure in name resolution)")': /api/v2/write?org=prueba&bucket=metrics&precision=ns (/usr/local/lib/python3.12/site-packages/urllib3/connectionpool.py:868)
2026-01-21 14:47:25,793 [ERROR] influxdb_client.client.write_api: The batch item wasn't processed successfully because: HTTPConnectionPool(host='influxdb', port=8086): Max retries exceeded with url: /api/v2/write?org=prueba&bucket=metrics&precision=ns (Caused by NameResolutionError("HTTPConnection(host='influxdb', port=8086): Failed to resolve 'influxdb' ([Errno -3] Temporary failure in name resolution)")) (/usr/local/lib/python3.12/site-packages/influxdb_client/client/write_api.py:538)
2026-01-21 14:47:25,815 [WARNING] influxdb_client.client.write.retry: The retriable error occurred during request. Reason: 'HTTPConnection(host='influxdb', port=8086): Failed to resolve 'influxdb' ([Errno -3] Temporary failure in name resolution)'. (/usr/local/lib/python3.12/site-packages/influxdb_client/client/write/retry.py:140)
2026-01-21 14:47:35,728 [WARNING] urllib3.connectionpool: Retrying (WritesRetry(total=4, connect=None, read=None, redirect=None, status=None)) after connection broken by 'NameResolutionError("HTTPConnection(host='influxdb', port=8086): Failed to resolve 'influxdb' ([Errno -3] Temporary failure in name resolution)")': /api/v2/write?org=prueba&bucket=metrics&precision=ns (/usr/local/lib/python3.12/site-packages/urllib3/connectionpool.py:868)
2026-01-21 14:47:35,729 [WARNING] influxdb_client.client.write.retry: The retriable error occurred during request. Reason: 'HTTPConnection(host='influxdb', port=8086): Failed to resolve 'influxdb' ([Errno -3] Temporary failure in name resolution)'. (/usr/local/lib/python3.12/site-packages/influxdb_client/client/write/retry.py:140)
2026-01-21 14:47:50,421 [WARNING] urllib3.connectionpool: Retrying (WritesRetry(total=3, connect=None, read=None, redirect=None, status=None)) after connection broken by 'NameResolutionError("HTTPConnection(host='influxdb', port=8086): Failed to resolve 'influxdb' ([Errno -3] Temporary failure in name resolution)")': /api/v2/write?org=prueba&bucket=metrics&precision=ns (/usr/local/lib/python3.12/site-packages/urllib3/connectionpool.py:868)
2026-01-21 14:47:50,427 [WARNING] influxdb_client.client.write.retry: The retriable error occurred during request. Reason: 'HTTPConnection(host='influxdb', port=8086): Failed to resolve 'influxdb' ([Errno -3] Temporary failure in name resolution)'. (/usr/local/lib/python3.12/site-packages/influxdb_client/client/write/retry.py:140)
2026-01-21 14:48:12,869 [WARNING] urllib3.connectionpool: Retrying (WritesRetry(total=2, connect=None, read=None, redirect=None, status=None)) after connection broken by 'NameResolutionError("HTTPConnection(host='influxdb', port=8086): Failed to resolve 'influxdb' ([Errno -3] Temporary failure in name resolution)")': /api/v2/write?org=prueba&bucket=metrics&precision=ns (/usr/local/lib/python3.12/site-packages/urllib3/connectionpool.py:868)
2026-01-21 14:48:12,874 [WARNING] influxdb_client.client.write.retry: The retriable error occurred during request. Reason: 'HTTPConnection(host='influxdb', port=8086): Failed to resolve 'influxdb' ([Errno -3] Temporary failure in name resolution)'. (/usr/local/lib/python3.12/site-packages/influxdb_client/client/write/retry.py:140)
2026-01-21 15:56:19,109 [ERROR] metrics.services.prometheus: Failed to request Prometheus reload at http://prometheus:9090/-/reload (/pruebatecno/metrics/services/prometheus.py:59)
Traceback (most recent call last):
  File "/pruebatecno/metrics/services/prometheus.py", line 53, in generate_alert_rules
    with urllib.request.urlopen(req, timeout=5) as resp:
         ^^^^^^^^^^^^^^^^^^^^^^^^^^^^^^^^^^^^^^
  File "/usr/local/lib/python3.12/urllib/request.py", line 215, in urlopen
    return opener.open(url, data, timeout)
           ^^^^^^^^^^^^^^^^^^^^^^^^^^^^^^^
  File "/usr/local/lib/python3.12/urllib/request.py", line 521, in open
    response = meth(req, response)
               ^^^^^^^^^^^^^^^^^^^
  File "/usr/local/lib/python3.12/urllib/request.py", line 630, in http_response
    response = self.parent.error(
               ^^^^^^^^^^^^^^^^^^
  File "/usr/local/lib/python3.12/urllib/request.py", line 559, in error
    return self._call_chain(*args)
           ^^^^^^^^^^^^^^^^^^^^^^^
  File "/usr/local/lib/python3.12/urllib/request.py", line 492, in _call_chain
    result = func(*args)
             ^^^^^^^^^^^
  File "/usr/local/lib/python3.12/urllib/request.py", line 639, in http_error_default
    raise HTTPError(req.full_url, code, msg, hdrs, fp)
urllib.error.HTTPError: HTTP Error 403: Forbidden
2026-01-21 16:05:31,150 [INFO] metrics.services.prometheus: generate_alert_rules called (/pruebatecno/metrics/services/prometheus.py:14)
2026-01-21 16:05:31,175 [INFO] metrics.services.prometheus: Writing /prometheus/alerts.yml with 3 rules (/pruebatecno/metrics/services/prometheus.py:46)
2026-01-21 16:05:31,178 [INFO] metrics.services.prometheus: Wrote rules file /prometheus/alerts.yml (/pruebatecno/metrics/services/prometheus.py:49)
2026-01-21 16:05:31,224 [INFO] metrics.services.prometheus: Requested Prometheus reload successfully (/pruebatecno/metrics/services/prometheus.py:60)
2026-01-21 16:06:36,491 [INFO] metrics.services.prometheus: generate_alert_rules called (/pruebatecno/metrics/services/prometheus.py:14)
2026-01-21 16:06:36,505 [INFO] metrics.services.prometheus: Writing /prometheus/alerts.yml with 3 rules (/pruebatecno/metrics/services/prometheus.py:46)
2026-01-21 16:06:36,510 [INFO] metrics.services.prometheus: Wrote rules file /prometheus/alerts.yml (/pruebatecno/metrics/services/prometheus.py:49)
2026-01-21 16:06:36,568 [INFO] metrics.services.prometheus: Requested Prometheus reload successfully (/pruebatecno/metrics/services/prometheus.py:60)
2026-01-21 16:17:16,443 [ERROR] influxdb_client.client.write_api: The batch item wasn't processed successfully because: cannot schedule new futures after interpreter shutdown (/usr/local/lib/python3.12/site-packages/influxdb_client/client/write_api.py:538)
2026-01-21 16:17:37,124 [ERROR] influxdb_client.client.write_api: The batch item wasn't processed successfully because: cannot schedule new futures after interpreter shutdown (/usr/local/lib/python3.12/site-packages/influxdb_client/client/write_api.py:538)
2026-01-21 17:01:54,281 [INFO] metrics.services.prometheus: generate_alert_rules called (/pruebatecno/metrics/services/prometheus.py:14)
2026-01-21 17:01:54,288 [INFO] metrics.services.prometheus: Writing /prometheus/alerts.yml with 4 rules (/pruebatecno/metrics/services/prometheus.py:46)
2026-01-21 17:01:54,290 [INFO] metrics.services.prometheus: Wrote rules file /prometheus/alerts.yml (/pruebatecno/metrics/services/prometheus.py:49)
2026-01-21 17:01:54,327 [INFO] metrics.services.prometheus: Requested Prometheus reload successfully (/pruebatecno/metrics/services/prometheus.py:60)
2026-01-21 17:01:54,328 [INFO] metrics.services.prometheus: generate_alert_rules called (/pruebatecno/metrics/services/prometheus.py:14)
2026-01-21 17:01:54,336 [INFO] metrics.services.prometheus: Writing /prometheus/alerts.yml with 4 rules (/pruebatecno/metrics/services/prometheus.py:46)
2026-01-21 17:01:54,339 [INFO] metrics.services.prometheus: Wrote rules file /prometheus/alerts.yml (/pruebatecno/metrics/services/prometheus.py:49)
2026-01-21 17:01:54,342 [INFO] metrics.services.prometheus: Requested Prometheus reload successfully (/pruebatecno/metrics/services/prometheus.py:60)
2026-01-21 17:01:54,342 [INFO] metrics.services.prometheus: generate_alert_rules called (/pruebatecno/metrics/services/prometheus.py:14)
2026-01-21 17:01:54,351 [INFO] metrics.services.prometheus: Writing /prometheus/alerts.yml with 4 rules (/pruebatecno/metrics/services/prometheus.py:46)
2026-01-21 17:01:54,353 [INFO] metrics.services.prometheus: Wrote rules file /prometheus/alerts.yml (/pruebatecno/metrics/services/prometheus.py:49)
2026-01-21 17:01:54,356 [INFO] metrics.services.prometheus: Requested Prometheus reload successfully (/pruebatecno/metrics/services/prometheus.py:60)
2026-01-21 17:24:02,516 [INFO] metrics.services.prometheus: generate_alert_rules called (/pruebatecno/metrics/services/prometheus.py:14)
2026-01-21 17:24:02,529 [INFO] metrics.services.prometheus: Writing /prometheus/alerts.yml with 4 rules (/pruebatecno/metrics/services/prometheus.py:46)
2026-01-21 17:24:02,533 [INFO] metrics.services.prometheus: Wrote rules file /prometheus/alerts.yml (/pruebatecno/metrics/services/prometheus.py:49)
2026-01-21 17:24:02,539 [INFO] metrics.services.prometheus: Requested Prometheus reload successfully (/pruebatecno/metrics/services/prometheus.py:60)
2026-01-21 17:25:02,503 [INFO] metrics.services.prometheus: generate_alert_rules called (/pruebatecno/metrics/services/prometheus.py:14)
2026-01-21 17:25:02,516 [INFO] metrics.services.prometheus: Writing /prometheus/alerts.yml with 4 rules (/pruebatecno/metrics/services/prometheus.py:46)
2026-01-21 17:25:02,520 [INFO] metrics.services.prometheus: Wrote rules file /prometheus/alerts.yml (/pruebatecno/metrics/services/prometheus.py:49)
2026-01-21 17:25:02,534 [INFO] metrics.services.prometheus: Requested Prometheus reload successfully (/pruebatecno/metrics/services/prometheus.py:60)
2026-01-21 18:05:11,295 [INFO] metrics.services.prometheus: generate_alert_rules called (/pruebatecno/metrics/services/prometheus.py:15)
2026-01-21 18:05:11,323 [INFO] metrics.services.prometheus: Saved AlertRuleVersion to DB (length=790) (/pruebatecno/metrics/services/prometheus.py:50)
2026-01-21 18:05:11,324 [INFO] metrics.services.prometheus: Writing /prometheus/alerts.yml with 4 rules (/pruebatecno/metrics/services/prometheus.py:56)
2026-01-21 18:05:11,324 [INFO] metrics.services.prometheus: Wrote rules file /prometheus/alerts.yml (/pruebatecno/metrics/services/prometheus.py:62)
2026-01-21 18:05:11,375 [INFO] metrics.services.prometheus: Requested Prometheus reload successfully (/pruebatecno/metrics/services/prometheus.py:73)
2026-01-21 18:13:59,330 [WARNING] influxdb_client.client.write.retry: The retriable error occurred during request. Reason: 'HTTPConnection(host='influxdb', port=8086): Failed to resolve 'influxdb' ([Errno -3] Temporary failure in name resolution)'. (/usr/local/lib/python3.12/site-packages/influxdb_client/client/write/retry.py:140)
2026-01-21 18:14:05,466 [WARNING] urllib3.connectionpool: Retrying (WritesRetry(total=4, connect=None, read=None, redirect=None, status=None)) after connection broken by 'NameResolutionError("HTTPConnection(host='influxdb', port=8086): Failed to resolve 'influxdb' ([Errno -3] Temporary failure in name resolution)")': /api/v2/write?org=prueba&bucket=metrics&precision=ns (/usr/local/lib/python3.12/site-packages/urllib3/connectionpool.py:868)
2026-01-21 18:14:05,473 [WARNING] influxdb_client.client.write.retry: The retriable error occurred during request. Reason: 'HTTPConnection(host='influxdb', port=8086): Failed to resolve 'influxdb' ([Errno -3] Temporary failure in name resolution)'. (/usr/local/lib/python3.12/site-packages/influxdb_client/client/write/retry.py:140)
2026-01-22 14:18:24,989 [INFO] metrics.services.prometheus: generate_alert_rules called (/pruebatecno/metrics/services/prometheus.py:15)
2026-01-22 14:18:25,014 [INFO] metrics.services.prometheus: Saved AlertRuleVersion to DB (length=967) (/pruebatecno/metrics/services/prometheus.py:50)
2026-01-22 14:18:25,015 [INFO] metrics.services.prometheus: Writing /prometheus/alerts.yml with 5 rules (/pruebatecno/metrics/services/prometheus.py:56)
2026-01-22 14:18:25,017 [INFO] metrics.services.prometheus: Wrote rules file /prometheus/alerts.yml (/pruebatecno/metrics/services/prometheus.py:62)
2026-01-22 14:18:25,079 [INFO] metrics.services.prometheus: Requested Prometheus reload successfully (/pruebatecno/metrics/services/prometheus.py:73)
2026-01-22 14:18:25,079 [INFO] metrics.services.prometheus: generate_alert_rules called (/pruebatecno/metrics/services/prometheus.py:15)
2026-01-22 14:18:25,093 [INFO] metrics.services.prometheus: Saved AlertRuleVersion to DB (length=967) (/pruebatecno/metrics/services/prometheus.py:50)
2026-01-22 14:18:25,093 [INFO] metrics.services.prometheus: Writing /prometheus/alerts.yml with 5 rules (/pruebatecno/metrics/services/prometheus.py:56)
2026-01-22 14:18:25,094 [INFO] metrics.services.prometheus: Wrote rules file /prometheus/alerts.yml (/pruebatecno/metrics/services/prometheus.py:62)
2026-01-22 14:18:25,096 [INFO] metrics.services.prometheus: Requested Prometheus reload successfully (/pruebatecno/metrics/services/prometheus.py:73)
2026-01-22 14:18:25,096 [INFO] metrics.services.prometheus: generate_alert_rules called (/pruebatecno/metrics/services/prometheus.py:15)
2026-01-22 14:18:25,110 [INFO] metrics.services.prometheus: Saved AlertRuleVersion to DB (length=967) (/pruebatecno/metrics/services/prometheus.py:50)
2026-01-22 14:18:25,110 [INFO] metrics.services.prometheus: Writing /prometheus/alerts.yml with 5 rules (/pruebatecno/metrics/services/prometheus.py:56)
2026-01-22 14:18:25,111 [INFO] metrics.services.prometheus: Wrote rules file /prometheus/alerts.yml (/pruebatecno/metrics/services/prometheus.py:62)
2026-01-22 14:18:25,113 [INFO] metrics.services.prometheus: Requested Prometheus reload successfully (/pruebatecno/metrics/services/prometheus.py:73)
2026-01-22 14:46:10,361 [INFO] metrics.services.prometheus: generate_alert_rules called (/pruebatecno/metrics/services/prometheus.py:15)
2026-01-22 14:46:10,378 [INFO] metrics.services.prometheus: Saved AlertRuleVersion to DB (length=967) (/pruebatecno/metrics/services/prometheus.py:50)
2026-01-22 14:46:10,379 [INFO] metrics.services.prometheus: Writing /prometheus/alerts.yml with 5 rules (/pruebatecno/metrics/services/prometheus.py:56)
2026-01-22 14:46:10,379 [INFO] metrics.services.prometheus: Wrote rules file /prometheus/alerts.yml (/pruebatecno/metrics/services/prometheus.py:62)
2026-01-22 14:46:10,382 [INFO] metrics.services.prometheus: Requested Prometheus reload successfully (/pruebatecno/metrics/services/prometheus.py:73)
2026-01-22 18:00:22,518 [INFO] metrics.services.prometheus: generate_alert_rules called (/pruebatecno/metrics/services/prometheus.py:15)
2026-01-22 20:29:57,563 [INFO] metrics.services.prometheus: generate_alert_rules called (/pruebatecno/metrics/services/prometheus.py:15)
2026-01-22 20:29:57,571 [INFO] metrics.services.prometheus: Saved AlertRuleVersion to DB (length=202) (/pruebatecno/metrics/services/prometheus.py:50)
2026-01-22 20:29:57,571 [INFO] metrics.services.prometheus: Writing /prometheus/alerts.yml with 1 rules (/pruebatecno/metrics/services/prometheus.py:56)
2026-01-22 20:29:57,572 [INFO] metrics.services.prometheus: Wrote rules file /prometheus/alerts.yml (/pruebatecno/metrics/services/prometheus.py:62)
2026-01-22 20:29:57,606 [ERROR] metrics.services.prometheus: Failed to request Prometheus reload at http://prometheus:9090/-/reload (/pruebatecno/metrics/services/prometheus.py:75)
Traceback (most recent call last):
  File "/pruebatecno/metrics/services/prometheus.py", line 69, in generate_alert_rules
    with urllib.request.urlopen(req, timeout=5) as resp:
         ^^^^^^^^^^^^^^^^^^^^^^^^^^^^^^^^^^^^^^
  File "/usr/local/lib/python3.12/urllib/request.py", line 215, in urlopen
    return opener.open(url, data, timeout)
           ^^^^^^^^^^^^^^^^^^^^^^^^^^^^^^^
  File "/usr/local/lib/python3.12/urllib/request.py", line 521, in open
    response = meth(req, response)
               ^^^^^^^^^^^^^^^^^^^
  File "/usr/local/lib/python3.12/urllib/request.py", line 630, in http_response
    response = self.parent.error(
               ^^^^^^^^^^^^^^^^^^
  File "/usr/local/lib/python3.12/urllib/request.py", line 559, in error
    return self._call_chain(*args)
           ^^^^^^^^^^^^^^^^^^^^^^^
  File "/usr/local/lib/python3.12/urllib/request.py", line 492, in _call_chain
    result = func(*args)
             ^^^^^^^^^^^
  File "/usr/local/lib/python3.12/urllib/request.py", line 639, in http_error_default
    raise HTTPError(req.full_url, code, msg, hdrs, fp)
urllib.error.HTTPError: HTTP Error 500: Internal Server Error
2026-01-22 20:29:57,609 [INFO] metrics.services.prometheus: generate_alert_rules called (/pruebatecno/metrics/services/prometheus.py:15)
2026-01-22 20:29:57,615 [INFO] metrics.services.prometheus: Saved AlertRuleVersion to DB (length=202) (/pruebatecno/metrics/services/prometheus.py:50)
2026-01-22 20:29:57,616 [INFO] metrics.services.prometheus: Writing /prometheus/alerts.yml with 1 rules (/pruebatecno/metrics/services/prometheus.py:56)
2026-01-22 20:29:57,616 [INFO] metrics.services.prometheus: Wrote rules file /prometheus/alerts.yml (/pruebatecno/metrics/services/prometheus.py:62)
2026-01-22 20:29:57,618 [ERROR] metrics.services.prometheus: Failed to request Prometheus reload at http://prometheus:9090/-/reload (/pruebatecno/metrics/services/prometheus.py:75)
Traceback (most recent call last):
  File "/pruebatecno/metrics/services/prometheus.py", line 69, in generate_alert_rules
    with urllib.request.urlopen(req, timeout=5) as resp:
         ^^^^^^^^^^^^^^^^^^^^^^^^^^^^^^^^^^^^^^
  File "/usr/local/lib/python3.12/urllib/request.py", line 215, in urlopen
    return opener.open(url, data, timeout)
           ^^^^^^^^^^^^^^^^^^^^^^^^^^^^^^^
  File "/usr/local/lib/python3.12/urllib/request.py", line 521, in open
    response = meth(req, response)
               ^^^^^^^^^^^^^^^^^^^
  File "/usr/local/lib/python3.12/urllib/request.py", line 630, in http_response
    response = self.parent.error(
               ^^^^^^^^^^^^^^^^^^
  File "/usr/local/lib/python3.12/urllib/request.py", line 559, in error
    return self._call_chain(*args)
           ^^^^^^^^^^^^^^^^^^^^^^^
  File "/usr/local/lib/python3.12/urllib/request.py", line 492, in _call_chain
    result = func(*args)
             ^^^^^^^^^^^
  File "/usr/local/lib/python3.12/urllib/request.py", line 639, in http_error_default
    raise HTTPError(req.full_url, code, msg, hdrs, fp)
urllib.error.HTTPError: HTTP Error 500: Internal Server Error
2026-01-22 20:34:17,261 [INFO] metrics.views: metrics_with_influx fetched Influx values: {} (/pruebatecno/metrics/views.py:48)
2026-01-22 20:34:17,271 [INFO] metrics.views: metrics_with_influx: base_content=43972 bytes, influx_metrics=0 bytes, keys=[] (/pruebatecno/metrics/views.py:64)
2026-01-22 20:40:33,292 [WARNING] django.request: Not Found: / (/usr/local/lib/python3.12/site-packages/django/utils/log.py:253)
2026-01-22 20:41:03,479 [INFO] metrics.views: metrics_with_influx fetched Influx values: {} (/pruebatecno/metrics/views.py:48)
2026-01-22 20:41:03,489 [INFO] metrics.views: metrics_with_influx: base_content=49366 bytes, influx_metrics=0 bytes, keys=[] (/pruebatecno/metrics/views.py:64)
2026-01-23 12:03:22,918 [WARNING] django.request: Not Found: / (/usr/local/lib/python3.12/site-packages/django/utils/log.py:253)
2026-01-23 12:03:29,064 [WARNING] django.request: Not Found: / (/usr/local/lib/python3.12/site-packages/django/utils/log.py:253)
2026-01-23 12:03:29,702 [WARNING] django.request: Not Found: / (/usr/local/lib/python3.12/site-packages/django/utils/log.py:253)
2026-01-23 12:03:29,892 [WARNING] django.request: Not Found: / (/usr/local/lib/python3.12/site-packages/django/utils/log.py:253)
2026-01-23 12:03:30,125 [WARNING] django.request: Not Found: / (/usr/local/lib/python3.12/site-packages/django/utils/log.py:253)
2026-01-23 12:03:30,362 [WARNING] django.request: Not Found: / (/usr/local/lib/python3.12/site-packages/django/utils/log.py:253)
2026-01-23 12:03:30,510 [WARNING] django.request: Not Found: / (/usr/local/lib/python3.12/site-packages/django/utils/log.py:253)
2026-01-23 12:03:45,962 [INFO] metrics.services.prometheus: generate_alert_rules called (/pruebatecno/metrics/services/prometheus.py:15)
2026-01-23 12:03:45,972 [INFO] metrics.services.prometheus: Saved AlertRuleVersion to DB (length=203) (/pruebatecno/metrics/services/prometheus.py:50)
2026-01-23 12:03:45,972 [INFO] metrics.services.prometheus: Writing /prometheus/alerts.yml with 1 rules (/pruebatecno/metrics/services/prometheus.py:56)
2026-01-23 12:03:45,973 [INFO] metrics.services.prometheus: Wrote rules file /prometheus/alerts.yml (/pruebatecno/metrics/services/prometheus.py:62)
2026-01-23 12:03:46,024 [ERROR] metrics.services.prometheus: Failed to request Prometheus reload at http://prometheus:9090/-/reload (/pruebatecno/metrics/services/prometheus.py:75)
Traceback (most recent call last):
  File "/pruebatecno/metrics/services/prometheus.py", line 69, in generate_alert_rules
    with urllib.request.urlopen(req, timeout=5) as resp:
         ^^^^^^^^^^^^^^^^^^^^^^^^^^^^^^^^^^^^^^
  File "/usr/local/lib/python3.12/urllib/request.py", line 215, in urlopen
    return opener.open(url, data, timeout)
           ^^^^^^^^^^^^^^^^^^^^^^^^^^^^^^^
  File "/usr/local/lib/python3.12/urllib/request.py", line 521, in open
    response = meth(req, response)
               ^^^^^^^^^^^^^^^^^^^
  File "/usr/local/lib/python3.12/urllib/request.py", line 630, in http_response
    response = self.parent.error(
               ^^^^^^^^^^^^^^^^^^
  File "/usr/local/lib/python3.12/urllib/request.py", line 559, in error
    return self._call_chain(*args)
           ^^^^^^^^^^^^^^^^^^^^^^^
  File "/usr/local/lib/python3.12/urllib/request.py", line 492, in _call_chain
    result = func(*args)
             ^^^^^^^^^^^
  File "/usr/local/lib/python3.12/urllib/request.py", line 639, in http_error_default
    raise HTTPError(req.full_url, code, msg, hdrs, fp)
urllib.error.HTTPError: HTTP Error 500: Internal Server Error
2026-01-23 12:05:47,694 [INFO] metrics.services.prometheus: generate_alert_rules called (/pruebatecno/metrics/services/prometheus.py:15)
2026-01-23 12:05:47,705 [INFO] metrics.services.prometheus: Saved AlertRuleVersion to DB (length=203) (/pruebatecno/metrics/services/prometheus.py:50)
2026-01-23 12:05:47,705 [INFO] metrics.services.prometheus: Writing /prometheus/alerts.yml with 1 rules (/pruebatecno/metrics/services/prometheus.py:56)
2026-01-23 12:05:47,706 [INFO] metrics.services.prometheus: Wrote rules file /prometheus/alerts.yml (/pruebatecno/metrics/services/prometheus.py:62)
2026-01-23 12:05:47,709 [ERROR] metrics.services.prometheus: Failed to request Prometheus reload at http://prometheus:9090/-/reload (/pruebatecno/metrics/services/prometheus.py:75)
Traceback (most recent call last):
  File "/pruebatecno/metrics/services/prometheus.py", line 69, in generate_alert_rules
    with urllib.request.urlopen(req, timeout=5) as resp:
         ^^^^^^^^^^^^^^^^^^^^^^^^^^^^^^^^^^^^^^
  File "/usr/local/lib/python3.12/urllib/request.py", line 215, in urlopen
    return opener.open(url, data, timeout)
           ^^^^^^^^^^^^^^^^^^^^^^^^^^^^^^^
  File "/usr/local/lib/python3.12/urllib/request.py", line 521, in open
    response = meth(req, response)
               ^^^^^^^^^^^^^^^^^^^
  File "/usr/local/lib/python3.12/urllib/request.py", line 630, in http_response
    response = self.parent.error(
               ^^^^^^^^^^^^^^^^^^
  File "/usr/local/lib/python3.12/urllib/request.py", line 559, in error
    return self._call_chain(*args)
           ^^^^^^^^^^^^^^^^^^^^^^^
  File "/usr/local/lib/python3.12/urllib/request.py", line 492, in _call_chain
    result = func(*args)
             ^^^^^^^^^^^
  File "/usr/local/lib/python3.12/urllib/request.py", line 639, in http_error_default
    raise HTTPError(req.full_url, code, msg, hdrs, fp)
urllib.error.HTTPError: HTTP Error 500: Internal Server Error
2026-01-23 12:06:44,968 [INFO] metrics.services.prometheus: generate_alert_rules called (/pruebatecno/metrics/services/prometheus.py:15)
2026-01-23 12:06:44,979 [INFO] metrics.services.prometheus: Saved AlertRuleVersion to DB (length=357) (/pruebatecno/metrics/services/prometheus.py:50)
2026-01-23 12:06:44,979 [INFO] metrics.services.prometheus: Writing /prometheus/alerts.yml with 2 rules (/pruebatecno/metrics/services/prometheus.py:56)
2026-01-23 12:06:44,980 [INFO] metrics.services.prometheus: Wrote rules file /prometheus/alerts.yml (/pruebatecno/metrics/services/prometheus.py:62)
2026-01-23 12:06:44,982 [ERROR] metrics.services.prometheus: Failed to request Prometheus reload at http://prometheus:9090/-/reload (/pruebatecno/metrics/services/prometheus.py:75)
Traceback (most recent call last):
  File "/pruebatecno/metrics/services/prometheus.py", line 69, in generate_alert_rules
    with urllib.request.urlopen(req, timeout=5) as resp:
         ^^^^^^^^^^^^^^^^^^^^^^^^^^^^^^^^^^^^^^
  File "/usr/local/lib/python3.12/urllib/request.py", line 215, in urlopen
    return opener.open(url, data, timeout)
           ^^^^^^^^^^^^^^^^^^^^^^^^^^^^^^^
  File "/usr/local/lib/python3.12/urllib/request.py", line 521, in open
    response = meth(req, response)
               ^^^^^^^^^^^^^^^^^^^
  File "/usr/local/lib/python3.12/urllib/request.py", line 630, in http_response
    response = self.parent.error(
               ^^^^^^^^^^^^^^^^^^
  File "/usr/local/lib/python3.12/urllib/request.py", line 559, in error
    return self._call_chain(*args)
           ^^^^^^^^^^^^^^^^^^^^^^^
  File "/usr/local/lib/python3.12/urllib/request.py", line 492, in _call_chain
    result = func(*args)
             ^^^^^^^^^^^
  File "/usr/local/lib/python3.12/urllib/request.py", line 639, in http_error_default
    raise HTTPError(req.full_url, code, msg, hdrs, fp)
urllib.error.HTTPError: HTTP Error 500: Internal Server Error
2026-01-23 12:06:44,984 [INFO] metrics.services.prometheus: generate_alert_rules called (/pruebatecno/metrics/services/prometheus.py:15)
2026-01-23 12:06:44,993 [INFO] metrics.services.prometheus: Saved AlertRuleVersion to DB (length=357) (/pruebatecno/metrics/services/prometheus.py:50)
2026-01-23 12:06:44,993 [INFO] metrics.services.prometheus: Writing /prometheus/alerts.yml with 2 rules (/pruebatecno/metrics/services/prometheus.py:56)
2026-01-23 12:06:44,994 [INFO] metrics.services.prometheus: Wrote rules file /prometheus/alerts.yml (/pruebatecno/metrics/services/prometheus.py:62)
2026-01-23 12:06:44,996 [ERROR] metrics.services.prometheus: Failed to request Prometheus reload at http://prometheus:9090/-/reload (/pruebatecno/metrics/services/prometheus.py:75)
Traceback (most recent call last):
  File "/pruebatecno/metrics/services/prometheus.py", line 69, in generate_alert_rules
    with urllib.request.urlopen(req, timeout=5) as resp:
         ^^^^^^^^^^^^^^^^^^^^^^^^^^^^^^^^^^^^^^
  File "/usr/local/lib/python3.12/urllib/request.py", line 215, in urlopen
    return opener.open(url, data, timeout)
           ^^^^^^^^^^^^^^^^^^^^^^^^^^^^^^^
  File "/usr/local/lib/python3.12/urllib/request.py", line 521, in open
    response = meth(req, response)
               ^^^^^^^^^^^^^^^^^^^
  File "/usr/local/lib/python3.12/urllib/request.py", line 630, in http_response
    response = self.parent.error(
               ^^^^^^^^^^^^^^^^^^
  File "/usr/local/lib/python3.12/urllib/request.py", line 559, in error
    return self._call_chain(*args)
           ^^^^^^^^^^^^^^^^^^^^^^^
  File "/usr/local/lib/python3.12/urllib/request.py", line 492, in _call_chain
    result = func(*args)
             ^^^^^^^^^^^
  File "/usr/local/lib/python3.12/urllib/request.py", line 639, in http_error_default
    raise HTTPError(req.full_url, code, msg, hdrs, fp)
urllib.error.HTTPError: HTTP Error 500: Internal Server Error
2026-01-23 12:13:57,767 [INFO] metrics.services.prometheus: generate_alert_rules called (/pruebatecno/metrics/services/prometheus.py:15)
2026-01-23 12:13:57,777 [INFO] metrics.services.prometheus: Saved AlertRuleVersion to DB (length=203) (/pruebatecno/metrics/services/prometheus.py:50)
2026-01-23 12:13:57,779 [INFO] metrics.services.prometheus: Writing /prometheus/alerts.yml with 1 rules (/pruebatecno/metrics/services/prometheus.py:56)
2026-01-23 12:13:57,779 [INFO] metrics.services.prometheus: Wrote rules file /prometheus/alerts.yml (/pruebatecno/metrics/services/prometheus.py:62)
2026-01-23 12:13:57,836 [INFO] metrics.services.prometheus: Requested Prometheus reload successfully (/pruebatecno/metrics/services/prometheus.py:73)
2026-01-23 12:14:02,144 [INFO] metrics.services.prometheus: generate_alert_rules called (/pruebatecno/metrics/services/prometheus.py:15)
2026-01-23 12:14:02,149 [INFO] metrics.services.prometheus: Saved AlertRuleVersion to DB (length=50) (/pruebatecno/metrics/services/prometheus.py:50)
2026-01-23 12:14:02,150 [INFO] metrics.services.prometheus: Writing /prometheus/alerts.yml with 0 rules (/pruebatecno/metrics/services/prometheus.py:56)
2026-01-23 12:14:02,151 [INFO] metrics.services.prometheus: Wrote rules file /prometheus/alerts.yml (/pruebatecno/metrics/services/prometheus.py:62)
2026-01-23 12:14:02,158 [INFO] metrics.services.prometheus: Requested Prometheus reload successfully (/pruebatecno/metrics/services/prometheus.py:73)
2026-01-23 12:14:24,899 [INFO] metrics.services.prometheus: generate_alert_rules called (/pruebatecno/metrics/services/prometheus.py:15)
2026-01-23 12:14:24,903 [INFO] metrics.services.prometheus: Saved AlertRuleVersion to DB (length=202) (/pruebatecno/metrics/services/prometheus.py:50)
2026-01-23 12:14:24,903 [INFO] metrics.services.prometheus: Writing /prometheus/alerts.yml with 1 rules (/pruebatecno/metrics/services/prometheus.py:56)
2026-01-23 12:14:24,904 [INFO] metrics.services.prometheus: Wrote rules file /prometheus/alerts.yml (/pruebatecno/metrics/services/prometheus.py:62)
2026-01-23 12:14:24,906 [INFO] metrics.services.prometheus: Requested Prometheus reload successfully (/pruebatecno/metrics/services/prometheus.py:73)
2026-01-23 12:14:24,906 [INFO] metrics.services.prometheus: generate_alert_rules called (/pruebatecno/metrics/services/prometheus.py:15)
2026-01-23 12:14:24,911 [INFO] metrics.services.prometheus: Saved AlertRuleVersion to DB (length=202) (/pruebatecno/metrics/services/prometheus.py:50)
2026-01-23 12:14:24,911 [INFO] metrics.services.prometheus: Writing /prometheus/alerts.yml with 1 rules (/pruebatecno/metrics/services/prometheus.py:56)
2026-01-23 12:14:24,912 [INFO] metrics.services.prometheus: Wrote rules file /prometheus/alerts.yml (/pruebatecno/metrics/services/prometheus.py:62)
2026-01-23 12:14:24,914 [INFO] metrics.services.prometheus: Requested Prometheus reload successfully (/pruebatecno/metrics/services/prometheus.py:73)
2026-01-23 12:30:33,622 [INFO] metrics.services.prometheus: generate_alert_rules called (/pruebatecno/metrics/services/prometheus.py:15)
2026-01-23 12:30:33,644 [INFO] metrics.services.prometheus: Saved AlertRuleVersion to DB (length=355) (/pruebatecno/metrics/services/prometheus.py:50)
2026-01-23 12:30:33,644 [INFO] metrics.services.prometheus: Writing /prometheus/alerts.yml with 2 rules (/pruebatecno/metrics/services/prometheus.py:56)
2026-01-23 12:30:33,645 [INFO] metrics.services.prometheus: Wrote rules file /prometheus/alerts.yml (/pruebatecno/metrics/services/prometheus.py:62)
2026-01-23 12:30:33,714 [INFO] metrics.services.prometheus: Requested Prometheus reload successfully (/pruebatecno/metrics/services/prometheus.py:73)
2026-01-23 12:30:33,714 [INFO] metrics.services.prometheus: generate_alert_rules called (/pruebatecno/metrics/services/prometheus.py:15)
2026-01-23 12:30:33,723 [INFO] metrics.services.prometheus: Saved AlertRuleVersion to DB (length=355) (/pruebatecno/metrics/services/prometheus.py:50)
2026-01-23 12:30:33,723 [INFO] metrics.services.prometheus: Writing /prometheus/alerts.yml with 2 rules (/pruebatecno/metrics/services/prometheus.py:56)
2026-01-23 12:30:33,724 [INFO] metrics.services.prometheus: Wrote rules file /prometheus/alerts.yml (/pruebatecno/metrics/services/prometheus.py:62)
2026-01-23 12:30:33,726 [INFO] metrics.services.prometheus: Requested Prometheus reload successfully (/pruebatecno/metrics/services/prometheus.py:73)
2026-01-23 12:53:22,944 [INFO] metrics.services.prometheus: generate_alert_rules called (/pruebatecno/metrics/services/prometheus.py:16)
2026-01-23 12:53:22,960 [INFO] metrics.services.prometheus: Saved AlertRuleVersion to DB (length=562) (/pruebatecno/metrics/services/prometheus.py:51)
2026-01-23 12:53:22,961 [INFO] metrics.services.prometheus: Writing /prometheus/alerts.yml with 3 rules (/pruebatecno/metrics/services/prometheus.py:57)
2026-01-23 12:53:22,962 [INFO] metrics.services.prometheus: Wrote rules file /prometheus/alerts.yml (/pruebatecno/metrics/services/prometheus.py:64)
2026-01-23 12:53:23,035 [INFO] metrics.services.prometheus: Requested Prometheus reload successfully (/pruebatecno/metrics/services/prometheus.py:75)
2026-01-23 12:53:23,035 [INFO] metrics.services.prometheus: generate_alert_rules called (/pruebatecno/metrics/services/prometheus.py:16)
2026-01-23 12:53:23,048 [INFO] metrics.services.prometheus: Saved AlertRuleVersion to DB (length=562) (/pruebatecno/metrics/services/prometheus.py:51)
2026-01-23 12:53:23,048 [INFO] metrics.services.prometheus: Writing /prometheus/alerts.yml with 3 rules (/pruebatecno/metrics/services/prometheus.py:57)
2026-01-23 12:53:23,049 [INFO] metrics.services.prometheus: Wrote rules file /prometheus/alerts.yml (/pruebatecno/metrics/services/prometheus.py:64)
2026-01-23 12:53:23,053 [INFO] metrics.services.prometheus: Requested Prometheus reload successfully (/pruebatecno/metrics/services/prometheus.py:75)
2026-01-23 12:53:23,053 [INFO] metrics.services.prometheus: generate_alert_rules called (/pruebatecno/metrics/services/prometheus.py:16)
2026-01-23 12:53:23,068 [INFO] metrics.services.prometheus: Saved AlertRuleVersion to DB (length=562) (/pruebatecno/metrics/services/prometheus.py:51)
2026-01-23 12:53:23,068 [INFO] metrics.services.prometheus: Writing /prometheus/alerts.yml with 3 rules (/pruebatecno/metrics/services/prometheus.py:57)
2026-01-23 12:53:23,069 [INFO] metrics.services.prometheus: Wrote rules file /prometheus/alerts.yml (/pruebatecno/metrics/services/prometheus.py:64)
2026-01-23 12:53:23,073 [INFO] metrics.services.prometheus: Requested Prometheus reload successfully (/pruebatecno/metrics/services/prometheus.py:75)
2026-01-23 13:01:35,686 [INFO] metrics.services.prometheus: generate_alert_rules called (/pruebatecno/metrics/services/prometheus.py:16)
2026-01-23 13:01:35,701 [INFO] metrics.services.prometheus: Saved AlertRuleVersion to DB (length=559) (/pruebatecno/metrics/services/prometheus.py:51)
2026-01-23 13:01:35,702 [INFO] metrics.services.prometheus: Writing /prometheus/alerts.yml with 3 rules (/pruebatecno/metrics/services/prometheus.py:57)
2026-01-23 13:01:35,703 [INFO] metrics.services.prometheus: Wrote rules file /prometheus/alerts.yml (/pruebatecno/metrics/services/prometheus.py:64)
2026-01-23 13:01:35,781 [INFO] metrics.services.prometheus: Requested Prometheus reload successfully (/pruebatecno/metrics/services/prometheus.py:75)
2026-01-23 13:06:08,409 [INFO] metrics.services.prometheus: generate_alert_rules called (/pruebatecno/metrics/services/prometheus.py:16)
2026-01-23 13:06:08,423 [INFO] metrics.services.prometheus: Saved AlertRuleVersion to DB (length=558) (/pruebatecno/metrics/services/prometheus.py:51)
2026-01-23 13:06:08,423 [INFO] metrics.services.prometheus: Writing /prometheus/alerts.yml with 3 rules (/pruebatecno/metrics/services/prometheus.py:57)
2026-01-23 13:06:08,424 [INFO] metrics.services.prometheus: Wrote rules file /prometheus/alerts.yml (/pruebatecno/metrics/services/prometheus.py:64)
2026-01-23 13:06:08,426 [INFO] metrics.services.prometheus: Requested Prometheus reload successfully (/pruebatecno/metrics/services/prometheus.py:75)
2026-01-23 13:36:11,366 [INFO] metrics.services.prometheus: generate_alert_rules called (/pruebatecno/metrics/services/prometheus.py:16)
2026-01-23 13:36:11,378 [INFO] metrics.services.prometheus: Saved AlertRuleVersion to DB (length=352) (/pruebatecno/metrics/services/prometheus.py:51)
2026-01-23 13:36:11,380 [INFO] metrics.services.prometheus: Writing /prometheus/alerts.yml with 2 rules (/pruebatecno/metrics/services/prometheus.py:57)
2026-01-23 13:36:11,380 [INFO] metrics.services.prometheus: Wrote rules file /prometheus/alerts.yml (/pruebatecno/metrics/services/prometheus.py:64)
2026-01-23 13:36:11,439 [INFO] metrics.services.prometheus: Requested Prometheus reload successfully (/pruebatecno/metrics/services/prometheus.py:75)
2026-01-23 13:36:11,439 [INFO] metrics.services.prometheus: generate_alert_rules called (/pruebatecno/metrics/services/prometheus.py:16)
2026-01-23 13:36:11,448 [INFO] metrics.services.prometheus: Saved AlertRuleVersion to DB (length=352) (/pruebatecno/metrics/services/prometheus.py:51)
2026-01-23 13:36:11,449 [INFO] metrics.services.prometheus: Writing /prometheus/alerts.yml with 2 rules (/pruebatecno/metrics/services/prometheus.py:57)
2026-01-23 13:36:11,449 [INFO] metrics.services.prometheus: Wrote rules file /prometheus/alerts.yml (/pruebatecno/metrics/services/prometheus.py:64)
2026-01-23 13:36:11,453 [INFO] metrics.services.prometheus: Requested Prometheus reload successfully (/pruebatecno/metrics/services/prometheus.py:75)
2026-01-23 13:36:17,008 [INFO] metrics.services.prometheus: generate_alert_rules called (/pruebatecno/metrics/services/prometheus.py:16)
2026-01-23 13:36:17,017 [INFO] metrics.services.prometheus: Saved AlertRuleVersion to DB (length=202) (/pruebatecno/metrics/services/prometheus.py:51)
2026-01-23 13:36:17,017 [INFO] metrics.services.prometheus: Writing /prometheus/alerts.yml with 1 rules (/pruebatecno/metrics/services/prometheus.py:57)
2026-01-23 13:36:17,018 [INFO] metrics.services.prometheus: Wrote rules file /prometheus/alerts.yml (/pruebatecno/metrics/services/prometheus.py:64)
2026-01-23 13:36:17,019 [INFO] metrics.services.prometheus: Requested Prometheus reload successfully (/pruebatecno/metrics/services/prometheus.py:75)
2026-01-23 13:36:22,930 [INFO] metrics.services.prometheus: generate_alert_rules called (/pruebatecno/metrics/services/prometheus.py:16)
2026-01-23 13:36:22,937 [INFO] metrics.services.prometheus: Saved AlertRuleVersion to DB (length=50) (/pruebatecno/metrics/services/prometheus.py:51)
2026-01-23 13:36:22,938 [INFO] metrics.services.prometheus: Writing /prometheus/alerts.yml with 0 rules (/pruebatecno/metrics/services/prometheus.py:57)
2026-01-23 13:36:22,938 [INFO] metrics.services.prometheus: Wrote rules file /prometheus/alerts.yml (/pruebatecno/metrics/services/prometheus.py:64)
2026-01-23 13:36:22,941 [INFO] metrics.services.prometheus: Requested Prometheus reload successfully (/pruebatecno/metrics/services/prometheus.py:75)
2026-01-23 13:37:10,769 [INFO] metrics.services.prometheus: generate_alert_rules called (/pruebatecno/metrics/services/prometheus.py:16)
2026-01-23 13:37:10,774 [INFO] metrics.services.prometheus: Saved AlertRuleVersion to DB (length=210) (/pruebatecno/metrics/services/prometheus.py:51)
2026-01-23 13:37:10,775 [INFO] metrics.services.prometheus: Writing /prometheus/alerts.yml with 1 rules (/pruebatecno/metrics/services/prometheus.py:57)
2026-01-23 13:37:10,775 [INFO] metrics.services.prometheus: Wrote rules file /prometheus/alerts.yml (/pruebatecno/metrics/services/prometheus.py:64)
2026-01-23 13:37:10,777 [INFO] metrics.services.prometheus: Requested Prometheus reload successfully (/pruebatecno/metrics/services/prometheus.py:75)
2026-01-23 13:37:10,777 [INFO] metrics.services.prometheus: generate_alert_rules called (/pruebatecno/metrics/services/prometheus.py:16)
2026-01-23 13:37:10,783 [INFO] metrics.services.prometheus: Saved AlertRuleVersion to DB (length=210) (/pruebatecno/metrics/services/prometheus.py:51)
2026-01-23 13:37:10,783 [INFO] metrics.services.prometheus: Writing /prometheus/alerts.yml with 1 rules (/pruebatecno/metrics/services/prometheus.py:57)
2026-01-23 13:37:10,784 [INFO] metrics.services.prometheus: Wrote rules file /prometheus/alerts.yml (/pruebatecno/metrics/services/prometheus.py:64)
2026-01-23 13:37:10,786 [INFO] metrics.services.prometheus: Requested Prometheus reload successfully (/pruebatecno/metrics/services/prometheus.py:75)
2026-01-23 13:40:06,751 [INFO] metrics.services.prometheus: generate_alert_rules called (/pruebatecno/metrics/services/prometheus.py:16)
2026-01-23 13:40:06,760 [INFO] metrics.services.prometheus: Saved AlertRuleVersion to DB (length=363) (/pruebatecno/metrics/services/prometheus.py:51)
2026-01-23 13:40:06,761 [INFO] metrics.services.prometheus: Writing /prometheus/alerts.yml with 2 rules (/pruebatecno/metrics/services/prometheus.py:57)
2026-01-23 13:40:06,761 [INFO] metrics.services.prometheus: Wrote rules file /prometheus/alerts.yml (/pruebatecno/metrics/services/prometheus.py:64)
2026-01-23 13:40:06,811 [INFO] metrics.services.prometheus: Requested Prometheus reload successfully (/pruebatecno/metrics/services/prometheus.py:75)
2026-01-23 13:40:06,812 [INFO] metrics.services.prometheus: generate_alert_rules called (/pruebatecno/metrics/services/prometheus.py:16)
2026-01-23 13:40:06,821 [INFO] metrics.services.prometheus: Saved AlertRuleVersion to DB (length=363) (/pruebatecno/metrics/services/prometheus.py:51)
2026-01-23 13:40:06,821 [INFO] metrics.services.prometheus: Writing /prometheus/alerts.yml with 2 rules (/pruebatecno/metrics/services/prometheus.py:57)
2026-01-23 13:40:06,822 [INFO] metrics.services.prometheus: Wrote rules file /prometheus/alerts.yml (/pruebatecno/metrics/services/prometheus.py:64)
2026-01-23 13:40:06,825 [INFO] metrics.services.prometheus: Requested Prometheus reload successfully (/pruebatecno/metrics/services/prometheus.py:75)
2026-01-23 16:23:29,290 [INFO] metrics.services.prometheus: generate_alert_rules called (/pruebatecno/metrics/services/prometheus.py:16)
2026-01-23 16:23:29,306 [INFO] metrics.services.prometheus: Saved AlertRuleVersion to DB (length=515) (/pruebatecno/metrics/services/prometheus.py:57)
2026-01-23 16:23:29,306 [INFO] metrics.services.prometheus: Writing /prometheus/alerts.yml with 3 rules (/pruebatecno/metrics/services/prometheus.py:64)
2026-01-23 16:23:29,307 [INFO] metrics.services.prometheus: Wrote rules file /prometheus/alerts.yml (/pruebatecno/metrics/services/prometheus.py:69)
2026-01-23 16:23:29,345 [INFO] metrics.services.prometheus: Requested Prometheus reload successfully (/pruebatecno/metrics/services/prometheus.py:100)
2026-01-23 16:23:29,345 [INFO] metrics.services.prometheus: generate_alert_rules called (/pruebatecno/metrics/services/prometheus.py:16)
2026-01-23 16:23:29,354 [INFO] metrics.services.prometheus: Saved AlertRuleVersion to DB (length=515) (/pruebatecno/metrics/services/prometheus.py:57)
2026-01-23 16:23:29,354 [INFO] metrics.services.prometheus: Writing /prometheus/alerts.yml with 3 rules (/pruebatecno/metrics/services/prometheus.py:64)
2026-01-23 16:23:29,355 [INFO] metrics.services.prometheus: Wrote rules file /prometheus/alerts.yml (/pruebatecno/metrics/services/prometheus.py:69)
2026-01-23 16:23:29,357 [INFO] metrics.services.prometheus: Requested Prometheus reload successfully (/pruebatecno/metrics/services/prometheus.py:100)
2026-01-23 16:43:42,337 [ERROR] metrics.views: Failed to query InfluxDB at http://influxdb:8086 (/pruebatecno/metrics/views.py:39)
Traceback (most recent call last):
  File "/usr/local/lib/python3.12/site-packages/urllib3/connection.py", line 204, in _new_conn
    sock = connection.create_connection(
           ^^^^^^^^^^^^^^^^^^^^^^^^^^^^^
  File "/usr/local/lib/python3.12/site-packages/urllib3/util/connection.py", line 60, in create_connection
    for res in socket.getaddrinfo(host, port, family, socket.SOCK_STREAM):
               ^^^^^^^^^^^^^^^^^^^^^^^^^^^^^^^^^^^^^^^^^^^^^^^^^^^^^^^^^^
  File "/usr/local/lib/python3.12/socket.py", line 963, in getaddrinfo
    for res in _socket.getaddrinfo(host, port, family, type, proto, flags):
               ^^^^^^^^^^^^^^^^^^^^^^^^^^^^^^^^^^^^^^^^^^^^^^^^^^^^^^^^^^^
socket.gaierror: [Errno -3] Temporary failure in name resolution

The above exception was the direct cause of the following exception:

Traceback (most recent call last):
  File "/pruebatecno/metrics/views.py", line 29, in fetch_influx_metrics
    tables = query_api.query(flux)
             ^^^^^^^^^^^^^^^^^^^^^
  File "/usr/local/lib/python3.12/site-packages/influxdb_client/client/query_api.py", line 203, in query
    response = self._query_api.post_query(org=org, query=self._create_query(query, self.default_dialect, params),
               ^^^^^^^^^^^^^^^^^^^^^^^^^^^^^^^^^^^^^^^^^^^^^^^^^^^^^^^^^^^^^^^^^^^^^^^^^^^^^^^^^^^^^^^^^^^^^^^^^^
  File "/usr/local/lib/python3.12/site-packages/influxdb_client/service/query_service.py", line 285, in post_query
    (data) = self.post_query_with_http_info(**kwargs)  # noqa: E501
             ^^^^^^^^^^^^^^^^^^^^^^^^^^^^^^^^^^^^^^^^
  File "/usr/local/lib/python3.12/site-packages/influxdb_client/service/query_service.py", line 311, in post_query_with_http_info
    return self.api_client.call_api(
           ^^^^^^^^^^^^^^^^^^^^^^^^^
  File "/usr/local/lib/python3.12/site-packages/influxdb_client/_sync/api_client.py", line 343, in call_api
    return self.__call_api(resource_path, method,
           ^^^^^^^^^^^^^^^^^^^^^^^^^^^^^^^^^^^^^^
  File "/usr/local/lib/python3.12/site-packages/influxdb_client/_sync/api_client.py", line 173, in __call_api
    response_data = self.request(
                    ^^^^^^^^^^^^^
  File "/usr/local/lib/python3.12/site-packages/influxdb_client/_sync/api_client.py", line 388, in request
    return self.rest_client.POST(url,
           ^^^^^^^^^^^^^^^^^^^^^^^^^^
  File "/usr/local/lib/python3.12/site-packages/influxdb_client/_sync/rest.py", line 311, in POST
    return self.request("POST", url,
           ^^^^^^^^^^^^^^^^^^^^^^^^^
  File "/usr/local/lib/python3.12/site-packages/influxdb_client/_sync/rest.py", line 186, in request
    r = self.pool_manager.request(
        ^^^^^^^^^^^^^^^^^^^^^^^^^^
  File "/usr/local/lib/python3.12/site-packages/urllib3/_request_methods.py", line 143, in request
    return self.request_encode_body(
           ^^^^^^^^^^^^^^^^^^^^^^^^^
  File "/usr/local/lib/python3.12/site-packages/urllib3/_request_methods.py", line 278, in request_encode_body
    return self.urlopen(method, url, **extra_kw)
           ^^^^^^^^^^^^^^^^^^^^^^^^^^^^^^^^^^^^^
  File "/usr/local/lib/python3.12/site-packages/urllib3/poolmanager.py", line 457, in urlopen
    response = conn.urlopen(method, u.request_uri, **kw)
               ^^^^^^^^^^^^^^^^^^^^^^^^^^^^^^^^^^^^^^^^^
  File "/usr/local/lib/python3.12/site-packages/urllib3/connectionpool.py", line 841, in urlopen
    retries = retries.increment(
              ^^^^^^^^^^^^^^^^^^
  File "/usr/local/lib/python3.12/site-packages/urllib3/util/retry.py", line 465, in increment
    raise reraise(type(error), error, _stacktrace)
          ^^^^^^^^^^^^^^^^^^^^^^^^^^^^^^^^^^^^^^^^
  File "/usr/local/lib/python3.12/site-packages/urllib3/util/util.py", line 39, in reraise
    raise value
  File "/usr/local/lib/python3.12/site-packages/urllib3/connectionpool.py", line 787, in urlopen
    response = self._make_request(
               ^^^^^^^^^^^^^^^^^^^
  File "/usr/local/lib/python3.12/site-packages/urllib3/connectionpool.py", line 493, in _make_request
    conn.request(
  File "/usr/local/lib/python3.12/site-packages/urllib3/connection.py", line 500, in request
    self.endheaders()
  File "/usr/local/lib/python3.12/http/client.py", line 1331, in endheaders
    self._send_output(message_body, encode_chunked=encode_chunked)
  File "/usr/local/lib/python3.12/http/client.py", line 1091, in _send_output
    self.send(msg)
  File "/usr/local/lib/python3.12/http/client.py", line 1035, in send
    self.connect()
  File "/usr/local/lib/python3.12/site-packages/urllib3/connection.py", line 331, in connect
    self.sock = self._new_conn()
                ^^^^^^^^^^^^^^^^
  File "/usr/local/lib/python3.12/site-packages/urllib3/connection.py", line 211, in _new_conn
    raise NameResolutionError(self.host, self, e) from e
urllib3.exceptions.NameResolutionError: HTTPConnection(host='influxdb', port=8086): Failed to resolve 'influxdb' ([Errno -3] Temporary failure in name resolution)
2026-01-23 16:43:42,974 [WARNING] influxdb_client.client.write.retry: The retriable error occurred during request. Reason: 'HTTPConnection(host='influxdb', port=8086): Failed to resolve 'influxdb' ([Errno -3] Temporary failure in name resolution)'. (/usr/local/lib/python3.12/site-packages/influxdb_client/client/write/retry.py:140)
2026-01-23 16:43:51,540 [WARNING] urllib3.connectionpool: Retrying (WritesRetry(total=4, connect=None, read=None, redirect=None, status=None)) after connection broken by 'NameResolutionError("HTTPConnection(host='influxdb', port=8086): Failed to resolve 'influxdb' ([Errno -3] Temporary failure in name resolution)")': /api/v2/write?org=prueba&bucket=metrics&precision=ns (/usr/local/lib/python3.12/site-packages/urllib3/connectionpool.py:868)
2026-01-23 16:45:12,775 [INFO] metrics.services.prometheus: generate_alert_rules called (/pruebatecno/metrics/services/prometheus.py:16)
2026-01-23 16:45:12,791 [INFO] metrics.services.prometheus: Writing /prometheus/alerts.yml with 4 rules (in-place) (/pruebatecno/metrics/services/prometheus.py:49)
2026-01-23 16:45:12,792 [ERROR] metrics.services.prometheus: Failed to create alerts directory /prometheus/alerts.yml (/pruebatecno/metrics/services/prometheus.py:55)
Traceback (most recent call last):
  File "/pruebatecno/metrics/services/prometheus.py", line 51, in generate_alert_rules
    f.write(yaml_text)
            ^^^^^^^^^
UnboundLocalError: cannot access local variable 'yaml_text' where it is not associated with a value
2026-01-23 16:45:12,800 [INFO] metrics.services.prometheus: Saved AlertRuleVersion to DB (length=686) (/pruebatecno/metrics/services/prometheus.py:62)
2026-01-23 16:45:12,801 [INFO] metrics.services.prometheus: Writing /prometheus/alerts.yml with 4 rules (/pruebatecno/metrics/services/prometheus.py:69)
2026-01-23 16:45:12,802 [INFO] metrics.services.prometheus: Wrote rules file /prometheus/alerts.yml (/pruebatecno/metrics/services/prometheus.py:74)
2026-01-23 16:45:12,855 [INFO] metrics.services.prometheus: Requested Prometheus reload successfully (/pruebatecno/metrics/services/prometheus.py:105)
2026-01-23 16:45:12,855 [INFO] metrics.services.prometheus: generate_alert_rules called (/pruebatecno/metrics/services/prometheus.py:16)
2026-01-23 16:45:12,863 [INFO] metrics.services.prometheus: Writing /prometheus/alerts.yml with 4 rules (in-place) (/pruebatecno/metrics/services/prometheus.py:49)
2026-01-23 16:45:12,864 [ERROR] metrics.services.prometheus: Failed to create alerts directory /prometheus/alerts.yml (/pruebatecno/metrics/services/prometheus.py:55)
Traceback (most recent call last):
  File "/pruebatecno/metrics/services/prometheus.py", line 51, in generate_alert_rules
    f.write(yaml_text)
            ^^^^^^^^^
UnboundLocalError: cannot access local variable 'yaml_text' where it is not associated with a value
2026-01-23 16:45:12,867 [INFO] metrics.services.prometheus: Saved AlertRuleVersion to DB (length=686) (/pruebatecno/metrics/services/prometheus.py:62)
2026-01-23 16:45:12,867 [INFO] metrics.services.prometheus: Writing /prometheus/alerts.yml with 4 rules (/pruebatecno/metrics/services/prometheus.py:69)
2026-01-23 16:45:12,867 [INFO] metrics.services.prometheus: Wrote rules file /prometheus/alerts.yml (/pruebatecno/metrics/services/prometheus.py:74)
2026-01-23 16:45:12,869 [INFO] metrics.services.prometheus: Requested Prometheus reload successfully (/pruebatecno/metrics/services/prometheus.py:105)
2026-01-23 16:45:12,869 [INFO] metrics.services.prometheus: generate_alert_rules called (/pruebatecno/metrics/services/prometheus.py:16)
2026-01-23 16:45:12,876 [INFO] metrics.services.prometheus: Writing /prometheus/alerts.yml with 4 rules (in-place) (/pruebatecno/metrics/services/prometheus.py:49)
2026-01-23 16:45:12,877 [ERROR] metrics.services.prometheus: Failed to create alerts directory /prometheus/alerts.yml (/pruebatecno/metrics/services/prometheus.py:55)
Traceback (most recent call last):
  File "/pruebatecno/metrics/services/prometheus.py", line 51, in generate_alert_rules
    f.write(yaml_text)
            ^^^^^^^^^
UnboundLocalError: cannot access local variable 'yaml_text' where it is not associated with a value
2026-01-23 16:45:12,882 [INFO] metrics.services.prometheus: Saved AlertRuleVersion to DB (length=686) (/pruebatecno/metrics/services/prometheus.py:62)
2026-01-23 16:45:12,882 [INFO] metrics.services.prometheus: Writing /prometheus/alerts.yml with 4 rules (/pruebatecno/metrics/services/prometheus.py:69)
2026-01-23 16:45:12,882 [INFO] metrics.services.prometheus: Wrote rules file /prometheus/alerts.yml (/pruebatecno/metrics/services/prometheus.py:74)
2026-01-23 16:45:12,884 [INFO] metrics.services.prometheus: Requested Prometheus reload successfully (/pruebatecno/metrics/services/prometheus.py:105)
2026-02-26 12:19:53,615 [ERROR] celery.utils.dispatch.signal: Signal handler <bound method DjangoFixup.on_import_modules of <celery.fixups.django.DjangoFixup object at 0x76954fd92600>> raised: ModuleNotFoundError("No module named 'monitoring'") (/usr/local/lib/python3.12/site-packages/celery/utils/dispatch/signal.py:280)
Traceback (most recent call last):
  File "/usr/local/lib/python3.12/site-packages/celery/utils/dispatch/signal.py", line 276, in send
    response = receiver(signal=self, sender=sender, **named)
               ^^^^^^^^^^^^^^^^^^^^^^^^^^^^^^^^^^^^^^^^^^^^^
  File "/usr/local/lib/python3.12/site-packages/celery/fixups/django.py", line 100, in on_import_modules
    self.worker_fixup.validate_models()
  File "/usr/local/lib/python3.12/site-packages/celery/fixups/django.py", line 138, in validate_models
    self.django_setup()
  File "/usr/local/lib/python3.12/site-packages/celery/fixups/django.py", line 134, in django_setup
    django.setup()
  File "/usr/local/lib/python3.12/site-packages/django/__init__.py", line 24, in setup
    apps.populate(settings.INSTALLED_APPS)
  File "/usr/local/lib/python3.12/site-packages/django/apps/registry.py", line 91, in populate
    app_config = AppConfig.create(entry)
                 ^^^^^^^^^^^^^^^^^^^^^^^
  File "/usr/local/lib/python3.12/site-packages/django/apps/config.py", line 193, in create
    import_module(entry)
  File "/usr/local/lib/python3.12/importlib/__init__.py", line 90, in import_module
    return _bootstrap._gcd_import(name[level:], package, level)
           ^^^^^^^^^^^^^^^^^^^^^^^^^^^^^^^^^^^^^^^^^^^^^^^^^^^^
  File "<frozen importlib._bootstrap>", line 1387, in _gcd_import
  File "<frozen importlib._bootstrap>", line 1360, in _find_and_load
  File "<frozen importlib._bootstrap>", line 1324, in _find_and_load_unlocked
ModuleNotFoundError: No module named 'monitoring'
2026-02-26 12:19:53,616 [ERROR] celery.utils.dispatch.signal: Signal handler <promise@0x76954f888cd0 --> <bound method Celery._autodiscover_tasks of <Celery pruebatecno at 0x76954fa750d0>>> raised: AppRegistryNotReady("Apps aren't loaded yet.") (/usr/local/lib/python3.12/site-packages/celery/utils/dispatch/signal.py:280)
Traceback (most recent call last):
  File "/usr/local/lib/python3.12/site-packages/celery/utils/dispatch/signal.py", line 276, in send
    response = receiver(signal=self, sender=sender, **named)
               ^^^^^^^^^^^^^^^^^^^^^^^^^^^^^^^^^^^^^^^^^^^^^
  File "/usr/local/lib/python3.12/site-packages/vine/promises.py", line 161, in __call__
    return self.throw()
           ^^^^^^^^^^^^
  File "/usr/local/lib/python3.12/site-packages/vine/promises.py", line 158, in __call__
    retval = fun(*final_args, **final_kwargs)
             ^^^^^^^^^^^^^^^^^^^^^^^^^^^^^^^^
  File "/usr/local/lib/python3.12/site-packages/celery/app/base.py", line 694, in _autodiscover_tasks
    return self._autodiscover_tasks_from_fixups(related_name)
           ^^^^^^^^^^^^^^^^^^^^^^^^^^^^^^^^^^^^^^^^^^^^^^^^^^
  File "/usr/local/lib/python3.12/site-packages/celery/app/base.py", line 706, in _autodiscover_tasks_from_fixups
    for pkg in fixup.autodiscover_tasks()
               ^^^^^^^^^^^^^^^^^^^^^^^^^^
  File "/usr/local/lib/python3.12/site-packages/celery/fixups/django.py", line 110, in autodiscover_tasks
    return [config.name for config in apps.get_app_configs()]
                                      ^^^^^^^^^^^^^^^^^^^^^^
  File "/usr/local/lib/python3.12/site-packages/django/apps/registry.py", line 147, in get_app_configs
    self.check_apps_ready()
  File "/usr/local/lib/python3.12/site-packages/django/apps/registry.py", line 138, in check_apps_ready
    raise AppRegistryNotReady("Apps aren't loaded yet.")
django.core.exceptions.AppRegistryNotReady: Apps aren't loaded yet.
2026-02-26 12:19:53,846 [ERROR] celery.utils.dispatch.signal: Signal handler <bound method DjangoFixup.on_import_modules of <celery.fixups.django.DjangoFixup object at 0x7aab091f24b0>> raised: ModuleNotFoundError("No module named 'monitoring'") (/usr/local/lib/python3.12/site-packages/celery/utils/dispatch/signal.py:280)
Traceback (most recent call last):
  File "/usr/local/lib/python3.12/site-packages/celery/utils/dispatch/signal.py", line 276, in send
    response = receiver(signal=self, sender=sender, **named)
               ^^^^^^^^^^^^^^^^^^^^^^^^^^^^^^^^^^^^^^^^^^^^^
  File "/usr/local/lib/python3.12/site-packages/celery/fixups/django.py", line 100, in on_import_modules
    self.worker_fixup.validate_models()
  File "/usr/local/lib/python3.12/site-packages/celery/fixups/django.py", line 138, in validate_models
    self.django_setup()
  File "/usr/local/lib/python3.12/site-packages/celery/fixups/django.py", line 134, in django_setup
    django.setup()
  File "/usr/local/lib/python3.12/site-packages/django/__init__.py", line 24, in setup
    apps.populate(settings.INSTALLED_APPS)
  File "/usr/local/lib/python3.12/site-packages/django/apps/registry.py", line 91, in populate
    app_config = AppConfig.create(entry)
                 ^^^^^^^^^^^^^^^^^^^^^^^
  File "/usr/local/lib/python3.12/site-packages/django/apps/config.py", line 193, in create
    import_module(entry)
  File "/usr/local/lib/python3.12/importlib/__init__.py", line 90, in import_module
    return _bootstrap._gcd_import(name[level:], package, level)
           ^^^^^^^^^^^^^^^^^^^^^^^^^^^^^^^^^^^^^^^^^^^^^^^^^^^^
  File "<frozen importlib._bootstrap>", line 1387, in _gcd_import
  File "<frozen importlib._bootstrap>", line 1360, in _find_and_load
  File "<frozen importlib._bootstrap>", line 1324, in _find_and_load_unlocked
ModuleNotFoundError: No module named 'monitoring'
2026-02-26 12:19:53,864 [ERROR] celery.utils.dispatch.signal: Signal handler <promise@0x7aab09008cd0 --> <bound method Celery._autodiscover_tasks of <Celery pruebatecno at 0x7aab092876b0>>> raised: AppRegistryNotReady("Apps aren't loaded yet.") (/usr/local/lib/python3.12/site-packages/celery/utils/dispatch/signal.py:280)
Traceback (most recent call last):
  File "/usr/local/lib/python3.12/site-packages/celery/utils/dispatch/signal.py", line 276, in send
    response = receiver(signal=self, sender=sender, **named)
               ^^^^^^^^^^^^^^^^^^^^^^^^^^^^^^^^^^^^^^^^^^^^^
  File "/usr/local/lib/python3.12/site-packages/vine/promises.py", line 161, in __call__
    return self.throw()
           ^^^^^^^^^^^^
  File "/usr/local/lib/python3.12/site-packages/vine/promises.py", line 158, in __call__
    retval = fun(*final_args, **final_kwargs)
             ^^^^^^^^^^^^^^^^^^^^^^^^^^^^^^^^
  File "/usr/local/lib/python3.12/site-packages/celery/app/base.py", line 694, in _autodiscover_tasks
    return self._autodiscover_tasks_from_fixups(related_name)
           ^^^^^^^^^^^^^^^^^^^^^^^^^^^^^^^^^^^^^^^^^^^^^^^^^^
  File "/usr/local/lib/python3.12/site-packages/celery/app/base.py", line 706, in _autodiscover_tasks_from_fixups
    for pkg in fixup.autodiscover_tasks()
               ^^^^^^^^^^^^^^^^^^^^^^^^^^
  File "/usr/local/lib/python3.12/site-packages/celery/fixups/django.py", line 110, in autodiscover_tasks
    return [config.name for config in apps.get_app_configs()]
                                      ^^^^^^^^^^^^^^^^^^^^^^
  File "/usr/local/lib/python3.12/site-packages/django/apps/registry.py", line 147, in get_app_configs
    self.check_apps_ready()
  File "/usr/local/lib/python3.12/site-packages/django/apps/registry.py", line 138, in check_apps_ready
    raise AppRegistryNotReady("Apps aren't loaded yet.")
django.core.exceptions.AppRegistryNotReady: Apps aren't loaded yet.
2026-02-26 12:21:41,749 [ERROR] celery.utils.dispatch.signal: Signal handler <bound method DjangoFixup.on_import_modules of <celery.fixups.django.DjangoFixup object at 0x7735948d9220>> raised: ModuleNotFoundError("No module named 'monitoring'") (/usr/local/lib/python3.12/site-packages/celery/utils/dispatch/signal.py:280)
Traceback (most recent call last):
  File "/usr/local/lib/python3.12/site-packages/celery/utils/dispatch/signal.py", line 276, in send
    response = receiver(signal=self, sender=sender, **named)
               ^^^^^^^^^^^^^^^^^^^^^^^^^^^^^^^^^^^^^^^^^^^^^
  File "/usr/local/lib/python3.12/site-packages/celery/fixups/django.py", line 100, in on_import_modules
    self.worker_fixup.validate_models()
  File "/usr/local/lib/python3.12/site-packages/celery/fixups/django.py", line 138, in validate_models
    self.django_setup()
  File "/usr/local/lib/python3.12/site-packages/celery/fixups/django.py", line 134, in django_setup
    django.setup()
  File "/usr/local/lib/python3.12/site-packages/django/__init__.py", line 24, in setup
    apps.populate(settings.INSTALLED_APPS)
  File "/usr/local/lib/python3.12/site-packages/django/apps/registry.py", line 91, in populate
    app_config = AppConfig.create(entry)
                 ^^^^^^^^^^^^^^^^^^^^^^^
  File "/usr/local/lib/python3.12/site-packages/django/apps/config.py", line 193, in create
    import_module(entry)
  File "/usr/local/lib/python3.12/importlib/__init__.py", line 90, in import_module
    return _bootstrap._gcd_import(name[level:], package, level)
           ^^^^^^^^^^^^^^^^^^^^^^^^^^^^^^^^^^^^^^^^^^^^^^^^^^^^
  File "<frozen importlib._bootstrap>", line 1387, in _gcd_import
  File "<frozen importlib._bootstrap>", line 1360, in _find_and_load
  File "<frozen importlib._bootstrap>", line 1324, in _find_and_load_unlocked
ModuleNotFoundError: No module named 'monitoring'
2026-02-26 12:21:41,752 [ERROR] celery.utils.dispatch.signal: Signal handler <promise@0x7735946e4cd0 --> <bound method Celery._autodiscover_tasks of <Celery pruebatecno at 0x77359496f9e0>>> raised: AppRegistryNotReady("Apps aren't loaded yet.") (/usr/local/lib/python3.12/site-packages/celery/utils/dispatch/signal.py:280)
Traceback (most recent call last):
  File "/usr/local/lib/python3.12/site-packages/celery/utils/dispatch/signal.py", line 276, in send
    response = receiver(signal=self, sender=sender, **named)
               ^^^^^^^^^^^^^^^^^^^^^^^^^^^^^^^^^^^^^^^^^^^^^
  File "/usr/local/lib/python3.12/site-packages/vine/promises.py", line 161, in __call__
    return self.throw()
           ^^^^^^^^^^^^
  File "/usr/local/lib/python3.12/site-packages/vine/promises.py", line 158, in __call__
    retval = fun(*final_args, **final_kwargs)
             ^^^^^^^^^^^^^^^^^^^^^^^^^^^^^^^^
  File "/usr/local/lib/python3.12/site-packages/celery/app/base.py", line 694, in _autodiscover_tasks
    return self._autodiscover_tasks_from_fixups(related_name)
           ^^^^^^^^^^^^^^^^^^^^^^^^^^^^^^^^^^^^^^^^^^^^^^^^^^
  File "/usr/local/lib/python3.12/site-packages/celery/app/base.py", line 706, in _autodiscover_tasks_from_fixups
    for pkg in fixup.autodiscover_tasks()
               ^^^^^^^^^^^^^^^^^^^^^^^^^^
  File "/usr/local/lib/python3.12/site-packages/celery/fixups/django.py", line 110, in autodiscover_tasks
    return [config.name for config in apps.get_app_configs()]
                                      ^^^^^^^^^^^^^^^^^^^^^^
  File "/usr/local/lib/python3.12/site-packages/django/apps/registry.py", line 147, in get_app_configs
    self.check_apps_ready()
  File "/usr/local/lib/python3.12/site-packages/django/apps/registry.py", line 138, in check_apps_ready
    raise AppRegistryNotReady("Apps aren't loaded yet.")
django.core.exceptions.AppRegistryNotReady: Apps aren't loaded yet.
2026-02-26 12:21:42,073 [ERROR] celery.utils.dispatch.signal: Signal handler <bound method DjangoFixup.on_import_modules of <celery.fixups.django.DjangoFixup object at 0x792b8a1cec60>> raised: ModuleNotFoundError("No module named 'monitoring'") (/usr/local/lib/python3.12/site-packages/celery/utils/dispatch/signal.py:280)
Traceback (most recent call last):
  File "/usr/local/lib/python3.12/site-packages/celery/utils/dispatch/signal.py", line 276, in send
    response = receiver(signal=self, sender=sender, **named)
               ^^^^^^^^^^^^^^^^^^^^^^^^^^^^^^^^^^^^^^^^^^^^^
  File "/usr/local/lib/python3.12/site-packages/celery/fixups/django.py", line 100, in on_import_modules
    self.worker_fixup.validate_models()
  File "/usr/local/lib/python3.12/site-packages/celery/fixups/django.py", line 138, in validate_models
    self.django_setup()
  File "/usr/local/lib/python3.12/site-packages/celery/fixups/django.py", line 134, in django_setup
    django.setup()
  File "/usr/local/lib/python3.12/site-packages/django/__init__.py", line 24, in setup
    apps.populate(settings.INSTALLED_APPS)
  File "/usr/local/lib/python3.12/site-packages/django/apps/registry.py", line 91, in populate
    app_config = AppConfig.create(entry)
                 ^^^^^^^^^^^^^^^^^^^^^^^
  File "/usr/local/lib/python3.12/site-packages/django/apps/config.py", line 193, in create
    import_module(entry)
  File "/usr/local/lib/python3.12/importlib/__init__.py", line 90, in import_module
    return _bootstrap._gcd_import(name[level:], package, level)
           ^^^^^^^^^^^^^^^^^^^^^^^^^^^^^^^^^^^^^^^^^^^^^^^^^^^^
  File "<frozen importlib._bootstrap>", line 1387, in _gcd_import
  File "<frozen importlib._bootstrap>", line 1360, in _find_and_load
  File "<frozen importlib._bootstrap>", line 1324, in _find_and_load_unlocked
ModuleNotFoundError: No module named 'monitoring'
2026-02-26 12:21:42,076 [ERROR] celery.utils.dispatch.signal: Signal handler <promise@0x792b89e4ccd0 --> <bound method Celery._autodiscover_tasks of <Celery pruebatecno at 0x792b8a0c7fb0>>> raised: AppRegistryNotReady("Apps aren't loaded yet.") (/usr/local/lib/python3.12/site-packages/celery/utils/dispatch/signal.py:280)
Traceback (most recent call last):
  File "/usr/local/lib/python3.12/site-packages/celery/utils/dispatch/signal.py", line 276, in send
    response = receiver(signal=self, sender=sender, **named)
               ^^^^^^^^^^^^^^^^^^^^^^^^^^^^^^^^^^^^^^^^^^^^^
  File "/usr/local/lib/python3.12/site-packages/vine/promises.py", line 161, in __call__
    return self.throw()
           ^^^^^^^^^^^^
  File "/usr/local/lib/python3.12/site-packages/vine/promises.py", line 158, in __call__
    retval = fun(*final_args, **final_kwargs)
             ^^^^^^^^^^^^^^^^^^^^^^^^^^^^^^^^
  File "/usr/local/lib/python3.12/site-packages/celery/app/base.py", line 694, in _autodiscover_tasks
    return self._autodiscover_tasks_from_fixups(related_name)
           ^^^^^^^^^^^^^^^^^^^^^^^^^^^^^^^^^^^^^^^^^^^^^^^^^^
  File "/usr/local/lib/python3.12/site-packages/celery/app/base.py", line 706, in _autodiscover_tasks_from_fixups
    for pkg in fixup.autodiscover_tasks()
               ^^^^^^^^^^^^^^^^^^^^^^^^^^
  File "/usr/local/lib/python3.12/site-packages/celery/fixups/django.py", line 110, in autodiscover_tasks
    return [config.name for config in apps.get_app_configs()]
                                      ^^^^^^^^^^^^^^^^^^^^^^
  File "/usr/local/lib/python3.12/site-packages/django/apps/registry.py", line 147, in get_app_configs
    self.check_apps_ready()
  File "/usr/local/lib/python3.12/site-packages/django/apps/registry.py", line 138, in check_apps_ready
    raise AppRegistryNotReady("Apps aren't loaded yet.")
django.core.exceptions.AppRegistryNotReady: Apps aren't loaded yet.
2026-02-26 12:21:45,580 [ERROR] celery.utils.dispatch.signal: Signal handler <bound method DjangoFixup.on_import_modules of <celery.fixups.django.DjangoFixup object at 0x7d6313dc1520>> raised: ModuleNotFoundError("No module named 'monitoring'") (/usr/local/lib/python3.12/site-packages/celery/utils/dispatch/signal.py:280)
Traceback (most recent call last):
  File "/usr/local/lib/python3.12/site-packages/celery/utils/dispatch/signal.py", line 276, in send
    response = receiver(signal=self, sender=sender, **named)
               ^^^^^^^^^^^^^^^^^^^^^^^^^^^^^^^^^^^^^^^^^^^^^
  File "/usr/local/lib/python3.12/site-packages/celery/fixups/django.py", line 100, in on_import_modules
    self.worker_fixup.validate_models()
  File "/usr/local/lib/python3.12/site-packages/celery/fixups/django.py", line 138, in validate_models
    self.django_setup()
  File "/usr/local/lib/python3.12/site-packages/celery/fixups/django.py", line 134, in django_setup
    django.setup()
  File "/usr/local/lib/python3.12/site-packages/django/__init__.py", line 24, in setup
    apps.populate(settings.INSTALLED_APPS)
  File "/usr/local/lib/python3.12/site-packages/django/apps/registry.py", line 91, in populate
    app_config = AppConfig.create(entry)
                 ^^^^^^^^^^^^^^^^^^^^^^^
  File "/usr/local/lib/python3.12/site-packages/django/apps/config.py", line 193, in create
    import_module(entry)
  File "/usr/local/lib/python3.12/importlib/__init__.py", line 90, in import_module
    return _bootstrap._gcd_import(name[level:], package, level)
           ^^^^^^^^^^^^^^^^^^^^^^^^^^^^^^^^^^^^^^^^^^^^^^^^^^^^
  File "<frozen importlib._bootstrap>", line 1387, in _gcd_import
  File "<frozen importlib._bootstrap>", line 1360, in _find_and_load
  File "<frozen importlib._bootstrap>", line 1324, in _find_and_load_unlocked
ModuleNotFoundError: No module named 'monitoring'
2026-02-26 12:21:45,583 [ERROR] celery.utils.dispatch.signal: Signal handler <promise@0x7d63138b8cd0 --> <bound method Celery._autodiscover_tasks of <Celery pruebatecno at 0x7d6313b3fb30>>> raised: AppRegistryNotReady("Apps aren't loaded yet.") (/usr/local/lib/python3.12/site-packages/celery/utils/dispatch/signal.py:280)
Traceback (most recent call last):
  File "/usr/local/lib/python3.12/site-packages/celery/utils/dispatch/signal.py", line 276, in send
    response = receiver(signal=self, sender=sender, **named)
               ^^^^^^^^^^^^^^^^^^^^^^^^^^^^^^^^^^^^^^^^^^^^^
  File "/usr/local/lib/python3.12/site-packages/vine/promises.py", line 161, in __call__
    return self.throw()
           ^^^^^^^^^^^^
  File "/usr/local/lib/python3.12/site-packages/vine/promises.py", line 158, in __call__
    retval = fun(*final_args, **final_kwargs)
             ^^^^^^^^^^^^^^^^^^^^^^^^^^^^^^^^
  File "/usr/local/lib/python3.12/site-packages/celery/app/base.py", line 694, in _autodiscover_tasks
    return self._autodiscover_tasks_from_fixups(related_name)
           ^^^^^^^^^^^^^^^^^^^^^^^^^^^^^^^^^^^^^^^^^^^^^^^^^^
  File "/usr/local/lib/python3.12/site-packages/celery/app/base.py", line 706, in _autodiscover_tasks_from_fixups
    for pkg in fixup.autodiscover_tasks()
               ^^^^^^^^^^^^^^^^^^^^^^^^^^
  File "/usr/local/lib/python3.12/site-packages/celery/fixups/django.py", line 110, in autodiscover_tasks
    return [config.name for config in apps.get_app_configs()]
                                      ^^^^^^^^^^^^^^^^^^^^^^
  File "/usr/local/lib/python3.12/site-packages/django/apps/registry.py", line 147, in get_app_configs
    self.check_apps_ready()
  File "/usr/local/lib/python3.12/site-packages/django/apps/registry.py", line 138, in check_apps_ready
    raise AppRegistryNotReady("Apps aren't loaded yet.")
django.core.exceptions.AppRegistryNotReady: Apps aren't loaded yet.
2026-02-26 12:21:45,621 [ERROR] celery.utils.dispatch.signal: Signal handler <bound method DjangoFixup.on_import_modules of <celery.fixups.django.DjangoFixup object at 0x78582ea8e270>> raised: ModuleNotFoundError("No module named 'monitoring'") (/usr/local/lib/python3.12/site-packages/celery/utils/dispatch/signal.py:280)
Traceback (most recent call last):
  File "/usr/local/lib/python3.12/site-packages/celery/utils/dispatch/signal.py", line 276, in send
    response = receiver(signal=self, sender=sender, **named)
               ^^^^^^^^^^^^^^^^^^^^^^^^^^^^^^^^^^^^^^^^^^^^^
  File "/usr/local/lib/python3.12/site-packages/celery/fixups/django.py", line 100, in on_import_modules
    self.worker_fixup.validate_models()
  File "/usr/local/lib/python3.12/site-packages/celery/fixups/django.py", line 138, in validate_models
    self.django_setup()
  File "/usr/local/lib/python3.12/site-packages/celery/fixups/django.py", line 134, in django_setup
    django.setup()
  File "/usr/local/lib/python3.12/site-packages/django/__init__.py", line 24, in setup
    apps.populate(settings.INSTALLED_APPS)
  File "/usr/local/lib/python3.12/site-packages/django/apps/registry.py", line 91, in populate
    app_config = AppConfig.create(entry)
                 ^^^^^^^^^^^^^^^^^^^^^^^
  File "/usr/local/lib/python3.12/site-packages/django/apps/config.py", line 193, in create
    import_module(entry)
  File "/usr/local/lib/python3.12/importlib/__init__.py", line 90, in import_module
    return _bootstrap._gcd_import(name[level:], package, level)
           ^^^^^^^^^^^^^^^^^^^^^^^^^^^^^^^^^^^^^^^^^^^^^^^^^^^^
  File "<frozen importlib._bootstrap>", line 1387, in _gcd_import
  File "<frozen importlib._bootstrap>", line 1360, in _find_and_load
  File "<frozen importlib._bootstrap>", line 1324, in _find_and_load_unlocked
ModuleNotFoundError: No module named 'monitoring'
2026-02-26 12:21:45,625 [ERROR] celery.utils.dispatch.signal: Signal handler <promise@0x78582e814cd0 --> <bound method Celery._autodiscover_tasks of <Celery pruebatecno at 0x78582eb44230>>> raised: AppRegistryNotReady("Apps aren't loaded yet.") (/usr/local/lib/python3.12/site-packages/celery/utils/dispatch/signal.py:280)
Traceback (most recent call last):
  File "/usr/local/lib/python3.12/site-packages/celery/utils/dispatch/signal.py", line 276, in send
    response = receiver(signal=self, sender=sender, **named)
               ^^^^^^^^^^^^^^^^^^^^^^^^^^^^^^^^^^^^^^^^^^^^^
  File "/usr/local/lib/python3.12/site-packages/vine/promises.py", line 161, in __call__
    return self.throw()
           ^^^^^^^^^^^^
  File "/usr/local/lib/python3.12/site-packages/vine/promises.py", line 158, in __call__
    retval = fun(*final_args, **final_kwargs)
             ^^^^^^^^^^^^^^^^^^^^^^^^^^^^^^^^
  File "/usr/local/lib/python3.12/site-packages/celery/app/base.py", line 694, in _autodiscover_tasks
    return self._autodiscover_tasks_from_fixups(related_name)
           ^^^^^^^^^^^^^^^^^^^^^^^^^^^^^^^^^^^^^^^^^^^^^^^^^^
  File "/usr/local/lib/python3.12/site-packages/celery/app/base.py", line 706, in _autodiscover_tasks_from_fixups
    for pkg in fixup.autodiscover_tasks()
               ^^^^^^^^^^^^^^^^^^^^^^^^^^
  File "/usr/local/lib/python3.12/site-packages/celery/fixups/django.py", line 110, in autodiscover_tasks
    return [config.name for config in apps.get_app_configs()]
                                      ^^^^^^^^^^^^^^^^^^^^^^
  File "/usr/local/lib/python3.12/site-packages/django/apps/registry.py", line 147, in get_app_configs
    self.check_apps_ready()
  File "/usr/local/lib/python3.12/site-packages/django/apps/registry.py", line 138, in check_apps_ready
    raise AppRegistryNotReady("Apps aren't loaded yet.")
django.core.exceptions.AppRegistryNotReady: Apps aren't loaded yet.
2026-02-26 12:29:37,170 [ERROR] celery.utils.dispatch.signal: Signal handler <bound method DjangoFixup.on_import_modules of <celery.fixups.django.DjangoFixup object at 0x701c3d4f2660>> raised: ModuleNotFoundError("No module named 'monitoring'") (/usr/local/lib/python3.12/site-packages/celery/utils/dispatch/signal.py:280)
Traceback (most recent call last):
  File "/usr/local/lib/python3.12/site-packages/celery/utils/dispatch/signal.py", line 276, in send
    response = receiver(signal=self, sender=sender, **named)
               ^^^^^^^^^^^^^^^^^^^^^^^^^^^^^^^^^^^^^^^^^^^^^
  File "/usr/local/lib/python3.12/site-packages/celery/fixups/django.py", line 100, in on_import_modules
    self.worker_fixup.validate_models()
  File "/usr/local/lib/python3.12/site-packages/celery/fixups/django.py", line 138, in validate_models
    self.django_setup()
  File "/usr/local/lib/python3.12/site-packages/celery/fixups/django.py", line 134, in django_setup
    django.setup()
  File "/usr/local/lib/python3.12/site-packages/django/__init__.py", line 24, in setup
    apps.populate(settings.INSTALLED_APPS)
  File "/usr/local/lib/python3.12/site-packages/django/apps/registry.py", line 91, in populate
    app_config = AppConfig.create(entry)
                 ^^^^^^^^^^^^^^^^^^^^^^^
  File "/usr/local/lib/python3.12/site-packages/django/apps/config.py", line 193, in create
    import_module(entry)
  File "/usr/local/lib/python3.12/importlib/__init__.py", line 90, in import_module
    return _bootstrap._gcd_import(name[level:], package, level)
           ^^^^^^^^^^^^^^^^^^^^^^^^^^^^^^^^^^^^^^^^^^^^^^^^^^^^
  File "<frozen importlib._bootstrap>", line 1387, in _gcd_import
  File "<frozen importlib._bootstrap>", line 1360, in _find_and_load
  File "<frozen importlib._bootstrap>", line 1324, in _find_and_load_unlocked
ModuleNotFoundError: No module named 'monitoring'
2026-02-26 12:29:37,174 [ERROR] celery.utils.dispatch.signal: Signal handler <promise@0x701c3cda8cd0 --> <bound method Celery._autodiscover_tasks of <Celery pruebatecno at 0x701c3cf9cfb0>>> raised: AppRegistryNotReady("Apps aren't loaded yet.") (/usr/local/lib/python3.12/site-packages/celery/utils/dispatch/signal.py:280)
Traceback (most recent call last):
  File "/usr/local/lib/python3.12/site-packages/celery/utils/dispatch/signal.py", line 276, in send
    response = receiver(signal=self, sender=sender, **named)
               ^^^^^^^^^^^^^^^^^^^^^^^^^^^^^^^^^^^^^^^^^^^^^
  File "/usr/local/lib/python3.12/site-packages/vine/promises.py", line 161, in __call__
    return self.throw()
           ^^^^^^^^^^^^
  File "/usr/local/lib/python3.12/site-packages/vine/promises.py", line 158, in __call__
    retval = fun(*final_args, **final_kwargs)
             ^^^^^^^^^^^^^^^^^^^^^^^^^^^^^^^^
  File "/usr/local/lib/python3.12/site-packages/celery/app/base.py", line 694, in _autodiscover_tasks
    return self._autodiscover_tasks_from_fixups(related_name)
           ^^^^^^^^^^^^^^^^^^^^^^^^^^^^^^^^^^^^^^^^^^^^^^^^^^
  File "/usr/local/lib/python3.12/site-packages/celery/app/base.py", line 706, in _autodiscover_tasks_from_fixups
    for pkg in fixup.autodiscover_tasks()
               ^^^^^^^^^^^^^^^^^^^^^^^^^^
  File "/usr/local/lib/python3.12/site-packages/celery/fixups/django.py", line 110, in autodiscover_tasks
    return [config.name for config in apps.get_app_configs()]
                                      ^^^^^^^^^^^^^^^^^^^^^^
  File "/usr/local/lib/python3.12/site-packages/django/apps/registry.py", line 147, in get_app_configs
    self.check_apps_ready()
  File "/usr/local/lib/python3.12/site-packages/django/apps/registry.py", line 138, in check_apps_ready
    raise AppRegistryNotReady("Apps aren't loaded yet.")
django.core.exceptions.AppRegistryNotReady: Apps aren't loaded yet.
2026-02-26 12:29:38,831 [ERROR] celery.utils.dispatch.signal: Signal handler <bound method DjangoFixup.on_import_modules of <celery.fixups.django.DjangoFixup object at 0x7bdd53054b90>> raised: ModuleNotFoundError("No module named 'monitoring'") (/usr/local/lib/python3.12/site-packages/celery/utils/dispatch/signal.py:280)
Traceback (most recent call last):
  File "/usr/local/lib/python3.12/site-packages/celery/utils/dispatch/signal.py", line 276, in send
    response = receiver(signal=self, sender=sender, **named)
               ^^^^^^^^^^^^^^^^^^^^^^^^^^^^^^^^^^^^^^^^^^^^^
  File "/usr/local/lib/python3.12/site-packages/celery/fixups/django.py", line 100, in on_import_modules
    self.worker_fixup.validate_models()
  File "/usr/local/lib/python3.12/site-packages/celery/fixups/django.py", line 138, in validate_models
    self.django_setup()
  File "/usr/local/lib/python3.12/site-packages/celery/fixups/django.py", line 134, in django_setup
    django.setup()
  File "/usr/local/lib/python3.12/site-packages/django/__init__.py", line 24, in setup
    apps.populate(settings.INSTALLED_APPS)
  File "/usr/local/lib/python3.12/site-packages/django/apps/registry.py", line 91, in populate
    app_config = AppConfig.create(entry)
                 ^^^^^^^^^^^^^^^^^^^^^^^
  File "/usr/local/lib/python3.12/site-packages/django/apps/config.py", line 193, in create
    import_module(entry)
  File "/usr/local/lib/python3.12/importlib/__init__.py", line 90, in import_module
    return _bootstrap._gcd_import(name[level:], package, level)
           ^^^^^^^^^^^^^^^^^^^^^^^^^^^^^^^^^^^^^^^^^^^^^^^^^^^^
  File "<frozen importlib._bootstrap>", line 1387, in _gcd_import
  File "<frozen importlib._bootstrap>", line 1360, in _find_and_load
  File "<frozen importlib._bootstrap>", line 1324, in _find_and_load_unlocked
ModuleNotFoundError: No module named 'monitoring'
2026-02-26 12:29:38,833 [ERROR] celery.utils.dispatch.signal: Signal handler <promise@0x7bdd52dd4cd0 --> <bound method Celery._autodiscover_tasks of <Celery pruebatecno at 0x7bdd53053950>>> raised: AppRegistryNotReady("Apps aren't loaded yet.") (/usr/local/lib/python3.12/site-packages/celery/utils/dispatch/signal.py:280)
Traceback (most recent call last):
  File "/usr/local/lib/python3.12/site-packages/celery/utils/dispatch/signal.py", line 276, in send
    response = receiver(signal=self, sender=sender, **named)
               ^^^^^^^^^^^^^^^^^^^^^^^^^^^^^^^^^^^^^^^^^^^^^
  File "/usr/local/lib/python3.12/site-packages/vine/promises.py", line 161, in __call__
    return self.throw()
           ^^^^^^^^^^^^
  File "/usr/local/lib/python3.12/site-packages/vine/promises.py", line 158, in __call__
    retval = fun(*final_args, **final_kwargs)
             ^^^^^^^^^^^^^^^^^^^^^^^^^^^^^^^^
  File "/usr/local/lib/python3.12/site-packages/celery/app/base.py", line 694, in _autodiscover_tasks
    return self._autodiscover_tasks_from_fixups(related_name)
           ^^^^^^^^^^^^^^^^^^^^^^^^^^^^^^^^^^^^^^^^^^^^^^^^^^
  File "/usr/local/lib/python3.12/site-packages/celery/app/base.py", line 706, in _autodiscover_tasks_from_fixups
    for pkg in fixup.autodiscover_tasks()
               ^^^^^^^^^^^^^^^^^^^^^^^^^^
  File "/usr/local/lib/python3.12/site-packages/celery/fixups/django.py", line 110, in autodiscover_tasks
    return [config.name for config in apps.get_app_configs()]
                                      ^^^^^^^^^^^^^^^^^^^^^^
  File "/usr/local/lib/python3.12/site-packages/django/apps/registry.py", line 147, in get_app_configs
    self.check_apps_ready()
  File "/usr/local/lib/python3.12/site-packages/django/apps/registry.py", line 138, in check_apps_ready
    raise AppRegistryNotReady("Apps aren't loaded yet.")
django.core.exceptions.AppRegistryNotReady: Apps aren't loaded yet.
2026-02-26 12:30:39,551 [ERROR] celery.utils.dispatch.signal: Signal handler <bound method DjangoFixup.on_import_modules of <celery.fixups.django.DjangoFixup object at 0x7d771b9e8380>> raised: ModuleNotFoundError("No module named 'monitoring'") (/usr/local/lib/python3.12/site-packages/celery/utils/dispatch/signal.py:280)
Traceback (most recent call last):
  File "/usr/local/lib/python3.12/site-packages/celery/utils/dispatch/signal.py", line 276, in send
    response = receiver(signal=self, sender=sender, **named)
               ^^^^^^^^^^^^^^^^^^^^^^^^^^^^^^^^^^^^^^^^^^^^^
  File "/usr/local/lib/python3.12/site-packages/celery/fixups/django.py", line 100, in on_import_modules
    self.worker_fixup.validate_models()
  File "/usr/local/lib/python3.12/site-packages/celery/fixups/django.py", line 138, in validate_models
    self.django_setup()
  File "/usr/local/lib/python3.12/site-packages/celery/fixups/django.py", line 134, in django_setup
    django.setup()
  File "/usr/local/lib/python3.12/site-packages/django/__init__.py", line 24, in setup
    apps.populate(settings.INSTALLED_APPS)
  File "/usr/local/lib/python3.12/site-packages/django/apps/registry.py", line 91, in populate
    app_config = AppConfig.create(entry)
                 ^^^^^^^^^^^^^^^^^^^^^^^
  File "/usr/local/lib/python3.12/site-packages/django/apps/config.py", line 193, in create
    import_module(entry)
  File "/usr/local/lib/python3.12/importlib/__init__.py", line 90, in import_module
    return _bootstrap._gcd_import(name[level:], package, level)
           ^^^^^^^^^^^^^^^^^^^^^^^^^^^^^^^^^^^^^^^^^^^^^^^^^^^^
  File "<frozen importlib._bootstrap>", line 1387, in _gcd_import
  File "<frozen importlib._bootstrap>", line 1360, in _find_and_load
  File "<frozen importlib._bootstrap>", line 1324, in _find_and_load_unlocked
ModuleNotFoundError: No module named 'monitoring'
2026-02-26 12:30:39,553 [ERROR] celery.utils.dispatch.signal: Signal handler <promise@0x7d771b768cd0 --> <bound method Celery._autodiscover_tasks of <Celery pruebatecno at 0x7d771b9e7800>>> raised: AppRegistryNotReady("Apps aren't loaded yet.") (/usr/local/lib/python3.12/site-packages/celery/utils/dispatch/signal.py:280)
Traceback (most recent call last):
  File "/usr/local/lib/python3.12/site-packages/celery/utils/dispatch/signal.py", line 276, in send
    response = receiver(signal=self, sender=sender, **named)
               ^^^^^^^^^^^^^^^^^^^^^^^^^^^^^^^^^^^^^^^^^^^^^
  File "/usr/local/lib/python3.12/site-packages/vine/promises.py", line 161, in __call__
    return self.throw()
           ^^^^^^^^^^^^
  File "/usr/local/lib/python3.12/site-packages/vine/promises.py", line 158, in __call__
    retval = fun(*final_args, **final_kwargs)
             ^^^^^^^^^^^^^^^^^^^^^^^^^^^^^^^^
  File "/usr/local/lib/python3.12/site-packages/celery/app/base.py", line 694, in _autodiscover_tasks
    return self._autodiscover_tasks_from_fixups(related_name)
           ^^^^^^^^^^^^^^^^^^^^^^^^^^^^^^^^^^^^^^^^^^^^^^^^^^
  File "/usr/local/lib/python3.12/site-packages/celery/app/base.py", line 706, in _autodiscover_tasks_from_fixups
    for pkg in fixup.autodiscover_tasks()
               ^^^^^^^^^^^^^^^^^^^^^^^^^^
  File "/usr/local/lib/python3.12/site-packages/celery/fixups/django.py", line 110, in autodiscover_tasks
    return [config.name for config in apps.get_app_configs()]
                                      ^^^^^^^^^^^^^^^^^^^^^^
  File "/usr/local/lib/python3.12/site-packages/django/apps/registry.py", line 147, in get_app_configs
    self.check_apps_ready()
  File "/usr/local/lib/python3.12/site-packages/django/apps/registry.py", line 138, in check_apps_ready
    raise AppRegistryNotReady("Apps aren't loaded yet.")
django.core.exceptions.AppRegistryNotReady: Apps aren't loaded yet.
2026-02-26 12:30:41,778 [ERROR] celery.utils.dispatch.signal: Signal handler <bound method DjangoFixup.on_import_modules of <celery.fixups.django.DjangoFixup object at 0x7d8413d39580>> raised: ModuleNotFoundError("No module named 'monitoring'") (/usr/local/lib/python3.12/site-packages/celery/utils/dispatch/signal.py:280)
Traceback (most recent call last):
  File "/usr/local/lib/python3.12/site-packages/celery/utils/dispatch/signal.py", line 276, in send
    response = receiver(signal=self, sender=sender, **named)
               ^^^^^^^^^^^^^^^^^^^^^^^^^^^^^^^^^^^^^^^^^^^^^
  File "/usr/local/lib/python3.12/site-packages/celery/fixups/django.py", line 100, in on_import_modules
    self.worker_fixup.validate_models()
  File "/usr/local/lib/python3.12/site-packages/celery/fixups/django.py", line 138, in validate_models
    self.django_setup()
  File "/usr/local/lib/python3.12/site-packages/celery/fixups/django.py", line 134, in django_setup
    django.setup()
  File "/usr/local/lib/python3.12/site-packages/django/__init__.py", line 24, in setup
    apps.populate(settings.INSTALLED_APPS)
  File "/usr/local/lib/python3.12/site-packages/django/apps/registry.py", line 91, in populate
    app_config = AppConfig.create(entry)
                 ^^^^^^^^^^^^^^^^^^^^^^^
  File "/usr/local/lib/python3.12/site-packages/django/apps/config.py", line 193, in create
    import_module(entry)
  File "/usr/local/lib/python3.12/importlib/__init__.py", line 90, in import_module
    return _bootstrap._gcd_import(name[level:], package, level)
           ^^^^^^^^^^^^^^^^^^^^^^^^^^^^^^^^^^^^^^^^^^^^^^^^^^^^
  File "<frozen importlib._bootstrap>", line 1387, in _gcd_import
  File "<frozen importlib._bootstrap>", line 1360, in _find_and_load
  File "<frozen importlib._bootstrap>", line 1324, in _find_and_load_unlocked
ModuleNotFoundError: No module named 'monitoring'
2026-02-26 12:30:41,780 [ERROR] celery.utils.dispatch.signal: Signal handler <promise@0x7d8412da4cd0 --> <bound method Celery._autodiscover_tasks of <Celery pruebatecno at 0x7d84130288f0>>> raised: AppRegistryNotReady("Apps aren't loaded yet.") (/usr/local/lib/python3.12/site-packages/celery/utils/dispatch/signal.py:280)
Traceback (most recent call last):
  File "/usr/local/lib/python3.12/site-packages/celery/utils/dispatch/signal.py", line 276, in send
    response = receiver(signal=self, sender=sender, **named)
               ^^^^^^^^^^^^^^^^^^^^^^^^^^^^^^^^^^^^^^^^^^^^^
  File "/usr/local/lib/python3.12/site-packages/vine/promises.py", line 161, in __call__
    return self.throw()
           ^^^^^^^^^^^^
  File "/usr/local/lib/python3.12/site-packages/vine/promises.py", line 158, in __call__
    retval = fun(*final_args, **final_kwargs)
             ^^^^^^^^^^^^^^^^^^^^^^^^^^^^^^^^
  File "/usr/local/lib/python3.12/site-packages/celery/app/base.py", line 694, in _autodiscover_tasks
    return self._autodiscover_tasks_from_fixups(related_name)
           ^^^^^^^^^^^^^^^^^^^^^^^^^^^^^^^^^^^^^^^^^^^^^^^^^^
  File "/usr/local/lib/python3.12/site-packages/celery/app/base.py", line 706, in _autodiscover_tasks_from_fixups
    for pkg in fixup.autodiscover_tasks()
               ^^^^^^^^^^^^^^^^^^^^^^^^^^
  File "/usr/local/lib/python3.12/site-packages/celery/fixups/django.py", line 110, in autodiscover_tasks
    return [config.name for config in apps.get_app_configs()]
                                      ^^^^^^^^^^^^^^^^^^^^^^
  File "/usr/local/lib/python3.12/site-packages/django/apps/registry.py", line 147, in get_app_configs
    self.check_apps_ready()
  File "/usr/local/lib/python3.12/site-packages/django/apps/registry.py", line 138, in check_apps_ready
    raise AppRegistryNotReady("Apps aren't loaded yet.")
django.core.exceptions.AppRegistryNotReady: Apps aren't loaded yet.
2026-02-26 12:31:42,425 [ERROR] celery.utils.dispatch.signal: Signal handler <bound method DjangoFixup.on_import_modules of <celery.fixups.django.DjangoFixup object at 0x72cbb30154c0>> raised: ModuleNotFoundError("No module named 'monitoring'") (/usr/local/lib/python3.12/site-packages/celery/utils/dispatch/signal.py:280)
Traceback (most recent call last):
  File "/usr/local/lib/python3.12/site-packages/celery/utils/dispatch/signal.py", line 276, in send
    response = receiver(signal=self, sender=sender, **named)
               ^^^^^^^^^^^^^^^^^^^^^^^^^^^^^^^^^^^^^^^^^^^^^
  File "/usr/local/lib/python3.12/site-packages/celery/fixups/django.py", line 100, in on_import_modules
    self.worker_fixup.validate_models()
  File "/usr/local/lib/python3.12/site-packages/celery/fixups/django.py", line 138, in validate_models
    self.django_setup()
  File "/usr/local/lib/python3.12/site-packages/celery/fixups/django.py", line 134, in django_setup
    django.setup()
  File "/usr/local/lib/python3.12/site-packages/django/__init__.py", line 24, in setup
    apps.populate(settings.INSTALLED_APPS)
  File "/usr/local/lib/python3.12/site-packages/django/apps/registry.py", line 91, in populate
    app_config = AppConfig.create(entry)
                 ^^^^^^^^^^^^^^^^^^^^^^^
  File "/usr/local/lib/python3.12/site-packages/django/apps/config.py", line 193, in create
    import_module(entry)
  File "/usr/local/lib/python3.12/importlib/__init__.py", line 90, in import_module
    return _bootstrap._gcd_import(name[level:], package, level)
           ^^^^^^^^^^^^^^^^^^^^^^^^^^^^^^^^^^^^^^^^^^^^^^^^^^^^
  File "<frozen importlib._bootstrap>", line 1387, in _gcd_import
  File "<frozen importlib._bootstrap>", line 1360, in _find_and_load
  File "<frozen importlib._bootstrap>", line 1324, in _find_and_load_unlocked
ModuleNotFoundError: No module named 'monitoring'
2026-02-26 12:31:42,427 [ERROR] celery.utils.dispatch.signal: Signal handler <promise@0x72cbb2e28cd0 --> <bound method Celery._autodiscover_tasks of <Celery pruebatecno at 0x72cbb30abe30>>> raised: AppRegistryNotReady("Apps aren't loaded yet.") (/usr/local/lib/python3.12/site-packages/celery/utils/dispatch/signal.py:280)
Traceback (most recent call last):
  File "/usr/local/lib/python3.12/site-packages/celery/utils/dispatch/signal.py", line 276, in send
    response = receiver(signal=self, sender=sender, **named)
               ^^^^^^^^^^^^^^^^^^^^^^^^^^^^^^^^^^^^^^^^^^^^^
  File "/usr/local/lib/python3.12/site-packages/vine/promises.py", line 161, in __call__
    return self.throw()
           ^^^^^^^^^^^^
  File "/usr/local/lib/python3.12/site-packages/vine/promises.py", line 158, in __call__
    retval = fun(*final_args, **final_kwargs)
             ^^^^^^^^^^^^^^^^^^^^^^^^^^^^^^^^
  File "/usr/local/lib/python3.12/site-packages/celery/app/base.py", line 694, in _autodiscover_tasks
    return self._autodiscover_tasks_from_fixups(related_name)
           ^^^^^^^^^^^^^^^^^^^^^^^^^^^^^^^^^^^^^^^^^^^^^^^^^^
  File "/usr/local/lib/python3.12/site-packages/celery/app/base.py", line 706, in _autodiscover_tasks_from_fixups
    for pkg in fixup.autodiscover_tasks()
               ^^^^^^^^^^^^^^^^^^^^^^^^^^
  File "/usr/local/lib/python3.12/site-packages/celery/fixups/django.py", line 110, in autodiscover_tasks
    return [config.name for config in apps.get_app_configs()]
                                      ^^^^^^^^^^^^^^^^^^^^^^
  File "/usr/local/lib/python3.12/site-packages/django/apps/registry.py", line 147, in get_app_configs
    self.check_apps_ready()
  File "/usr/local/lib/python3.12/site-packages/django/apps/registry.py", line 138, in check_apps_ready
    raise AppRegistryNotReady("Apps aren't loaded yet.")
django.core.exceptions.AppRegistryNotReady: Apps aren't loaded yet.
2026-02-26 12:31:44,539 [ERROR] celery.utils.dispatch.signal: Signal handler <bound method DjangoFixup.on_import_modules of <celery.fixups.django.DjangoFixup object at 0x7eb0467682c0>> raised: ModuleNotFoundError("No module named 'monitoring'") (/usr/local/lib/python3.12/site-packages/celery/utils/dispatch/signal.py:280)
Traceback (most recent call last):
  File "/usr/local/lib/python3.12/site-packages/celery/utils/dispatch/signal.py", line 276, in send
    response = receiver(signal=self, sender=sender, **named)
               ^^^^^^^^^^^^^^^^^^^^^^^^^^^^^^^^^^^^^^^^^^^^^
  File "/usr/local/lib/python3.12/site-packages/celery/fixups/django.py", line 100, in on_import_modules
    self.worker_fixup.validate_models()
  File "/usr/local/lib/python3.12/site-packages/celery/fixups/django.py", line 138, in validate_models
    self.django_setup()
  File "/usr/local/lib/python3.12/site-packages/celery/fixups/django.py", line 134, in django_setup
    django.setup()
  File "/usr/local/lib/python3.12/site-packages/django/__init__.py", line 24, in setup
    apps.populate(settings.INSTALLED_APPS)
  File "/usr/local/lib/python3.12/site-packages/django/apps/registry.py", line 91, in populate
    app_config = AppConfig.create(entry)
                 ^^^^^^^^^^^^^^^^^^^^^^^
  File "/usr/local/lib/python3.12/site-packages/django/apps/config.py", line 193, in create
    import_module(entry)
  File "/usr/local/lib/python3.12/importlib/__init__.py", line 90, in import_module
    return _bootstrap._gcd_import(name[level:], package, level)
           ^^^^^^^^^^^^^^^^^^^^^^^^^^^^^^^^^^^^^^^^^^^^^^^^^^^^
  File "<frozen importlib._bootstrap>", line 1387, in _gcd_import
  File "<frozen importlib._bootstrap>", line 1360, in _find_and_load
  File "<frozen importlib._bootstrap>", line 1324, in _find_and_load_unlocked
ModuleNotFoundError: No module named 'monitoring'
2026-02-26 12:31:44,542 [ERROR] celery.utils.dispatch.signal: Signal handler <promise@0x7eb0464e8cd0 --> <bound method Celery._autodiscover_tasks of <Celery pruebatecno at 0x7eb0467676b0>>> raised: AppRegistryNotReady("Apps aren't loaded yet.") (/usr/local/lib/python3.12/site-packages/celery/utils/dispatch/signal.py:280)
Traceback (most recent call last):
  File "/usr/local/lib/python3.12/site-packages/celery/utils/dispatch/signal.py", line 276, in send
    response = receiver(signal=self, sender=sender, **named)
               ^^^^^^^^^^^^^^^^^^^^^^^^^^^^^^^^^^^^^^^^^^^^^
  File "/usr/local/lib/python3.12/site-packages/vine/promises.py", line 161, in __call__
    return self.throw()
           ^^^^^^^^^^^^
  File "/usr/local/lib/python3.12/site-packages/vine/promises.py", line 158, in __call__
    retval = fun(*final_args, **final_kwargs)
             ^^^^^^^^^^^^^^^^^^^^^^^^^^^^^^^^
  File "/usr/local/lib/python3.12/site-packages/celery/app/base.py", line 694, in _autodiscover_tasks
    return self._autodiscover_tasks_from_fixups(related_name)
           ^^^^^^^^^^^^^^^^^^^^^^^^^^^^^^^^^^^^^^^^^^^^^^^^^^
  File "/usr/local/lib/python3.12/site-packages/celery/app/base.py", line 706, in _autodiscover_tasks_from_fixups
    for pkg in fixup.autodiscover_tasks()
               ^^^^^^^^^^^^^^^^^^^^^^^^^^
  File "/usr/local/lib/python3.12/site-packages/celery/fixups/django.py", line 110, in autodiscover_tasks
    return [config.name for config in apps.get_app_configs()]
                                      ^^^^^^^^^^^^^^^^^^^^^^
  File "/usr/local/lib/python3.12/site-packages/django/apps/registry.py", line 147, in get_app_configs
    self.check_apps_ready()
  File "/usr/local/lib/python3.12/site-packages/django/apps/registry.py", line 138, in check_apps_ready
    raise AppRegistryNotReady("Apps aren't loaded yet.")
django.core.exceptions.AppRegistryNotReady: Apps aren't loaded yet.
2026-02-26 12:32:44,750 [ERROR] celery.utils.dispatch.signal: Signal handler <bound method DjangoFixup.on_import_modules of <celery.fixups.django.DjangoFixup object at 0x7f37cbc9c8f0>> raised: ModuleNotFoundError("No module named 'monitoring'") (/usr/local/lib/python3.12/site-packages/celery/utils/dispatch/signal.py:280)
Traceback (most recent call last):
  File "/usr/local/lib/python3.12/site-packages/celery/utils/dispatch/signal.py", line 276, in send
    response = receiver(signal=self, sender=sender, **named)
               ^^^^^^^^^^^^^^^^^^^^^^^^^^^^^^^^^^^^^^^^^^^^^
  File "/usr/local/lib/python3.12/site-packages/celery/fixups/django.py", line 100, in on_import_modules
    self.worker_fixup.validate_models()
  File "/usr/local/lib/python3.12/site-packages/celery/fixups/django.py", line 138, in validate_models
    self.django_setup()
  File "/usr/local/lib/python3.12/site-packages/celery/fixups/django.py", line 134, in django_setup
    django.setup()
  File "/usr/local/lib/python3.12/site-packages/django/__init__.py", line 24, in setup
    apps.populate(settings.INSTALLED_APPS)
  File "/usr/local/lib/python3.12/site-packages/django/apps/registry.py", line 91, in populate
    app_config = AppConfig.create(entry)
                 ^^^^^^^^^^^^^^^^^^^^^^^
  File "/usr/local/lib/python3.12/site-packages/django/apps/config.py", line 193, in create
    import_module(entry)
  File "/usr/local/lib/python3.12/importlib/__init__.py", line 90, in import_module
    return _bootstrap._gcd_import(name[level:], package, level)
           ^^^^^^^^^^^^^^^^^^^^^^^^^^^^^^^^^^^^^^^^^^^^^^^^^^^^
  File "<frozen importlib._bootstrap>", line 1387, in _gcd_import
  File "<frozen importlib._bootstrap>", line 1360, in _find_and_load
  File "<frozen importlib._bootstrap>", line 1324, in _find_and_load_unlocked
ModuleNotFoundError: No module named 'monitoring'
2026-02-26 12:32:44,753 [ERROR] celery.utils.dispatch.signal: Signal handler <promise@0x7f37cba18cd0 --> <bound method Celery._autodiscover_tasks of <Celery pruebatecno at 0x7f37cbc9c710>>> raised: AppRegistryNotReady("Apps aren't loaded yet.") (/usr/local/lib/python3.12/site-packages/celery/utils/dispatch/signal.py:280)
Traceback (most recent call last):
  File "/usr/local/lib/python3.12/site-packages/celery/utils/dispatch/signal.py", line 276, in send
    response = receiver(signal=self, sender=sender, **named)
               ^^^^^^^^^^^^^^^^^^^^^^^^^^^^^^^^^^^^^^^^^^^^^
  File "/usr/local/lib/python3.12/site-packages/vine/promises.py", line 161, in __call__
    return self.throw()
           ^^^^^^^^^^^^
  File "/usr/local/lib/python3.12/site-packages/vine/promises.py", line 158, in __call__
    retval = fun(*final_args, **final_kwargs)
             ^^^^^^^^^^^^^^^^^^^^^^^^^^^^^^^^
  File "/usr/local/lib/python3.12/site-packages/celery/app/base.py", line 694, in _autodiscover_tasks
    return self._autodiscover_tasks_from_fixups(related_name)
           ^^^^^^^^^^^^^^^^^^^^^^^^^^^^^^^^^^^^^^^^^^^^^^^^^^
  File "/usr/local/lib/python3.12/site-packages/celery/app/base.py", line 706, in _autodiscover_tasks_from_fixups
    for pkg in fixup.autodiscover_tasks()
               ^^^^^^^^^^^^^^^^^^^^^^^^^^
  File "/usr/local/lib/python3.12/site-packages/celery/fixups/django.py", line 110, in autodiscover_tasks
    return [config.name for config in apps.get_app_configs()]
                                      ^^^^^^^^^^^^^^^^^^^^^^
  File "/usr/local/lib/python3.12/site-packages/django/apps/registry.py", line 147, in get_app_configs
    self.check_apps_ready()
  File "/usr/local/lib/python3.12/site-packages/django/apps/registry.py", line 138, in check_apps_ready
    raise AppRegistryNotReady("Apps aren't loaded yet.")
django.core.exceptions.AppRegistryNotReady: Apps aren't loaded yet.
2026-02-26 12:32:46,798 [ERROR] celery.utils.dispatch.signal: Signal handler <bound method DjangoFixup.on_import_modules of <celery.fixups.django.DjangoFixup object at 0x7eb717391520>> raised: ModuleNotFoundError("No module named 'monitoring'") (/usr/local/lib/python3.12/site-packages/celery/utils/dispatch/signal.py:280)
Traceback (most recent call last):
  File "/usr/local/lib/python3.12/site-packages/celery/utils/dispatch/signal.py", line 276, in send
    response = receiver(signal=self, sender=sender, **named)
               ^^^^^^^^^^^^^^^^^^^^^^^^^^^^^^^^^^^^^^^^^^^^^
  File "/usr/local/lib/python3.12/site-packages/celery/fixups/django.py", line 100, in on_import_modules
    self.worker_fixup.validate_models()
  File "/usr/local/lib/python3.12/site-packages/celery/fixups/django.py", line 138, in validate_models
    self.django_setup()
  File "/usr/local/lib/python3.12/site-packages/celery/fixups/django.py", line 134, in django_setup
    django.setup()
  File "/usr/local/lib/python3.12/site-packages/django/__init__.py", line 24, in setup
    apps.populate(settings.INSTALLED_APPS)
  File "/usr/local/lib/python3.12/site-packages/django/apps/registry.py", line 91, in populate
    app_config = AppConfig.create(entry)
                 ^^^^^^^^^^^^^^^^^^^^^^^
  File "/usr/local/lib/python3.12/site-packages/django/apps/config.py", line 193, in create
    import_module(entry)
  File "/usr/local/lib/python3.12/importlib/__init__.py", line 90, in import_module
    return _bootstrap._gcd_import(name[level:], package, level)
           ^^^^^^^^^^^^^^^^^^^^^^^^^^^^^^^^^^^^^^^^^^^^^^^^^^^^
  File "<frozen importlib._bootstrap>", line 1387, in _gcd_import
  File "<frozen importlib._bootstrap>", line 1360, in _find_and_load
  File "<frozen importlib._bootstrap>", line 1324, in _find_and_load_unlocked
ModuleNotFoundError: No module named 'monitoring'
2026-02-26 12:32:46,799 [ERROR] celery.utils.dispatch.signal: Signal handler <promise@0x7eb7171a0cd0 --> <bound method Celery._autodiscover_tasks of <Celery pruebatecno at 0x7eb71738b6b0>>> raised: AppRegistryNotReady("Apps aren't loaded yet.") (/usr/local/lib/python3.12/site-packages/celery/utils/dispatch/signal.py:280)
Traceback (most recent call last):
  File "/usr/local/lib/python3.12/site-packages/celery/utils/dispatch/signal.py", line 276, in send
    response = receiver(signal=self, sender=sender, **named)
               ^^^^^^^^^^^^^^^^^^^^^^^^^^^^^^^^^^^^^^^^^^^^^
  File "/usr/local/lib/python3.12/site-packages/vine/promises.py", line 161, in __call__
    return self.throw()
           ^^^^^^^^^^^^
  File "/usr/local/lib/python3.12/site-packages/vine/promises.py", line 158, in __call__
    retval = fun(*final_args, **final_kwargs)
             ^^^^^^^^^^^^^^^^^^^^^^^^^^^^^^^^
  File "/usr/local/lib/python3.12/site-packages/celery/app/base.py", line 694, in _autodiscover_tasks
    return self._autodiscover_tasks_from_fixups(related_name)
           ^^^^^^^^^^^^^^^^^^^^^^^^^^^^^^^^^^^^^^^^^^^^^^^^^^
  File "/usr/local/lib/python3.12/site-packages/celery/app/base.py", line 706, in _autodiscover_tasks_from_fixups
    for pkg in fixup.autodiscover_tasks()
               ^^^^^^^^^^^^^^^^^^^^^^^^^^
  File "/usr/local/lib/python3.12/site-packages/celery/fixups/django.py", line 110, in autodiscover_tasks
    return [config.name for config in apps.get_app_configs()]
                                      ^^^^^^^^^^^^^^^^^^^^^^
  File "/usr/local/lib/python3.12/site-packages/django/apps/registry.py", line 147, in get_app_configs
    self.check_apps_ready()
  File "/usr/local/lib/python3.12/site-packages/django/apps/registry.py", line 138, in check_apps_ready
    raise AppRegistryNotReady("Apps aren't loaded yet.")
django.core.exceptions.AppRegistryNotReady: Apps aren't loaded yet.
2026-02-26 12:33:46,676 [ERROR] celery.utils.dispatch.signal: Signal handler <bound method DjangoFixup.on_import_modules of <celery.fixups.django.DjangoFixup object at 0x7112f10642c0>> raised: ModuleNotFoundError("No module named 'monitoring'") (/usr/local/lib/python3.12/site-packages/celery/utils/dispatch/signal.py:280)
Traceback (most recent call last):
  File "/usr/local/lib/python3.12/site-packages/celery/utils/dispatch/signal.py", line 276, in send
    response = receiver(signal=self, sender=sender, **named)
               ^^^^^^^^^^^^^^^^^^^^^^^^^^^^^^^^^^^^^^^^^^^^^
  File "/usr/local/lib/python3.12/site-packages/celery/fixups/django.py", line 100, in on_import_modules
    self.worker_fixup.validate_models()
  File "/usr/local/lib/python3.12/site-packages/celery/fixups/django.py", line 138, in validate_models
    self.django_setup()
  File "/usr/local/lib/python3.12/site-packages/celery/fixups/django.py", line 134, in django_setup
    django.setup()
  File "/usr/local/lib/python3.12/site-packages/django/__init__.py", line 24, in setup
    apps.populate(settings.INSTALLED_APPS)
  File "/usr/local/lib/python3.12/site-packages/django/apps/registry.py", line 91, in populate
    app_config = AppConfig.create(entry)
                 ^^^^^^^^^^^^^^^^^^^^^^^
  File "/usr/local/lib/python3.12/site-packages/django/apps/config.py", line 193, in create
    import_module(entry)
  File "/usr/local/lib/python3.12/importlib/__init__.py", line 90, in import_module
    return _bootstrap._gcd_import(name[level:], package, level)
           ^^^^^^^^^^^^^^^^^^^^^^^^^^^^^^^^^^^^^^^^^^^^^^^^^^^^
  File "<frozen importlib._bootstrap>", line 1387, in _gcd_import
  File "<frozen importlib._bootstrap>", line 1360, in _find_and_load
  File "<frozen importlib._bootstrap>", line 1324, in _find_and_load_unlocked
ModuleNotFoundError: No module named 'monitoring'
2026-02-26 12:33:46,678 [ERROR] celery.utils.dispatch.signal: Signal handler <promise@0x7112f0de4cd0 --> <bound method Celery._autodiscover_tasks of <Celery pruebatecno at 0x7112f10643e0>>> raised: AppRegistryNotReady("Apps aren't loaded yet.") (/usr/local/lib/python3.12/site-packages/celery/utils/dispatch/signal.py:280)
Traceback (most recent call last):
  File "/usr/local/lib/python3.12/site-packages/celery/utils/dispatch/signal.py", line 276, in send
    response = receiver(signal=self, sender=sender, **named)
               ^^^^^^^^^^^^^^^^^^^^^^^^^^^^^^^^^^^^^^^^^^^^^
  File "/usr/local/lib/python3.12/site-packages/vine/promises.py", line 161, in __call__
    return self.throw()
           ^^^^^^^^^^^^
  File "/usr/local/lib/python3.12/site-packages/vine/promises.py", line 158, in __call__
    retval = fun(*final_args, **final_kwargs)
             ^^^^^^^^^^^^^^^^^^^^^^^^^^^^^^^^
  File "/usr/local/lib/python3.12/site-packages/celery/app/base.py", line 694, in _autodiscover_tasks
    return self._autodiscover_tasks_from_fixups(related_name)
           ^^^^^^^^^^^^^^^^^^^^^^^^^^^^^^^^^^^^^^^^^^^^^^^^^^
  File "/usr/local/lib/python3.12/site-packages/celery/app/base.py", line 706, in _autodiscover_tasks_from_fixups
    for pkg in fixup.autodiscover_tasks()
               ^^^^^^^^^^^^^^^^^^^^^^^^^^
  File "/usr/local/lib/python3.12/site-packages/celery/fixups/django.py", line 110, in autodiscover_tasks
    return [config.name for config in apps.get_app_configs()]
                                      ^^^^^^^^^^^^^^^^^^^^^^
  File "/usr/local/lib/python3.12/site-packages/django/apps/registry.py", line 147, in get_app_configs
    self.check_apps_ready()
  File "/usr/local/lib/python3.12/site-packages/django/apps/registry.py", line 138, in check_apps_ready
    raise AppRegistryNotReady("Apps aren't loaded yet.")
django.core.exceptions.AppRegistryNotReady: Apps aren't loaded yet.
2026-02-26 12:33:48,411 [ERROR] celery.utils.dispatch.signal: Signal handler <bound method DjangoFixup.on_import_modules of <celery.fixups.django.DjangoFixup object at 0x7bb6171048f0>> raised: ModuleNotFoundError("No module named 'monitoring'") (/usr/local/lib/python3.12/site-packages/celery/utils/dispatch/signal.py:280)
Traceback (most recent call last):
  File "/usr/local/lib/python3.12/site-packages/celery/utils/dispatch/signal.py", line 276, in send
    response = receiver(signal=self, sender=sender, **named)
               ^^^^^^^^^^^^^^^^^^^^^^^^^^^^^^^^^^^^^^^^^^^^^
  File "/usr/local/lib/python3.12/site-packages/celery/fixups/django.py", line 100, in on_import_modules
    self.worker_fixup.validate_models()
  File "/usr/local/lib/python3.12/site-packages/celery/fixups/django.py", line 138, in validate_models
    self.django_setup()
  File "/usr/local/lib/python3.12/site-packages/celery/fixups/django.py", line 134, in django_setup
    django.setup()
  File "/usr/local/lib/python3.12/site-packages/django/__init__.py", line 24, in setup
    apps.populate(settings.INSTALLED_APPS)
  File "/usr/local/lib/python3.12/site-packages/django/apps/registry.py", line 91, in populate
    app_config = AppConfig.create(entry)
                 ^^^^^^^^^^^^^^^^^^^^^^^
  File "/usr/local/lib/python3.12/site-packages/django/apps/config.py", line 193, in create
    import_module(entry)
  File "/usr/local/lib/python3.12/importlib/__init__.py", line 90, in import_module
    return _bootstrap._gcd_import(name[level:], package, level)
           ^^^^^^^^^^^^^^^^^^^^^^^^^^^^^^^^^^^^^^^^^^^^^^^^^^^^
  File "<frozen importlib._bootstrap>", line 1387, in _gcd_import
  File "<frozen importlib._bootstrap>", line 1360, in _find_and_load
  File "<frozen importlib._bootstrap>", line 1324, in _find_and_load_unlocked
ModuleNotFoundError: No module named 'monitoring'
2026-02-26 12:33:48,413 [ERROR] celery.utils.dispatch.signal: Signal handler <promise@0x7bb616e7ccd0 --> <bound method Celery._autodiscover_tasks of <Celery pruebatecno at 0x7bb617103e30>>> raised: AppRegistryNotReady("Apps aren't loaded yet.") (/usr/local/lib/python3.12/site-packages/celery/utils/dispatch/signal.py:280)
Traceback (most recent call last):
  File "/usr/local/lib/python3.12/site-packages/celery/utils/dispatch/signal.py", line 276, in send
    response = receiver(signal=self, sender=sender, **named)
               ^^^^^^^^^^^^^^^^^^^^^^^^^^^^^^^^^^^^^^^^^^^^^
  File "/usr/local/lib/python3.12/site-packages/vine/promises.py", line 161, in __call__
    return self.throw()
           ^^^^^^^^^^^^
  File "/usr/local/lib/python3.12/site-packages/vine/promises.py", line 158, in __call__
    retval = fun(*final_args, **final_kwargs)
             ^^^^^^^^^^^^^^^^^^^^^^^^^^^^^^^^
  File "/usr/local/lib/python3.12/site-packages/celery/app/base.py", line 694, in _autodiscover_tasks
    return self._autodiscover_tasks_from_fixups(related_name)
           ^^^^^^^^^^^^^^^^^^^^^^^^^^^^^^^^^^^^^^^^^^^^^^^^^^
  File "/usr/local/lib/python3.12/site-packages/celery/app/base.py", line 706, in _autodiscover_tasks_from_fixups
    for pkg in fixup.autodiscover_tasks()
               ^^^^^^^^^^^^^^^^^^^^^^^^^^
  File "/usr/local/lib/python3.12/site-packages/celery/fixups/django.py", line 110, in autodiscover_tasks
    return [config.name for config in apps.get_app_configs()]
                                      ^^^^^^^^^^^^^^^^^^^^^^
  File "/usr/local/lib/python3.12/site-packages/django/apps/registry.py", line 147, in get_app_configs
    self.check_apps_ready()
  File "/usr/local/lib/python3.12/site-packages/django/apps/registry.py", line 138, in check_apps_ready
    raise AppRegistryNotReady("Apps aren't loaded yet.")
django.core.exceptions.AppRegistryNotReady: Apps aren't loaded yet.
2026-02-26 12:34:48,307 [ERROR] celery.utils.dispatch.signal: Signal handler <bound method DjangoFixup.on_import_modules of <celery.fixups.django.DjangoFixup object at 0x70e913b3ec60>> raised: ModuleNotFoundError("No module named 'monitoring'") (/usr/local/lib/python3.12/site-packages/celery/utils/dispatch/signal.py:280)
Traceback (most recent call last):
  File "/usr/local/lib/python3.12/site-packages/celery/utils/dispatch/signal.py", line 276, in send
    response = receiver(signal=self, sender=sender, **named)
               ^^^^^^^^^^^^^^^^^^^^^^^^^^^^^^^^^^^^^^^^^^^^^
  File "/usr/local/lib/python3.12/site-packages/celery/fixups/django.py", line 100, in on_import_modules
    self.worker_fixup.validate_models()
  File "/usr/local/lib/python3.12/site-packages/celery/fixups/django.py", line 138, in validate_models
    self.django_setup()
  File "/usr/local/lib/python3.12/site-packages/celery/fixups/django.py", line 134, in django_setup
    django.setup()
  File "/usr/local/lib/python3.12/site-packages/django/__init__.py", line 24, in setup
    apps.populate(settings.INSTALLED_APPS)
  File "/usr/local/lib/python3.12/site-packages/django/apps/registry.py", line 91, in populate
    app_config = AppConfig.create(entry)
                 ^^^^^^^^^^^^^^^^^^^^^^^
  File "/usr/local/lib/python3.12/site-packages/django/apps/config.py", line 193, in create
    import_module(entry)
  File "/usr/local/lib/python3.12/importlib/__init__.py", line 90, in import_module
    return _bootstrap._gcd_import(name[level:], package, level)
           ^^^^^^^^^^^^^^^^^^^^^^^^^^^^^^^^^^^^^^^^^^^^^^^^^^^^
  File "<frozen importlib._bootstrap>", line 1387, in _gcd_import
  File "<frozen importlib._bootstrap>", line 1360, in _find_and_load
  File "<frozen importlib._bootstrap>", line 1324, in _find_and_load_unlocked
ModuleNotFoundError: No module named 'monitoring'
2026-02-26 12:34:48,309 [ERROR] celery.utils.dispatch.signal: Signal handler <promise@0x70e9131b4cd0 --> <bound method Celery._autodiscover_tasks of <Celery pruebatecno at 0x70e91342ffb0>>> raised: AppRegistryNotReady("Apps aren't loaded yet.") (/usr/local/lib/python3.12/site-packages/celery/utils/dispatch/signal.py:280)
Traceback (most recent call last):
  File "/usr/local/lib/python3.12/site-packages/celery/utils/dispatch/signal.py", line 276, in send
    response = receiver(signal=self, sender=sender, **named)
               ^^^^^^^^^^^^^^^^^^^^^^^^^^^^^^^^^^^^^^^^^^^^^
  File "/usr/local/lib/python3.12/site-packages/vine/promises.py", line 161, in __call__
    return self.throw()
           ^^^^^^^^^^^^
  File "/usr/local/lib/python3.12/site-packages/vine/promises.py", line 158, in __call__
    retval = fun(*final_args, **final_kwargs)
             ^^^^^^^^^^^^^^^^^^^^^^^^^^^^^^^^
  File "/usr/local/lib/python3.12/site-packages/celery/app/base.py", line 694, in _autodiscover_tasks
    return self._autodiscover_tasks_from_fixups(related_name)
           ^^^^^^^^^^^^^^^^^^^^^^^^^^^^^^^^^^^^^^^^^^^^^^^^^^
  File "/usr/local/lib/python3.12/site-packages/celery/app/base.py", line 706, in _autodiscover_tasks_from_fixups
    for pkg in fixup.autodiscover_tasks()
               ^^^^^^^^^^^^^^^^^^^^^^^^^^
  File "/usr/local/lib/python3.12/site-packages/celery/fixups/django.py", line 110, in autodiscover_tasks
    return [config.name for config in apps.get_app_configs()]
                                      ^^^^^^^^^^^^^^^^^^^^^^
  File "/usr/local/lib/python3.12/site-packages/django/apps/registry.py", line 147, in get_app_configs
    self.check_apps_ready()
  File "/usr/local/lib/python3.12/site-packages/django/apps/registry.py", line 138, in check_apps_ready
    raise AppRegistryNotReady("Apps aren't loaded yet.")
django.core.exceptions.AppRegistryNotReady: Apps aren't loaded yet.
2026-02-26 12:34:50,005 [ERROR] celery.utils.dispatch.signal: Signal handler <bound method DjangoFixup.on_import_modules of <celery.fixups.django.DjangoFixup object at 0x7a45e0e31dc0>> raised: ModuleNotFoundError("No module named 'monitoring'") (/usr/local/lib/python3.12/site-packages/celery/utils/dispatch/signal.py:280)
Traceback (most recent call last):
  File "/usr/local/lib/python3.12/site-packages/celery/utils/dispatch/signal.py", line 276, in send
    response = receiver(signal=self, sender=sender, **named)
               ^^^^^^^^^^^^^^^^^^^^^^^^^^^^^^^^^^^^^^^^^^^^^
  File "/usr/local/lib/python3.12/site-packages/celery/fixups/django.py", line 100, in on_import_modules
    self.worker_fixup.validate_models()
  File "/usr/local/lib/python3.12/site-packages/celery/fixups/django.py", line 138, in validate_models
    self.django_setup()
  File "/usr/local/lib/python3.12/site-packages/celery/fixups/django.py", line 134, in django_setup
    django.setup()
  File "/usr/local/lib/python3.12/site-packages/django/__init__.py", line 24, in setup
    apps.populate(settings.INSTALLED_APPS)
  File "/usr/local/lib/python3.12/site-packages/django/apps/registry.py", line 91, in populate
    app_config = AppConfig.create(entry)
                 ^^^^^^^^^^^^^^^^^^^^^^^
  File "/usr/local/lib/python3.12/site-packages/django/apps/config.py", line 193, in create
    import_module(entry)
  File "/usr/local/lib/python3.12/importlib/__init__.py", line 90, in import_module
    return _bootstrap._gcd_import(name[level:], package, level)
           ^^^^^^^^^^^^^^^^^^^^^^^^^^^^^^^^^^^^^^^^^^^^^^^^^^^^
  File "<frozen importlib._bootstrap>", line 1387, in _gcd_import
  File "<frozen importlib._bootstrap>", line 1360, in _find_and_load
  File "<frozen importlib._bootstrap>", line 1324, in _find_and_load_unlocked
ModuleNotFoundError: No module named 'monitoring'
2026-02-26 12:34:50,007 [ERROR] celery.utils.dispatch.signal: Signal handler <promise@0x7a45dfe5ccd0 --> <bound method Celery._autodiscover_tasks of <Celery pruebatecno at 0x7a45e00dc3e0>>> raised: AppRegistryNotReady("Apps aren't loaded yet.") (/usr/local/lib/python3.12/site-packages/celery/utils/dispatch/signal.py:280)
Traceback (most recent call last):
  File "/usr/local/lib/python3.12/site-packages/celery/utils/dispatch/signal.py", line 276, in send
    response = receiver(signal=self, sender=sender, **named)
               ^^^^^^^^^^^^^^^^^^^^^^^^^^^^^^^^^^^^^^^^^^^^^
  File "/usr/local/lib/python3.12/site-packages/vine/promises.py", line 161, in __call__
    return self.throw()
           ^^^^^^^^^^^^
  File "/usr/local/lib/python3.12/site-packages/vine/promises.py", line 158, in __call__
    retval = fun(*final_args, **final_kwargs)
             ^^^^^^^^^^^^^^^^^^^^^^^^^^^^^^^^
  File "/usr/local/lib/python3.12/site-packages/celery/app/base.py", line 694, in _autodiscover_tasks
    return self._autodiscover_tasks_from_fixups(related_name)
           ^^^^^^^^^^^^^^^^^^^^^^^^^^^^^^^^^^^^^^^^^^^^^^^^^^
  File "/usr/local/lib/python3.12/site-packages/celery/app/base.py", line 706, in _autodiscover_tasks_from_fixups
    for pkg in fixup.autodiscover_tasks()
               ^^^^^^^^^^^^^^^^^^^^^^^^^^
  File "/usr/local/lib/python3.12/site-packages/celery/fixups/django.py", line 110, in autodiscover_tasks
    return [config.name for config in apps.get_app_configs()]
                                      ^^^^^^^^^^^^^^^^^^^^^^
  File "/usr/local/lib/python3.12/site-packages/django/apps/registry.py", line 147, in get_app_configs
    self.check_apps_ready()
  File "/usr/local/lib/python3.12/site-packages/django/apps/registry.py", line 138, in check_apps_ready
    raise AppRegistryNotReady("Apps aren't loaded yet.")
django.core.exceptions.AppRegistryNotReady: Apps aren't loaded yet.
2026-02-26 12:35:49,975 [ERROR] celery.utils.dispatch.signal: Signal handler <bound method DjangoFixup.on_import_modules of <celery.fixups.django.DjangoFixup object at 0x75032c775520>> raised: ModuleNotFoundError("No module named 'monitoring'") (/usr/local/lib/python3.12/site-packages/celery/utils/dispatch/signal.py:280)
Traceback (most recent call last):
  File "/usr/local/lib/python3.12/site-packages/celery/utils/dispatch/signal.py", line 276, in send
    response = receiver(signal=self, sender=sender, **named)
               ^^^^^^^^^^^^^^^^^^^^^^^^^^^^^^^^^^^^^^^^^^^^^
  File "/usr/local/lib/python3.12/site-packages/celery/fixups/django.py", line 100, in on_import_modules
    self.worker_fixup.validate_models()
  File "/usr/local/lib/python3.12/site-packages/celery/fixups/django.py", line 138, in validate_models
    self.django_setup()
  File "/usr/local/lib/python3.12/site-packages/celery/fixups/django.py", line 134, in django_setup
    django.setup()
  File "/usr/local/lib/python3.12/site-packages/django/__init__.py", line 24, in setup
    apps.populate(settings.INSTALLED_APPS)
  File "/usr/local/lib/python3.12/site-packages/django/apps/registry.py", line 91, in populate
    app_config = AppConfig.create(entry)
                 ^^^^^^^^^^^^^^^^^^^^^^^
  File "/usr/local/lib/python3.12/site-packages/django/apps/config.py", line 193, in create
    import_module(entry)
  File "/usr/local/lib/python3.12/importlib/__init__.py", line 90, in import_module
    return _bootstrap._gcd_import(name[level:], package, level)
           ^^^^^^^^^^^^^^^^^^^^^^^^^^^^^^^^^^^^^^^^^^^^^^^^^^^^
  File "<frozen importlib._bootstrap>", line 1387, in _gcd_import
  File "<frozen importlib._bootstrap>", line 1360, in _find_and_load
  File "<frozen importlib._bootstrap>", line 1324, in _find_and_load_unlocked
ModuleNotFoundError: No module named 'monitoring'
2026-02-26 12:35:49,977 [ERROR] celery.utils.dispatch.signal: Signal handler <promise@0x75032c484cd0 --> <bound method Celery._autodiscover_tasks of <Celery pruebatecno at 0x75032c673c20>>> raised: AppRegistryNotReady("Apps aren't loaded yet.") (/usr/local/lib/python3.12/site-packages/celery/utils/dispatch/signal.py:280)
Traceback (most recent call last):
  File "/usr/local/lib/python3.12/site-packages/celery/utils/dispatch/signal.py", line 276, in send
    response = receiver(signal=self, sender=sender, **named)
               ^^^^^^^^^^^^^^^^^^^^^^^^^^^^^^^^^^^^^^^^^^^^^
  File "/usr/local/lib/python3.12/site-packages/vine/promises.py", line 161, in __call__
    return self.throw()
           ^^^^^^^^^^^^
  File "/usr/local/lib/python3.12/site-packages/vine/promises.py", line 158, in __call__
    retval = fun(*final_args, **final_kwargs)
             ^^^^^^^^^^^^^^^^^^^^^^^^^^^^^^^^
  File "/usr/local/lib/python3.12/site-packages/celery/app/base.py", line 694, in _autodiscover_tasks
    return self._autodiscover_tasks_from_fixups(related_name)
           ^^^^^^^^^^^^^^^^^^^^^^^^^^^^^^^^^^^^^^^^^^^^^^^^^^
  File "/usr/local/lib/python3.12/site-packages/celery/app/base.py", line 706, in _autodiscover_tasks_from_fixups
    for pkg in fixup.autodiscover_tasks()
               ^^^^^^^^^^^^^^^^^^^^^^^^^^
  File "/usr/local/lib/python3.12/site-packages/celery/fixups/django.py", line 110, in autodiscover_tasks
    return [config.name for config in apps.get_app_configs()]
                                      ^^^^^^^^^^^^^^^^^^^^^^
  File "/usr/local/lib/python3.12/site-packages/django/apps/registry.py", line 147, in get_app_configs
    self.check_apps_ready()
  File "/usr/local/lib/python3.12/site-packages/django/apps/registry.py", line 138, in check_apps_ready
    raise AppRegistryNotReady("Apps aren't loaded yet.")
django.core.exceptions.AppRegistryNotReady: Apps aren't loaded yet.
2026-02-26 12:35:51,622 [ERROR] celery.utils.dispatch.signal: Signal handler <bound method DjangoFixup.on_import_modules of <celery.fixups.django.DjangoFixup object at 0x72a8811694f0>> raised: ModuleNotFoundError("No module named 'monitoring'") (/usr/local/lib/python3.12/site-packages/celery/utils/dispatch/signal.py:280)
Traceback (most recent call last):
  File "/usr/local/lib/python3.12/site-packages/celery/utils/dispatch/signal.py", line 276, in send
    response = receiver(signal=self, sender=sender, **named)
               ^^^^^^^^^^^^^^^^^^^^^^^^^^^^^^^^^^^^^^^^^^^^^
  File "/usr/local/lib/python3.12/site-packages/celery/fixups/django.py", line 100, in on_import_modules
    self.worker_fixup.validate_models()
  File "/usr/local/lib/python3.12/site-packages/celery/fixups/django.py", line 138, in validate_models
    self.django_setup()
  File "/usr/local/lib/python3.12/site-packages/celery/fixups/django.py", line 134, in django_setup
    django.setup()
  File "/usr/local/lib/python3.12/site-packages/django/__init__.py", line 24, in setup
    apps.populate(settings.INSTALLED_APPS)
  File "/usr/local/lib/python3.12/site-packages/django/apps/registry.py", line 91, in populate
    app_config = AppConfig.create(entry)
                 ^^^^^^^^^^^^^^^^^^^^^^^
  File "/usr/local/lib/python3.12/site-packages/django/apps/config.py", line 193, in create
    import_module(entry)
  File "/usr/local/lib/python3.12/importlib/__init__.py", line 90, in import_module
    return _bootstrap._gcd_import(name[level:], package, level)
           ^^^^^^^^^^^^^^^^^^^^^^^^^^^^^^^^^^^^^^^^^^^^^^^^^^^^
  File "<frozen importlib._bootstrap>", line 1387, in _gcd_import
  File "<frozen importlib._bootstrap>", line 1360, in _find_and_load
  File "<frozen importlib._bootstrap>", line 1324, in _find_and_load_unlocked
ModuleNotFoundError: No module named 'monitoring'
2026-02-26 12:35:51,624 [ERROR] celery.utils.dispatch.signal: Signal handler <promise@0x72a8800e0cd0 --> <bound method Celery._autodiscover_tasks of <Celery pruebatecno at 0x72a88035f4d0>>> raised: AppRegistryNotReady("Apps aren't loaded yet.") (/usr/local/lib/python3.12/site-packages/celery/utils/dispatch/signal.py:280)
Traceback (most recent call last):
  File "/usr/local/lib/python3.12/site-packages/celery/utils/dispatch/signal.py", line 276, in send
    response = receiver(signal=self, sender=sender, **named)
               ^^^^^^^^^^^^^^^^^^^^^^^^^^^^^^^^^^^^^^^^^^^^^
  File "/usr/local/lib/python3.12/site-packages/vine/promises.py", line 161, in __call__
    return self.throw()
           ^^^^^^^^^^^^
  File "/usr/local/lib/python3.12/site-packages/vine/promises.py", line 158, in __call__
    retval = fun(*final_args, **final_kwargs)
             ^^^^^^^^^^^^^^^^^^^^^^^^^^^^^^^^
  File "/usr/local/lib/python3.12/site-packages/celery/app/base.py", line 694, in _autodiscover_tasks
    return self._autodiscover_tasks_from_fixups(related_name)
           ^^^^^^^^^^^^^^^^^^^^^^^^^^^^^^^^^^^^^^^^^^^^^^^^^^
  File "/usr/local/lib/python3.12/site-packages/celery/app/base.py", line 706, in _autodiscover_tasks_from_fixups
    for pkg in fixup.autodiscover_tasks()
               ^^^^^^^^^^^^^^^^^^^^^^^^^^
  File "/usr/local/lib/python3.12/site-packages/celery/fixups/django.py", line 110, in autodiscover_tasks
    return [config.name for config in apps.get_app_configs()]
                                      ^^^^^^^^^^^^^^^^^^^^^^
  File "/usr/local/lib/python3.12/site-packages/django/apps/registry.py", line 147, in get_app_configs
    self.check_apps_ready()
  File "/usr/local/lib/python3.12/site-packages/django/apps/registry.py", line 138, in check_apps_ready
    raise AppRegistryNotReady("Apps aren't loaded yet.")
django.core.exceptions.AppRegistryNotReady: Apps aren't loaded yet.
2026-02-26 12:36:52,278 [ERROR] celery.utils.dispatch.signal: Signal handler <bound method DjangoFixup.on_import_modules of <celery.fixups.django.DjangoFixup object at 0x7da8347214f0>> raised: ModuleNotFoundError("No module named 'monitoring'") (/usr/local/lib/python3.12/site-packages/celery/utils/dispatch/signal.py:280)
Traceback (most recent call last):
  File "/usr/local/lib/python3.12/site-packages/celery/utils/dispatch/signal.py", line 276, in send
    response = receiver(signal=self, sender=sender, **named)
               ^^^^^^^^^^^^^^^^^^^^^^^^^^^^^^^^^^^^^^^^^^^^^
  File "/usr/local/lib/python3.12/site-packages/celery/fixups/django.py", line 100, in on_import_modules
    self.worker_fixup.validate_models()
  File "/usr/local/lib/python3.12/site-packages/celery/fixups/django.py", line 138, in validate_models
    self.django_setup()
  File "/usr/local/lib/python3.12/site-packages/celery/fixups/django.py", line 134, in django_setup
    django.setup()
  File "/usr/local/lib/python3.12/site-packages/django/__init__.py", line 24, in setup
    apps.populate(settings.INSTALLED_APPS)
  File "/usr/local/lib/python3.12/site-packages/django/apps/registry.py", line 91, in populate
    app_config = AppConfig.create(entry)
                 ^^^^^^^^^^^^^^^^^^^^^^^
  File "/usr/local/lib/python3.12/site-packages/django/apps/config.py", line 193, in create
    import_module(entry)
  File "/usr/local/lib/python3.12/importlib/__init__.py", line 90, in import_module
    return _bootstrap._gcd_import(name[level:], package, level)
           ^^^^^^^^^^^^^^^^^^^^^^^^^^^^^^^^^^^^^^^^^^^^^^^^^^^^
  File "<frozen importlib._bootstrap>", line 1387, in _gcd_import
  File "<frozen importlib._bootstrap>", line 1360, in _find_and_load
  File "<frozen importlib._bootstrap>", line 1324, in _find_and_load_unlocked
ModuleNotFoundError: No module named 'monitoring'
2026-02-26 12:36:52,281 [ERROR] celery.utils.dispatch.signal: Signal handler <promise@0x7da834214cd0 --> <bound method Celery._autodiscover_tasks of <Celery pruebatecno at 0x7da834498740>>> raised: AppRegistryNotReady("Apps aren't loaded yet.") (/usr/local/lib/python3.12/site-packages/celery/utils/dispatch/signal.py:280)
Traceback (most recent call last):
  File "/usr/local/lib/python3.12/site-packages/celery/utils/dispatch/signal.py", line 276, in send
    response = receiver(signal=self, sender=sender, **named)
               ^^^^^^^^^^^^^^^^^^^^^^^^^^^^^^^^^^^^^^^^^^^^^
  File "/usr/local/lib/python3.12/site-packages/vine/promises.py", line 161, in __call__
    return self.throw()
           ^^^^^^^^^^^^
  File "/usr/local/lib/python3.12/site-packages/vine/promises.py", line 158, in __call__
    retval = fun(*final_args, **final_kwargs)
             ^^^^^^^^^^^^^^^^^^^^^^^^^^^^^^^^
  File "/usr/local/lib/python3.12/site-packages/celery/app/base.py", line 694, in _autodiscover_tasks
    return self._autodiscover_tasks_from_fixups(related_name)
           ^^^^^^^^^^^^^^^^^^^^^^^^^^^^^^^^^^^^^^^^^^^^^^^^^^
  File "/usr/local/lib/python3.12/site-packages/celery/app/base.py", line 706, in _autodiscover_tasks_from_fixups
    for pkg in fixup.autodiscover_tasks()
               ^^^^^^^^^^^^^^^^^^^^^^^^^^
  File "/usr/local/lib/python3.12/site-packages/celery/fixups/django.py", line 110, in autodiscover_tasks
    return [config.name for config in apps.get_app_configs()]
                                      ^^^^^^^^^^^^^^^^^^^^^^
  File "/usr/local/lib/python3.12/site-packages/django/apps/registry.py", line 147, in get_app_configs
    self.check_apps_ready()
  File "/usr/local/lib/python3.12/site-packages/django/apps/registry.py", line 138, in check_apps_ready
    raise AppRegistryNotReady("Apps aren't loaded yet.")
django.core.exceptions.AppRegistryNotReady: Apps aren't loaded yet.
2026-02-26 12:36:53,666 [ERROR] celery.utils.dispatch.signal: Signal handler <bound method DjangoFixup.on_import_modules of <celery.fixups.django.DjangoFixup object at 0x7c6abbebb6e0>> raised: ModuleNotFoundError("No module named 'monitoring'") (/usr/local/lib/python3.12/site-packages/celery/utils/dispatch/signal.py:280)
Traceback (most recent call last):
  File "/usr/local/lib/python3.12/site-packages/celery/utils/dispatch/signal.py", line 276, in send
    response = receiver(signal=self, sender=sender, **named)
               ^^^^^^^^^^^^^^^^^^^^^^^^^^^^^^^^^^^^^^^^^^^^^
  File "/usr/local/lib/python3.12/site-packages/celery/fixups/django.py", line 100, in on_import_modules
    self.worker_fixup.validate_models()
  File "/usr/local/lib/python3.12/site-packages/celery/fixups/django.py", line 138, in validate_models
    self.django_setup()
  File "/usr/local/lib/python3.12/site-packages/celery/fixups/django.py", line 134, in django_setup
    django.setup()
  File "/usr/local/lib/python3.12/site-packages/django/__init__.py", line 24, in setup
    apps.populate(settings.INSTALLED_APPS)
  File "/usr/local/lib/python3.12/site-packages/django/apps/registry.py", line 91, in populate
    app_config = AppConfig.create(entry)
                 ^^^^^^^^^^^^^^^^^^^^^^^
  File "/usr/local/lib/python3.12/site-packages/django/apps/config.py", line 193, in create
    import_module(entry)
  File "/usr/local/lib/python3.12/importlib/__init__.py", line 90, in import_module
    return _bootstrap._gcd_import(name[level:], package, level)
           ^^^^^^^^^^^^^^^^^^^^^^^^^^^^^^^^^^^^^^^^^^^^^^^^^^^^
  File "<frozen importlib._bootstrap>", line 1387, in _gcd_import
  File "<frozen importlib._bootstrap>", line 1360, in _find_and_load
  File "<frozen importlib._bootstrap>", line 1324, in _find_and_load_unlocked
ModuleNotFoundError: No module named 'monitoring'
2026-02-26 12:36:53,668 [ERROR] celery.utils.dispatch.signal: Signal handler <promise@0x7c6abbc38cd0 --> <bound method Celery._autodiscover_tasks of <Celery pruebatecno at 0x7c6abbf6c260>>> raised: AppRegistryNotReady("Apps aren't loaded yet.") (/usr/local/lib/python3.12/site-packages/celery/utils/dispatch/signal.py:280)
Traceback (most recent call last):
  File "/usr/local/lib/python3.12/site-packages/celery/utils/dispatch/signal.py", line 276, in send
    response = receiver(signal=self, sender=sender, **named)
               ^^^^^^^^^^^^^^^^^^^^^^^^^^^^^^^^^^^^^^^^^^^^^
  File "/usr/local/lib/python3.12/site-packages/vine/promises.py", line 161, in __call__
    return self.throw()
           ^^^^^^^^^^^^
  File "/usr/local/lib/python3.12/site-packages/vine/promises.py", line 158, in __call__
    retval = fun(*final_args, **final_kwargs)
             ^^^^^^^^^^^^^^^^^^^^^^^^^^^^^^^^
  File "/usr/local/lib/python3.12/site-packages/celery/app/base.py", line 694, in _autodiscover_tasks
    return self._autodiscover_tasks_from_fixups(related_name)
           ^^^^^^^^^^^^^^^^^^^^^^^^^^^^^^^^^^^^^^^^^^^^^^^^^^
  File "/usr/local/lib/python3.12/site-packages/celery/app/base.py", line 706, in _autodiscover_tasks_from_fixups
    for pkg in fixup.autodiscover_tasks()
               ^^^^^^^^^^^^^^^^^^^^^^^^^^
  File "/usr/local/lib/python3.12/site-packages/celery/fixups/django.py", line 110, in autodiscover_tasks
    return [config.name for config in apps.get_app_configs()]
                                      ^^^^^^^^^^^^^^^^^^^^^^
  File "/usr/local/lib/python3.12/site-packages/django/apps/registry.py", line 147, in get_app_configs
    self.check_apps_ready()
  File "/usr/local/lib/python3.12/site-packages/django/apps/registry.py", line 138, in check_apps_ready
    raise AppRegistryNotReady("Apps aren't loaded yet.")
django.core.exceptions.AppRegistryNotReady: Apps aren't loaded yet.
2026-02-26 12:37:54,408 [ERROR] celery.utils.dispatch.signal: Signal handler <bound method DjangoFixup.on_import_modules of <celery.fixups.django.DjangoFixup object at 0x794d27b62e70>> raised: ModuleNotFoundError("No module named 'monitoring'") (/usr/local/lib/python3.12/site-packages/celery/utils/dispatch/signal.py:280)
Traceback (most recent call last):
  File "/usr/local/lib/python3.12/site-packages/celery/utils/dispatch/signal.py", line 276, in send
    response = receiver(signal=self, sender=sender, **named)
               ^^^^^^^^^^^^^^^^^^^^^^^^^^^^^^^^^^^^^^^^^^^^^
  File "/usr/local/lib/python3.12/site-packages/celery/fixups/django.py", line 100, in on_import_modules
    self.worker_fixup.validate_models()
  File "/usr/local/lib/python3.12/site-packages/celery/fixups/django.py", line 138, in validate_models
    self.django_setup()
  File "/usr/local/lib/python3.12/site-packages/celery/fixups/django.py", line 134, in django_setup
    django.setup()
  File "/usr/local/lib/python3.12/site-packages/django/__init__.py", line 24, in setup
    apps.populate(settings.INSTALLED_APPS)
  File "/usr/local/lib/python3.12/site-packages/django/apps/registry.py", line 91, in populate
    app_config = AppConfig.create(entry)
                 ^^^^^^^^^^^^^^^^^^^^^^^
  File "/usr/local/lib/python3.12/site-packages/django/apps/config.py", line 193, in create
    import_module(entry)
  File "/usr/local/lib/python3.12/importlib/__init__.py", line 90, in import_module
    return _bootstrap._gcd_import(name[level:], package, level)
           ^^^^^^^^^^^^^^^^^^^^^^^^^^^^^^^^^^^^^^^^^^^^^^^^^^^^
  File "<frozen importlib._bootstrap>", line 1387, in _gcd_import
  File "<frozen importlib._bootstrap>", line 1360, in _find_and_load
  File "<frozen importlib._bootstrap>", line 1324, in _find_and_load_unlocked
ModuleNotFoundError: No module named 'monitoring'
2026-02-26 12:37:54,410 [ERROR] celery.utils.dispatch.signal: Signal handler <promise@0x794d26130cd0 --> <bound method Celery._autodiscover_tasks of <Celery pruebatecno at 0x794d263af8f0>>> raised: AppRegistryNotReady("Apps aren't loaded yet.") (/usr/local/lib/python3.12/site-packages/celery/utils/dispatch/signal.py:280)
Traceback (most recent call last):
  File "/usr/local/lib/python3.12/site-packages/celery/utils/dispatch/signal.py", line 276, in send
    response = receiver(signal=self, sender=sender, **named)
               ^^^^^^^^^^^^^^^^^^^^^^^^^^^^^^^^^^^^^^^^^^^^^
  File "/usr/local/lib/python3.12/site-packages/vine/promises.py", line 161, in __call__
    return self.throw()
           ^^^^^^^^^^^^
  File "/usr/local/lib/python3.12/site-packages/vine/promises.py", line 158, in __call__
    retval = fun(*final_args, **final_kwargs)
             ^^^^^^^^^^^^^^^^^^^^^^^^^^^^^^^^
  File "/usr/local/lib/python3.12/site-packages/celery/app/base.py", line 694, in _autodiscover_tasks
    return self._autodiscover_tasks_from_fixups(related_name)
           ^^^^^^^^^^^^^^^^^^^^^^^^^^^^^^^^^^^^^^^^^^^^^^^^^^
  File "/usr/local/lib/python3.12/site-packages/celery/app/base.py", line 706, in _autodiscover_tasks_from_fixups
    for pkg in fixup.autodiscover_tasks()
               ^^^^^^^^^^^^^^^^^^^^^^^^^^
  File "/usr/local/lib/python3.12/site-packages/celery/fixups/django.py", line 110, in autodiscover_tasks
    return [config.name for config in apps.get_app_configs()]
                                      ^^^^^^^^^^^^^^^^^^^^^^
  File "/usr/local/lib/python3.12/site-packages/django/apps/registry.py", line 147, in get_app_configs
    self.check_apps_ready()
  File "/usr/local/lib/python3.12/site-packages/django/apps/registry.py", line 138, in check_apps_ready
    raise AppRegistryNotReady("Apps aren't loaded yet.")
django.core.exceptions.AppRegistryNotReady: Apps aren't loaded yet.
2026-02-26 12:37:55,714 [ERROR] celery.utils.dispatch.signal: Signal handler <bound method DjangoFixup.on_import_modules of <celery.fixups.django.DjangoFixup object at 0x76379a02dee0>> raised: ModuleNotFoundError("No module named 'monitoring'") (/usr/local/lib/python3.12/site-packages/celery/utils/dispatch/signal.py:280)
Traceback (most recent call last):
  File "/usr/local/lib/python3.12/site-packages/celery/utils/dispatch/signal.py", line 276, in send
    response = receiver(signal=self, sender=sender, **named)
               ^^^^^^^^^^^^^^^^^^^^^^^^^^^^^^^^^^^^^^^^^^^^^
  File "/usr/local/lib/python3.12/site-packages/celery/fixups/django.py", line 100, in on_import_modules
    self.worker_fixup.validate_models()
  File "/usr/local/lib/python3.12/site-packages/celery/fixups/django.py", line 138, in validate_models
    self.django_setup()
  File "/usr/local/lib/python3.12/site-packages/celery/fixups/django.py", line 134, in django_setup
    django.setup()
  File "/usr/local/lib/python3.12/site-packages/django/__init__.py", line 24, in setup
    apps.populate(settings.INSTALLED_APPS)
  File "/usr/local/lib/python3.12/site-packages/django/apps/registry.py", line 91, in populate
    app_config = AppConfig.create(entry)
                 ^^^^^^^^^^^^^^^^^^^^^^^
  File "/usr/local/lib/python3.12/site-packages/django/apps/config.py", line 193, in create
    import_module(entry)
  File "/usr/local/lib/python3.12/importlib/__init__.py", line 90, in import_module
    return _bootstrap._gcd_import(name[level:], package, level)
           ^^^^^^^^^^^^^^^^^^^^^^^^^^^^^^^^^^^^^^^^^^^^^^^^^^^^
  File "<frozen importlib._bootstrap>", line 1387, in _gcd_import
  File "<frozen importlib._bootstrap>", line 1360, in _find_and_load
  File "<frozen importlib._bootstrap>", line 1324, in _find_and_load_unlocked
ModuleNotFoundError: No module named 'monitoring'
2026-02-26 12:37:55,715 [ERROR] celery.utils.dispatch.signal: Signal handler <promise@0x763799964cd0 --> <bound method Celery._autodiscover_tasks of <Celery pruebatecno at 0x76379a9008f0>>> raised: AppRegistryNotReady("Apps aren't loaded yet.") (/usr/local/lib/python3.12/site-packages/celery/utils/dispatch/signal.py:280)
Traceback (most recent call last):
  File "/usr/local/lib/python3.12/site-packages/celery/utils/dispatch/signal.py", line 276, in send
    response = receiver(signal=self, sender=sender, **named)
               ^^^^^^^^^^^^^^^^^^^^^^^^^^^^^^^^^^^^^^^^^^^^^
  File "/usr/local/lib/python3.12/site-packages/vine/promises.py", line 161, in __call__
    return self.throw()
           ^^^^^^^^^^^^
  File "/usr/local/lib/python3.12/site-packages/vine/promises.py", line 158, in __call__
    retval = fun(*final_args, **final_kwargs)
             ^^^^^^^^^^^^^^^^^^^^^^^^^^^^^^^^
  File "/usr/local/lib/python3.12/site-packages/celery/app/base.py", line 694, in _autodiscover_tasks
    return self._autodiscover_tasks_from_fixups(related_name)
           ^^^^^^^^^^^^^^^^^^^^^^^^^^^^^^^^^^^^^^^^^^^^^^^^^^
  File "/usr/local/lib/python3.12/site-packages/celery/app/base.py", line 706, in _autodiscover_tasks_from_fixups
    for pkg in fixup.autodiscover_tasks()
               ^^^^^^^^^^^^^^^^^^^^^^^^^^
  File "/usr/local/lib/python3.12/site-packages/celery/fixups/django.py", line 110, in autodiscover_tasks
    return [config.name for config in apps.get_app_configs()]
                                      ^^^^^^^^^^^^^^^^^^^^^^
  File "/usr/local/lib/python3.12/site-packages/django/apps/registry.py", line 147, in get_app_configs
    self.check_apps_ready()
  File "/usr/local/lib/python3.12/site-packages/django/apps/registry.py", line 138, in check_apps_ready
    raise AppRegistryNotReady("Apps aren't loaded yet.")
django.core.exceptions.AppRegistryNotReady: Apps aren't loaded yet.
2026-02-26 12:38:56,177 [ERROR] celery.utils.dispatch.signal: Signal handler <bound method DjangoFixup.on_import_modules of <celery.fixups.django.DjangoFixup object at 0x76aaa447d4f0>> raised: ModuleNotFoundError("No module named 'monitoring'") (/usr/local/lib/python3.12/site-packages/celery/utils/dispatch/signal.py:280)
Traceback (most recent call last):
  File "/usr/local/lib/python3.12/site-packages/celery/utils/dispatch/signal.py", line 276, in send
    response = receiver(signal=self, sender=sender, **named)
               ^^^^^^^^^^^^^^^^^^^^^^^^^^^^^^^^^^^^^^^^^^^^^
  File "/usr/local/lib/python3.12/site-packages/celery/fixups/django.py", line 100, in on_import_modules
    self.worker_fixup.validate_models()
  File "/usr/local/lib/python3.12/site-packages/celery/fixups/django.py", line 138, in validate_models
    self.django_setup()
  File "/usr/local/lib/python3.12/site-packages/celery/fixups/django.py", line 134, in django_setup
    django.setup()
  File "/usr/local/lib/python3.12/site-packages/django/__init__.py", line 24, in setup
    apps.populate(settings.INSTALLED_APPS)
  File "/usr/local/lib/python3.12/site-packages/django/apps/registry.py", line 91, in populate
    app_config = AppConfig.create(entry)
                 ^^^^^^^^^^^^^^^^^^^^^^^
  File "/usr/local/lib/python3.12/site-packages/django/apps/config.py", line 193, in create
    import_module(entry)
  File "/usr/local/lib/python3.12/importlib/__init__.py", line 90, in import_module
    return _bootstrap._gcd_import(name[level:], package, level)
           ^^^^^^^^^^^^^^^^^^^^^^^^^^^^^^^^^^^^^^^^^^^^^^^^^^^^
  File "<frozen importlib._bootstrap>", line 1387, in _gcd_import
  File "<frozen importlib._bootstrap>", line 1360, in _find_and_load
  File "<frozen importlib._bootstrap>", line 1324, in _find_and_load_unlocked
ModuleNotFoundError: No module named 'monitoring'
2026-02-26 12:38:56,179 [ERROR] celery.utils.dispatch.signal: Signal handler <promise@0x76aaa43f8cd0 --> <bound method Celery._autodiscover_tasks of <Celery pruebatecno at 0x76aaa447c6b0>>> raised: AppRegistryNotReady("Apps aren't loaded yet.") (/usr/local/lib/python3.12/site-packages/celery/utils/dispatch/signal.py:280)
Traceback (most recent call last):
  File "/usr/local/lib/python3.12/site-packages/celery/utils/dispatch/signal.py", line 276, in send
    response = receiver(signal=self, sender=sender, **named)
               ^^^^^^^^^^^^^^^^^^^^^^^^^^^^^^^^^^^^^^^^^^^^^
  File "/usr/local/lib/python3.12/site-packages/vine/promises.py", line 161, in __call__
    return self.throw()
           ^^^^^^^^^^^^
  File "/usr/local/lib/python3.12/site-packages/vine/promises.py", line 158, in __call__
    retval = fun(*final_args, **final_kwargs)
             ^^^^^^^^^^^^^^^^^^^^^^^^^^^^^^^^
  File "/usr/local/lib/python3.12/site-packages/celery/app/base.py", line 694, in _autodiscover_tasks
    return self._autodiscover_tasks_from_fixups(related_name)
           ^^^^^^^^^^^^^^^^^^^^^^^^^^^^^^^^^^^^^^^^^^^^^^^^^^
  File "/usr/local/lib/python3.12/site-packages/celery/app/base.py", line 706, in _autodiscover_tasks_from_fixups
    for pkg in fixup.autodiscover_tasks()
               ^^^^^^^^^^^^^^^^^^^^^^^^^^
  File "/usr/local/lib/python3.12/site-packages/celery/fixups/django.py", line 110, in autodiscover_tasks
    return [config.name for config in apps.get_app_configs()]
                                      ^^^^^^^^^^^^^^^^^^^^^^
  File "/usr/local/lib/python3.12/site-packages/django/apps/registry.py", line 147, in get_app_configs
    self.check_apps_ready()
  File "/usr/local/lib/python3.12/site-packages/django/apps/registry.py", line 138, in check_apps_ready
    raise AppRegistryNotReady("Apps aren't loaded yet.")
django.core.exceptions.AppRegistryNotReady: Apps aren't loaded yet.
2026-02-26 12:38:57,306 [ERROR] celery.utils.dispatch.signal: Signal handler <bound method DjangoFixup.on_import_modules of <celery.fixups.django.DjangoFixup object at 0x74355c151c40>> raised: ModuleNotFoundError("No module named 'monitoring'") (/usr/local/lib/python3.12/site-packages/celery/utils/dispatch/signal.py:280)
Traceback (most recent call last):
  File "/usr/local/lib/python3.12/site-packages/celery/utils/dispatch/signal.py", line 276, in send
    response = receiver(signal=self, sender=sender, **named)
               ^^^^^^^^^^^^^^^^^^^^^^^^^^^^^^^^^^^^^^^^^^^^^
  File "/usr/local/lib/python3.12/site-packages/celery/fixups/django.py", line 100, in on_import_modules
    self.worker_fixup.validate_models()
  File "/usr/local/lib/python3.12/site-packages/celery/fixups/django.py", line 138, in validate_models
    self.django_setup()
  File "/usr/local/lib/python3.12/site-packages/celery/fixups/django.py", line 134, in django_setup
    django.setup()
  File "/usr/local/lib/python3.12/site-packages/django/__init__.py", line 24, in setup
    apps.populate(settings.INSTALLED_APPS)
  File "/usr/local/lib/python3.12/site-packages/django/apps/registry.py", line 91, in populate
    app_config = AppConfig.create(entry)
                 ^^^^^^^^^^^^^^^^^^^^^^^
  File "/usr/local/lib/python3.12/site-packages/django/apps/config.py", line 193, in create
    import_module(entry)
  File "/usr/local/lib/python3.12/importlib/__init__.py", line 90, in import_module
    return _bootstrap._gcd_import(name[level:], package, level)
           ^^^^^^^^^^^^^^^^^^^^^^^^^^^^^^^^^^^^^^^^^^^^^^^^^^^^
  File "<frozen importlib._bootstrap>", line 1387, in _gcd_import
  File "<frozen importlib._bootstrap>", line 1360, in _find_and_load
  File "<frozen importlib._bootstrap>", line 1324, in _find_and_load_unlocked
ModuleNotFoundError: No module named 'monitoring'
2026-02-26 12:38:57,308 [ERROR] celery.utils.dispatch.signal: Signal handler <promise@0x74355a79ccd0 --> <bound method Celery._autodiscover_tasks of <Celery pruebatecno at 0x74355aa1fa70>>> raised: AppRegistryNotReady("Apps aren't loaded yet.") (/usr/local/lib/python3.12/site-packages/celery/utils/dispatch/signal.py:280)
Traceback (most recent call last):
  File "/usr/local/lib/python3.12/site-packages/celery/utils/dispatch/signal.py", line 276, in send
    response = receiver(signal=self, sender=sender, **named)
               ^^^^^^^^^^^^^^^^^^^^^^^^^^^^^^^^^^^^^^^^^^^^^
  File "/usr/local/lib/python3.12/site-packages/vine/promises.py", line 161, in __call__
    return self.throw()
           ^^^^^^^^^^^^
  File "/usr/local/lib/python3.12/site-packages/vine/promises.py", line 158, in __call__
    retval = fun(*final_args, **final_kwargs)
             ^^^^^^^^^^^^^^^^^^^^^^^^^^^^^^^^
  File "/usr/local/lib/python3.12/site-packages/celery/app/base.py", line 694, in _autodiscover_tasks
    return self._autodiscover_tasks_from_fixups(related_name)
           ^^^^^^^^^^^^^^^^^^^^^^^^^^^^^^^^^^^^^^^^^^^^^^^^^^
  File "/usr/local/lib/python3.12/site-packages/celery/app/base.py", line 706, in _autodiscover_tasks_from_fixups
    for pkg in fixup.autodiscover_tasks()
               ^^^^^^^^^^^^^^^^^^^^^^^^^^
  File "/usr/local/lib/python3.12/site-packages/celery/fixups/django.py", line 110, in autodiscover_tasks
    return [config.name for config in apps.get_app_configs()]
                                      ^^^^^^^^^^^^^^^^^^^^^^
  File "/usr/local/lib/python3.12/site-packages/django/apps/registry.py", line 147, in get_app_configs
    self.check_apps_ready()
  File "/usr/local/lib/python3.12/site-packages/django/apps/registry.py", line 138, in check_apps_ready
    raise AppRegistryNotReady("Apps aren't loaded yet.")
django.core.exceptions.AppRegistryNotReady: Apps aren't loaded yet.
2026-02-26 12:39:57,783 [ERROR] celery.utils.dispatch.signal: Signal handler <bound method DjangoFixup.on_import_modules of <celery.fixups.django.DjangoFixup object at 0x70f9c8dc27e0>> raised: ModuleNotFoundError("No module named 'monitoring'") (/usr/local/lib/python3.12/site-packages/celery/utils/dispatch/signal.py:280)
Traceback (most recent call last):
  File "/usr/local/lib/python3.12/site-packages/celery/utils/dispatch/signal.py", line 276, in send
    response = receiver(signal=self, sender=sender, **named)
               ^^^^^^^^^^^^^^^^^^^^^^^^^^^^^^^^^^^^^^^^^^^^^
  File "/usr/local/lib/python3.12/site-packages/celery/fixups/django.py", line 100, in on_import_modules
    self.worker_fixup.validate_models()
  File "/usr/local/lib/python3.12/site-packages/celery/fixups/django.py", line 138, in validate_models
    self.django_setup()
  File "/usr/local/lib/python3.12/site-packages/celery/fixups/django.py", line 134, in django_setup
    django.setup()
  File "/usr/local/lib/python3.12/site-packages/django/__init__.py", line 24, in setup
    apps.populate(settings.INSTALLED_APPS)
  File "/usr/local/lib/python3.12/site-packages/django/apps/registry.py", line 91, in populate
    app_config = AppConfig.create(entry)
                 ^^^^^^^^^^^^^^^^^^^^^^^
  File "/usr/local/lib/python3.12/site-packages/django/apps/config.py", line 193, in create
    import_module(entry)
  File "/usr/local/lib/python3.12/importlib/__init__.py", line 90, in import_module
    return _bootstrap._gcd_import(name[level:], package, level)
           ^^^^^^^^^^^^^^^^^^^^^^^^^^^^^^^^^^^^^^^^^^^^^^^^^^^^
  File "<frozen importlib._bootstrap>", line 1387, in _gcd_import
  File "<frozen importlib._bootstrap>", line 1360, in _find_and_load
  File "<frozen importlib._bootstrap>", line 1324, in _find_and_load_unlocked
ModuleNotFoundError: No module named 'monitoring'
2026-02-26 12:39:57,785 [ERROR] celery.utils.dispatch.signal: Signal handler <promise@0x70f9c87d0cd0 --> <bound method Celery._autodiscover_tasks of <Celery pruebatecno at 0x70f9c8857b60>>> raised: AppRegistryNotReady("Apps aren't loaded yet.") (/usr/local/lib/python3.12/site-packages/celery/utils/dispatch/signal.py:280)
Traceback (most recent call last):
  File "/usr/local/lib/python3.12/site-packages/celery/utils/dispatch/signal.py", line 276, in send
    response = receiver(signal=self, sender=sender, **named)
               ^^^^^^^^^^^^^^^^^^^^^^^^^^^^^^^^^^^^^^^^^^^^^
  File "/usr/local/lib/python3.12/site-packages/vine/promises.py", line 161, in __call__
    return self.throw()
           ^^^^^^^^^^^^
  File "/usr/local/lib/python3.12/site-packages/vine/promises.py", line 158, in __call__
    retval = fun(*final_args, **final_kwargs)
             ^^^^^^^^^^^^^^^^^^^^^^^^^^^^^^^^
  File "/usr/local/lib/python3.12/site-packages/celery/app/base.py", line 694, in _autodiscover_tasks
    return self._autodiscover_tasks_from_fixups(related_name)
           ^^^^^^^^^^^^^^^^^^^^^^^^^^^^^^^^^^^^^^^^^^^^^^^^^^
  File "/usr/local/lib/python3.12/site-packages/celery/app/base.py", line 706, in _autodiscover_tasks_from_fixups
    for pkg in fixup.autodiscover_tasks()
               ^^^^^^^^^^^^^^^^^^^^^^^^^^
  File "/usr/local/lib/python3.12/site-packages/celery/fixups/django.py", line 110, in autodiscover_tasks
    return [config.name for config in apps.get_app_configs()]
                                      ^^^^^^^^^^^^^^^^^^^^^^
  File "/usr/local/lib/python3.12/site-packages/django/apps/registry.py", line 147, in get_app_configs
    self.check_apps_ready()
  File "/usr/local/lib/python3.12/site-packages/django/apps/registry.py", line 138, in check_apps_ready
    raise AppRegistryNotReady("Apps aren't loaded yet.")
django.core.exceptions.AppRegistryNotReady: Apps aren't loaded yet.
2026-02-26 12:39:58,981 [ERROR] celery.utils.dispatch.signal: Signal handler <bound method DjangoFixup.on_import_modules of <celery.fixups.django.DjangoFixup object at 0x7913665d0c80>> raised: ModuleNotFoundError("No module named 'monitoring'") (/usr/local/lib/python3.12/site-packages/celery/utils/dispatch/signal.py:280)
Traceback (most recent call last):
  File "/usr/local/lib/python3.12/site-packages/celery/utils/dispatch/signal.py", line 276, in send
    response = receiver(signal=self, sender=sender, **named)
               ^^^^^^^^^^^^^^^^^^^^^^^^^^^^^^^^^^^^^^^^^^^^^
  File "/usr/local/lib/python3.12/site-packages/celery/fixups/django.py", line 100, in on_import_modules
    self.worker_fixup.validate_models()
  File "/usr/local/lib/python3.12/site-packages/celery/fixups/django.py", line 138, in validate_models
    self.django_setup()
  File "/usr/local/lib/python3.12/site-packages/celery/fixups/django.py", line 134, in django_setup
    django.setup()
  File "/usr/local/lib/python3.12/site-packages/django/__init__.py", line 24, in setup
    apps.populate(settings.INSTALLED_APPS)
  File "/usr/local/lib/python3.12/site-packages/django/apps/registry.py", line 91, in populate
    app_config = AppConfig.create(entry)
                 ^^^^^^^^^^^^^^^^^^^^^^^
  File "/usr/local/lib/python3.12/site-packages/django/apps/config.py", line 193, in create
    import_module(entry)
  File "/usr/local/lib/python3.12/importlib/__init__.py", line 90, in import_module
    return _bootstrap._gcd_import(name[level:], package, level)
           ^^^^^^^^^^^^^^^^^^^^^^^^^^^^^^^^^^^^^^^^^^^^^^^^^^^^
  File "<frozen importlib._bootstrap>", line 1387, in _gcd_import
  File "<frozen importlib._bootstrap>", line 1360, in _find_and_load
  File "<frozen importlib._bootstrap>", line 1324, in _find_and_load_unlocked
ModuleNotFoundError: No module named 'monitoring'
2026-02-26 12:39:58,983 [ERROR] celery.utils.dispatch.signal: Signal handler <promise@0x791366348cd0 --> <bound method Celery._autodiscover_tasks of <Celery pruebatecno at 0x7913665cfd40>>> raised: AppRegistryNotReady("Apps aren't loaded yet.") (/usr/local/lib/python3.12/site-packages/celery/utils/dispatch/signal.py:280)
Traceback (most recent call last):
  File "/usr/local/lib/python3.12/site-packages/celery/utils/dispatch/signal.py", line 276, in send
    response = receiver(signal=self, sender=sender, **named)
               ^^^^^^^^^^^^^^^^^^^^^^^^^^^^^^^^^^^^^^^^^^^^^
  File "/usr/local/lib/python3.12/site-packages/vine/promises.py", line 161, in __call__
    return self.throw()
           ^^^^^^^^^^^^
  File "/usr/local/lib/python3.12/site-packages/vine/promises.py", line 158, in __call__
    retval = fun(*final_args, **final_kwargs)
             ^^^^^^^^^^^^^^^^^^^^^^^^^^^^^^^^
  File "/usr/local/lib/python3.12/site-packages/celery/app/base.py", line 694, in _autodiscover_tasks
    return self._autodiscover_tasks_from_fixups(related_name)
           ^^^^^^^^^^^^^^^^^^^^^^^^^^^^^^^^^^^^^^^^^^^^^^^^^^
  File "/usr/local/lib/python3.12/site-packages/celery/app/base.py", line 706, in _autodiscover_tasks_from_fixups
    for pkg in fixup.autodiscover_tasks()
               ^^^^^^^^^^^^^^^^^^^^^^^^^^
  File "/usr/local/lib/python3.12/site-packages/celery/fixups/django.py", line 110, in autodiscover_tasks
    return [config.name for config in apps.get_app_configs()]
                                      ^^^^^^^^^^^^^^^^^^^^^^
  File "/usr/local/lib/python3.12/site-packages/django/apps/registry.py", line 147, in get_app_configs
    self.check_apps_ready()
  File "/usr/local/lib/python3.12/site-packages/django/apps/registry.py", line 138, in check_apps_ready
    raise AppRegistryNotReady("Apps aren't loaded yet.")
django.core.exceptions.AppRegistryNotReady: Apps aren't loaded yet.
2026-02-26 12:40:59,384 [ERROR] celery.utils.dispatch.signal: Signal handler <bound method DjangoFixup.on_import_modules of <celery.fixups.django.DjangoFixup object at 0x740805364920>> raised: ModuleNotFoundError("No module named 'monitoring'") (/usr/local/lib/python3.12/site-packages/celery/utils/dispatch/signal.py:280)
Traceback (most recent call last):
  File "/usr/local/lib/python3.12/site-packages/celery/utils/dispatch/signal.py", line 276, in send
    response = receiver(signal=self, sender=sender, **named)
               ^^^^^^^^^^^^^^^^^^^^^^^^^^^^^^^^^^^^^^^^^^^^^
  File "/usr/local/lib/python3.12/site-packages/celery/fixups/django.py", line 100, in on_import_modules
    self.worker_fixup.validate_models()
  File "/usr/local/lib/python3.12/site-packages/celery/fixups/django.py", line 138, in validate_models
    self.django_setup()
  File "/usr/local/lib/python3.12/site-packages/celery/fixups/django.py", line 134, in django_setup
    django.setup()
  File "/usr/local/lib/python3.12/site-packages/django/__init__.py", line 24, in setup
    apps.populate(settings.INSTALLED_APPS)
  File "/usr/local/lib/python3.12/site-packages/django/apps/registry.py", line 91, in populate
    app_config = AppConfig.create(entry)
                 ^^^^^^^^^^^^^^^^^^^^^^^
  File "/usr/local/lib/python3.12/site-packages/django/apps/config.py", line 193, in create
    import_module(entry)
  File "/usr/local/lib/python3.12/importlib/__init__.py", line 90, in import_module
    return _bootstrap._gcd_import(name[level:], package, level)
           ^^^^^^^^^^^^^^^^^^^^^^^^^^^^^^^^^^^^^^^^^^^^^^^^^^^^
  File "<frozen importlib._bootstrap>", line 1387, in _gcd_import
  File "<frozen importlib._bootstrap>", line 1360, in _find_and_load
  File "<frozen importlib._bootstrap>", line 1324, in _find_and_load_unlocked
ModuleNotFoundError: No module named 'monitoring'
2026-02-26 12:40:59,387 [ERROR] celery.utils.dispatch.signal: Signal handler <promise@0x7408050dccd0 --> <bound method Celery._autodiscover_tasks of <Celery pruebatecno at 0x740805363e30>>> raised: AppRegistryNotReady("Apps aren't loaded yet.") (/usr/local/lib/python3.12/site-packages/celery/utils/dispatch/signal.py:280)
Traceback (most recent call last):
  File "/usr/local/lib/python3.12/site-packages/celery/utils/dispatch/signal.py", line 276, in send
    response = receiver(signal=self, sender=sender, **named)
               ^^^^^^^^^^^^^^^^^^^^^^^^^^^^^^^^^^^^^^^^^^^^^
  File "/usr/local/lib/python3.12/site-packages/vine/promises.py", line 161, in __call__
    return self.throw()
           ^^^^^^^^^^^^
  File "/usr/local/lib/python3.12/site-packages/vine/promises.py", line 158, in __call__
    retval = fun(*final_args, **final_kwargs)
             ^^^^^^^^^^^^^^^^^^^^^^^^^^^^^^^^
  File "/usr/local/lib/python3.12/site-packages/celery/app/base.py", line 694, in _autodiscover_tasks
    return self._autodiscover_tasks_from_fixups(related_name)
           ^^^^^^^^^^^^^^^^^^^^^^^^^^^^^^^^^^^^^^^^^^^^^^^^^^
  File "/usr/local/lib/python3.12/site-packages/celery/app/base.py", line 706, in _autodiscover_tasks_from_fixups
    for pkg in fixup.autodiscover_tasks()
               ^^^^^^^^^^^^^^^^^^^^^^^^^^
  File "/usr/local/lib/python3.12/site-packages/celery/fixups/django.py", line 110, in autodiscover_tasks
    return [config.name for config in apps.get_app_configs()]
                                      ^^^^^^^^^^^^^^^^^^^^^^
  File "/usr/local/lib/python3.12/site-packages/django/apps/registry.py", line 147, in get_app_configs
    self.check_apps_ready()
  File "/usr/local/lib/python3.12/site-packages/django/apps/registry.py", line 138, in check_apps_ready
    raise AppRegistryNotReady("Apps aren't loaded yet.")
django.core.exceptions.AppRegistryNotReady: Apps aren't loaded yet.
2026-02-26 12:41:00,645 [ERROR] celery.utils.dispatch.signal: Signal handler <bound method DjangoFixup.on_import_modules of <celery.fixups.django.DjangoFixup object at 0x71c4e94dc1a0>> raised: ModuleNotFoundError("No module named 'monitoring'") (/usr/local/lib/python3.12/site-packages/celery/utils/dispatch/signal.py:280)
Traceback (most recent call last):
  File "/usr/local/lib/python3.12/site-packages/celery/utils/dispatch/signal.py", line 276, in send
    response = receiver(signal=self, sender=sender, **named)
               ^^^^^^^^^^^^^^^^^^^^^^^^^^^^^^^^^^^^^^^^^^^^^
  File "/usr/local/lib/python3.12/site-packages/celery/fixups/django.py", line 100, in on_import_modules
    self.worker_fixup.validate_models()
  File "/usr/local/lib/python3.12/site-packages/celery/fixups/django.py", line 138, in validate_models
    self.django_setup()
  File "/usr/local/lib/python3.12/site-packages/celery/fixups/django.py", line 134, in django_setup
    django.setup()
  File "/usr/local/lib/python3.12/site-packages/django/__init__.py", line 24, in setup
    apps.populate(settings.INSTALLED_APPS)
  File "/usr/local/lib/python3.12/site-packages/django/apps/registry.py", line 91, in populate
    app_config = AppConfig.create(entry)
                 ^^^^^^^^^^^^^^^^^^^^^^^
  File "/usr/local/lib/python3.12/site-packages/django/apps/config.py", line 193, in create
    import_module(entry)
  File "/usr/local/lib/python3.12/importlib/__init__.py", line 90, in import_module
    return _bootstrap._gcd_import(name[level:], package, level)
           ^^^^^^^^^^^^^^^^^^^^^^^^^^^^^^^^^^^^^^^^^^^^^^^^^^^^
  File "<frozen importlib._bootstrap>", line 1387, in _gcd_import
  File "<frozen importlib._bootstrap>", line 1360, in _find_and_load
  File "<frozen importlib._bootstrap>", line 1324, in _find_and_load_unlocked
ModuleNotFoundError: No module named 'monitoring'
2026-02-26 12:41:00,646 [ERROR] celery.utils.dispatch.signal: Signal handler <promise@0x71c4e925ccd0 --> <bound method Celery._autodiscover_tasks of <Celery pruebatecno at 0x71c4e958c1d0>>> raised: AppRegistryNotReady("Apps aren't loaded yet.") (/usr/local/lib/python3.12/site-packages/celery/utils/dispatch/signal.py:280)
Traceback (most recent call last):
  File "/usr/local/lib/python3.12/site-packages/celery/utils/dispatch/signal.py", line 276, in send
    response = receiver(signal=self, sender=sender, **named)
               ^^^^^^^^^^^^^^^^^^^^^^^^^^^^^^^^^^^^^^^^^^^^^
  File "/usr/local/lib/python3.12/site-packages/vine/promises.py", line 161, in __call__
    return self.throw()
           ^^^^^^^^^^^^
  File "/usr/local/lib/python3.12/site-packages/vine/promises.py", line 158, in __call__
    retval = fun(*final_args, **final_kwargs)
             ^^^^^^^^^^^^^^^^^^^^^^^^^^^^^^^^
  File "/usr/local/lib/python3.12/site-packages/celery/app/base.py", line 694, in _autodiscover_tasks
    return self._autodiscover_tasks_from_fixups(related_name)
           ^^^^^^^^^^^^^^^^^^^^^^^^^^^^^^^^^^^^^^^^^^^^^^^^^^
  File "/usr/local/lib/python3.12/site-packages/celery/app/base.py", line 706, in _autodiscover_tasks_from_fixups
    for pkg in fixup.autodiscover_tasks()
               ^^^^^^^^^^^^^^^^^^^^^^^^^^
  File "/usr/local/lib/python3.12/site-packages/celery/fixups/django.py", line 110, in autodiscover_tasks
    return [config.name for config in apps.get_app_configs()]
                                      ^^^^^^^^^^^^^^^^^^^^^^
  File "/usr/local/lib/python3.12/site-packages/django/apps/registry.py", line 147, in get_app_configs
    self.check_apps_ready()
  File "/usr/local/lib/python3.12/site-packages/django/apps/registry.py", line 138, in check_apps_ready
    raise AppRegistryNotReady("Apps aren't loaded yet.")
django.core.exceptions.AppRegistryNotReady: Apps aren't loaded yet.
2026-02-26 12:42:00,953 [ERROR] celery.utils.dispatch.signal: Signal handler <bound method DjangoFixup.on_import_modules of <celery.fixups.django.DjangoFixup object at 0x70a8fb224920>> raised: ModuleNotFoundError("No module named 'monitoring'") (/usr/local/lib/python3.12/site-packages/celery/utils/dispatch/signal.py:280)
Traceback (most recent call last):
  File "/usr/local/lib/python3.12/site-packages/celery/utils/dispatch/signal.py", line 276, in send
    response = receiver(signal=self, sender=sender, **named)
               ^^^^^^^^^^^^^^^^^^^^^^^^^^^^^^^^^^^^^^^^^^^^^
  File "/usr/local/lib/python3.12/site-packages/celery/fixups/django.py", line 100, in on_import_modules
    self.worker_fixup.validate_models()
  File "/usr/local/lib/python3.12/site-packages/celery/fixups/django.py", line 138, in validate_models
    self.django_setup()
  File "/usr/local/lib/python3.12/site-packages/celery/fixups/django.py", line 134, in django_setup
    django.setup()
  File "/usr/local/lib/python3.12/site-packages/django/__init__.py", line 24, in setup
    apps.populate(settings.INSTALLED_APPS)
  File "/usr/local/lib/python3.12/site-packages/django/apps/registry.py", line 91, in populate
    app_config = AppConfig.create(entry)
                 ^^^^^^^^^^^^^^^^^^^^^^^
  File "/usr/local/lib/python3.12/site-packages/django/apps/config.py", line 193, in create
    import_module(entry)
  File "/usr/local/lib/python3.12/importlib/__init__.py", line 90, in import_module
    return _bootstrap._gcd_import(name[level:], package, level)
           ^^^^^^^^^^^^^^^^^^^^^^^^^^^^^^^^^^^^^^^^^^^^^^^^^^^^
  File "<frozen importlib._bootstrap>", line 1387, in _gcd_import
  File "<frozen importlib._bootstrap>", line 1360, in _find_and_load
  File "<frozen importlib._bootstrap>", line 1324, in _find_and_load_unlocked
ModuleNotFoundError: No module named 'monitoring'
2026-02-26 12:42:00,955 [ERROR] celery.utils.dispatch.signal: Signal handler <promise@0x70a8faf9ccd0 --> <bound method Celery._autodiscover_tasks of <Celery pruebatecno at 0x70a8fb2237d0>>> raised: AppRegistryNotReady("Apps aren't loaded yet.") (/usr/local/lib/python3.12/site-packages/celery/utils/dispatch/signal.py:280)
Traceback (most recent call last):
  File "/usr/local/lib/python3.12/site-packages/celery/utils/dispatch/signal.py", line 276, in send
    response = receiver(signal=self, sender=sender, **named)
               ^^^^^^^^^^^^^^^^^^^^^^^^^^^^^^^^^^^^^^^^^^^^^
  File "/usr/local/lib/python3.12/site-packages/vine/promises.py", line 161, in __call__
    return self.throw()
           ^^^^^^^^^^^^
  File "/usr/local/lib/python3.12/site-packages/vine/promises.py", line 158, in __call__
    retval = fun(*final_args, **final_kwargs)
             ^^^^^^^^^^^^^^^^^^^^^^^^^^^^^^^^
  File "/usr/local/lib/python3.12/site-packages/celery/app/base.py", line 694, in _autodiscover_tasks
    return self._autodiscover_tasks_from_fixups(related_name)
           ^^^^^^^^^^^^^^^^^^^^^^^^^^^^^^^^^^^^^^^^^^^^^^^^^^
  File "/usr/local/lib/python3.12/site-packages/celery/app/base.py", line 706, in _autodiscover_tasks_from_fixups
    for pkg in fixup.autodiscover_tasks()
               ^^^^^^^^^^^^^^^^^^^^^^^^^^
  File "/usr/local/lib/python3.12/site-packages/celery/fixups/django.py", line 110, in autodiscover_tasks
    return [config.name for config in apps.get_app_configs()]
                                      ^^^^^^^^^^^^^^^^^^^^^^
  File "/usr/local/lib/python3.12/site-packages/django/apps/registry.py", line 147, in get_app_configs
    self.check_apps_ready()
  File "/usr/local/lib/python3.12/site-packages/django/apps/registry.py", line 138, in check_apps_ready
    raise AppRegistryNotReady("Apps aren't loaded yet.")
django.core.exceptions.AppRegistryNotReady: Apps aren't loaded yet.
2026-02-26 12:42:02,270 [ERROR] celery.utils.dispatch.signal: Signal handler <bound method DjangoFixup.on_import_modules of <celery.fixups.django.DjangoFixup object at 0x70bf67d893a0>> raised: ModuleNotFoundError("No module named 'monitoring'") (/usr/local/lib/python3.12/site-packages/celery/utils/dispatch/signal.py:280)
Traceback (most recent call last):
  File "/usr/local/lib/python3.12/site-packages/celery/utils/dispatch/signal.py", line 276, in send
    response = receiver(signal=self, sender=sender, **named)
               ^^^^^^^^^^^^^^^^^^^^^^^^^^^^^^^^^^^^^^^^^^^^^
  File "/usr/local/lib/python3.12/site-packages/celery/fixups/django.py", line 100, in on_import_modules
    self.worker_fixup.validate_models()
  File "/usr/local/lib/python3.12/site-packages/celery/fixups/django.py", line 138, in validate_models
    self.django_setup()
  File "/usr/local/lib/python3.12/site-packages/celery/fixups/django.py", line 134, in django_setup
    django.setup()
  File "/usr/local/lib/python3.12/site-packages/django/__init__.py", line 24, in setup
    apps.populate(settings.INSTALLED_APPS)
  File "/usr/local/lib/python3.12/site-packages/django/apps/registry.py", line 91, in populate
    app_config = AppConfig.create(entry)
                 ^^^^^^^^^^^^^^^^^^^^^^^
  File "/usr/local/lib/python3.12/site-packages/django/apps/config.py", line 193, in create
    import_module(entry)
  File "/usr/local/lib/python3.12/importlib/__init__.py", line 90, in import_module
    return _bootstrap._gcd_import(name[level:], package, level)
           ^^^^^^^^^^^^^^^^^^^^^^^^^^^^^^^^^^^^^^^^^^^^^^^^^^^^
  File "<frozen importlib._bootstrap>", line 1387, in _gcd_import
  File "<frozen importlib._bootstrap>", line 1360, in _find_and_load
  File "<frozen importlib._bootstrap>", line 1324, in _find_and_load_unlocked
ModuleNotFoundError: No module named 'monitoring'
2026-02-26 12:42:02,272 [ERROR] celery.utils.dispatch.signal: Signal handler <promise@0x70bf66b04cd0 --> <bound method Celery._autodiscover_tasks of <Celery pruebatecno at 0x70bf66d846e0>>> raised: AppRegistryNotReady("Apps aren't loaded yet.") (/usr/local/lib/python3.12/site-packages/celery/utils/dispatch/signal.py:280)
Traceback (most recent call last):
  File "/usr/local/lib/python3.12/site-packages/celery/utils/dispatch/signal.py", line 276, in send
    response = receiver(signal=self, sender=sender, **named)
               ^^^^^^^^^^^^^^^^^^^^^^^^^^^^^^^^^^^^^^^^^^^^^
  File "/usr/local/lib/python3.12/site-packages/vine/promises.py", line 161, in __call__
    return self.throw()
           ^^^^^^^^^^^^
  File "/usr/local/lib/python3.12/site-packages/vine/promises.py", line 158, in __call__
    retval = fun(*final_args, **final_kwargs)
             ^^^^^^^^^^^^^^^^^^^^^^^^^^^^^^^^
  File "/usr/local/lib/python3.12/site-packages/celery/app/base.py", line 694, in _autodiscover_tasks
    return self._autodiscover_tasks_from_fixups(related_name)
           ^^^^^^^^^^^^^^^^^^^^^^^^^^^^^^^^^^^^^^^^^^^^^^^^^^
  File "/usr/local/lib/python3.12/site-packages/celery/app/base.py", line 706, in _autodiscover_tasks_from_fixups
    for pkg in fixup.autodiscover_tasks()
               ^^^^^^^^^^^^^^^^^^^^^^^^^^
  File "/usr/local/lib/python3.12/site-packages/celery/fixups/django.py", line 110, in autodiscover_tasks
    return [config.name for config in apps.get_app_configs()]
                                      ^^^^^^^^^^^^^^^^^^^^^^
  File "/usr/local/lib/python3.12/site-packages/django/apps/registry.py", line 147, in get_app_configs
    self.check_apps_ready()
  File "/usr/local/lib/python3.12/site-packages/django/apps/registry.py", line 138, in check_apps_ready
    raise AppRegistryNotReady("Apps aren't loaded yet.")
django.core.exceptions.AppRegistryNotReady: Apps aren't loaded yet.
2026-02-26 12:43:02,511 [ERROR] celery.utils.dispatch.signal: Signal handler <bound method DjangoFixup.on_import_modules of <celery.fixups.django.DjangoFixup object at 0x7a2e58521520>> raised: ModuleNotFoundError("No module named 'monitoring'") (/usr/local/lib/python3.12/site-packages/celery/utils/dispatch/signal.py:280)
Traceback (most recent call last):
  File "/usr/local/lib/python3.12/site-packages/celery/utils/dispatch/signal.py", line 276, in send
    response = receiver(signal=self, sender=sender, **named)
               ^^^^^^^^^^^^^^^^^^^^^^^^^^^^^^^^^^^^^^^^^^^^^
  File "/usr/local/lib/python3.12/site-packages/celery/fixups/django.py", line 100, in on_import_modules
    self.worker_fixup.validate_models()
  File "/usr/local/lib/python3.12/site-packages/celery/fixups/django.py", line 138, in validate_models
    self.django_setup()
  File "/usr/local/lib/python3.12/site-packages/celery/fixups/django.py", line 134, in django_setup
    django.setup()
  File "/usr/local/lib/python3.12/site-packages/django/__init__.py", line 24, in setup
    apps.populate(settings.INSTALLED_APPS)
  File "/usr/local/lib/python3.12/site-packages/django/apps/registry.py", line 91, in populate
    app_config = AppConfig.create(entry)
                 ^^^^^^^^^^^^^^^^^^^^^^^
  File "/usr/local/lib/python3.12/site-packages/django/apps/config.py", line 193, in create
    import_module(entry)
  File "/usr/local/lib/python3.12/importlib/__init__.py", line 90, in import_module
    return _bootstrap._gcd_import(name[level:], package, level)
           ^^^^^^^^^^^^^^^^^^^^^^^^^^^^^^^^^^^^^^^^^^^^^^^^^^^^
  File "<frozen importlib._bootstrap>", line 1387, in _gcd_import
  File "<frozen importlib._bootstrap>", line 1360, in _find_and_load
  File "<frozen importlib._bootstrap>", line 1324, in _find_and_load_unlocked
ModuleNotFoundError: No module named 'monitoring'
2026-02-26 12:43:02,513 [ERROR] celery.utils.dispatch.signal: Signal handler <promise@0x7a2e57974cd0 --> <bound method Celery._autodiscover_tasks of <Celery pruebatecno at 0x7a2e579fbf50>>> raised: AppRegistryNotReady("Apps aren't loaded yet.") (/usr/local/lib/python3.12/site-packages/celery/utils/dispatch/signal.py:280)
Traceback (most recent call last):
  File "/usr/local/lib/python3.12/site-packages/celery/utils/dispatch/signal.py", line 276, in send
    response = receiver(signal=self, sender=sender, **named)
               ^^^^^^^^^^^^^^^^^^^^^^^^^^^^^^^^^^^^^^^^^^^^^
  File "/usr/local/lib/python3.12/site-packages/vine/promises.py", line 161, in __call__
    return self.throw()
           ^^^^^^^^^^^^
  File "/usr/local/lib/python3.12/site-packages/vine/promises.py", line 158, in __call__
    retval = fun(*final_args, **final_kwargs)
             ^^^^^^^^^^^^^^^^^^^^^^^^^^^^^^^^
  File "/usr/local/lib/python3.12/site-packages/celery/app/base.py", line 694, in _autodiscover_tasks
    return self._autodiscover_tasks_from_fixups(related_name)
           ^^^^^^^^^^^^^^^^^^^^^^^^^^^^^^^^^^^^^^^^^^^^^^^^^^
  File "/usr/local/lib/python3.12/site-packages/celery/app/base.py", line 706, in _autodiscover_tasks_from_fixups
    for pkg in fixup.autodiscover_tasks()
               ^^^^^^^^^^^^^^^^^^^^^^^^^^
  File "/usr/local/lib/python3.12/site-packages/celery/fixups/django.py", line 110, in autodiscover_tasks
    return [config.name for config in apps.get_app_configs()]
                                      ^^^^^^^^^^^^^^^^^^^^^^
  File "/usr/local/lib/python3.12/site-packages/django/apps/registry.py", line 147, in get_app_configs
    self.check_apps_ready()
  File "/usr/local/lib/python3.12/site-packages/django/apps/registry.py", line 138, in check_apps_ready
    raise AppRegistryNotReady("Apps aren't loaded yet.")
django.core.exceptions.AppRegistryNotReady: Apps aren't loaded yet.
2026-02-26 12:43:03,909 [ERROR] celery.utils.dispatch.signal: Signal handler <bound method DjangoFixup.on_import_modules of <celery.fixups.django.DjangoFixup object at 0x7e27548481d0>> raised: ModuleNotFoundError("No module named 'monitoring'") (/usr/local/lib/python3.12/site-packages/celery/utils/dispatch/signal.py:280)
Traceback (most recent call last):
  File "/usr/local/lib/python3.12/site-packages/celery/utils/dispatch/signal.py", line 276, in send
    response = receiver(signal=self, sender=sender, **named)
               ^^^^^^^^^^^^^^^^^^^^^^^^^^^^^^^^^^^^^^^^^^^^^
  File "/usr/local/lib/python3.12/site-packages/celery/fixups/django.py", line 100, in on_import_modules
    self.worker_fixup.validate_models()
  File "/usr/local/lib/python3.12/site-packages/celery/fixups/django.py", line 138, in validate_models
    self.django_setup()
  File "/usr/local/lib/python3.12/site-packages/celery/fixups/django.py", line 134, in django_setup
    django.setup()
  File "/usr/local/lib/python3.12/site-packages/django/__init__.py", line 24, in setup
    apps.populate(settings.INSTALLED_APPS)
  File "/usr/local/lib/python3.12/site-packages/django/apps/registry.py", line 91, in populate
    app_config = AppConfig.create(entry)
                 ^^^^^^^^^^^^^^^^^^^^^^^
  File "/usr/local/lib/python3.12/site-packages/django/apps/config.py", line 193, in create
    import_module(entry)
  File "/usr/local/lib/python3.12/importlib/__init__.py", line 90, in import_module
    return _bootstrap._gcd_import(name[level:], package, level)
           ^^^^^^^^^^^^^^^^^^^^^^^^^^^^^^^^^^^^^^^^^^^^^^^^^^^^
  File "<frozen importlib._bootstrap>", line 1387, in _gcd_import
  File "<frozen importlib._bootstrap>", line 1360, in _find_and_load
  File "<frozen importlib._bootstrap>", line 1324, in _find_and_load_unlocked
ModuleNotFoundError: No module named 'monitoring'
2026-02-26 12:43:03,911 [ERROR] celery.utils.dispatch.signal: Signal handler <promise@0x7e27545c4cd0 --> <bound method Celery._autodiscover_tasks of <Celery pruebatecno at 0x7e2754c28560>>> raised: AppRegistryNotReady("Apps aren't loaded yet.") (/usr/local/lib/python3.12/site-packages/celery/utils/dispatch/signal.py:280)
Traceback (most recent call last):
  File "/usr/local/lib/python3.12/site-packages/celery/utils/dispatch/signal.py", line 276, in send
    response = receiver(signal=self, sender=sender, **named)
               ^^^^^^^^^^^^^^^^^^^^^^^^^^^^^^^^^^^^^^^^^^^^^
  File "/usr/local/lib/python3.12/site-packages/vine/promises.py", line 161, in __call__
    return self.throw()
           ^^^^^^^^^^^^
  File "/usr/local/lib/python3.12/site-packages/vine/promises.py", line 158, in __call__
    retval = fun(*final_args, **final_kwargs)
             ^^^^^^^^^^^^^^^^^^^^^^^^^^^^^^^^
  File "/usr/local/lib/python3.12/site-packages/celery/app/base.py", line 694, in _autodiscover_tasks
    return self._autodiscover_tasks_from_fixups(related_name)
           ^^^^^^^^^^^^^^^^^^^^^^^^^^^^^^^^^^^^^^^^^^^^^^^^^^
  File "/usr/local/lib/python3.12/site-packages/celery/app/base.py", line 706, in _autodiscover_tasks_from_fixups
    for pkg in fixup.autodiscover_tasks()
               ^^^^^^^^^^^^^^^^^^^^^^^^^^
  File "/usr/local/lib/python3.12/site-packages/celery/fixups/django.py", line 110, in autodiscover_tasks
    return [config.name for config in apps.get_app_configs()]
                                      ^^^^^^^^^^^^^^^^^^^^^^
  File "/usr/local/lib/python3.12/site-packages/django/apps/registry.py", line 147, in get_app_configs
    self.check_apps_ready()
  File "/usr/local/lib/python3.12/site-packages/django/apps/registry.py", line 138, in check_apps_ready
    raise AppRegistryNotReady("Apps aren't loaded yet.")
django.core.exceptions.AppRegistryNotReady: Apps aren't loaded yet.
2026-02-26 12:44:04,169 [ERROR] celery.utils.dispatch.signal: Signal handler <bound method DjangoFixup.on_import_modules of <celery.fixups.django.DjangoFixup object at 0x7cd78d634650>> raised: ModuleNotFoundError("No module named 'monitoring'") (/usr/local/lib/python3.12/site-packages/celery/utils/dispatch/signal.py:280)
Traceback (most recent call last):
  File "/usr/local/lib/python3.12/site-packages/celery/utils/dispatch/signal.py", line 276, in send
    response = receiver(signal=self, sender=sender, **named)
               ^^^^^^^^^^^^^^^^^^^^^^^^^^^^^^^^^^^^^^^^^^^^^
  File "/usr/local/lib/python3.12/site-packages/celery/fixups/django.py", line 100, in on_import_modules
    self.worker_fixup.validate_models()
  File "/usr/local/lib/python3.12/site-packages/celery/fixups/django.py", line 138, in validate_models
    self.django_setup()
  File "/usr/local/lib/python3.12/site-packages/celery/fixups/django.py", line 134, in django_setup
    django.setup()
  File "/usr/local/lib/python3.12/site-packages/django/__init__.py", line 24, in setup
    apps.populate(settings.INSTALLED_APPS)
  File "/usr/local/lib/python3.12/site-packages/django/apps/registry.py", line 91, in populate
    app_config = AppConfig.create(entry)
                 ^^^^^^^^^^^^^^^^^^^^^^^
  File "/usr/local/lib/python3.12/site-packages/django/apps/config.py", line 193, in create
    import_module(entry)
  File "/usr/local/lib/python3.12/importlib/__init__.py", line 90, in import_module
    return _bootstrap._gcd_import(name[level:], package, level)
           ^^^^^^^^^^^^^^^^^^^^^^^^^^^^^^^^^^^^^^^^^^^^^^^^^^^^
  File "<frozen importlib._bootstrap>", line 1387, in _gcd_import
  File "<frozen importlib._bootstrap>", line 1360, in _find_and_load
  File "<frozen importlib._bootstrap>", line 1324, in _find_and_load_unlocked
ModuleNotFoundError: No module named 'monitoring'
2026-02-26 12:44:04,171 [ERROR] celery.utils.dispatch.signal: Signal handler <promise@0x7cd78d3accd0 --> <bound method Celery._autodiscover_tasks of <Celery pruebatecno at 0x7cd78d6e4680>>> raised: AppRegistryNotReady("Apps aren't loaded yet.") (/usr/local/lib/python3.12/site-packages/celery/utils/dispatch/signal.py:280)
Traceback (most recent call last):
  File "/usr/local/lib/python3.12/site-packages/celery/utils/dispatch/signal.py", line 276, in send
    response = receiver(signal=self, sender=sender, **named)
               ^^^^^^^^^^^^^^^^^^^^^^^^^^^^^^^^^^^^^^^^^^^^^
  File "/usr/local/lib/python3.12/site-packages/vine/promises.py", line 161, in __call__
    return self.throw()
           ^^^^^^^^^^^^
  File "/usr/local/lib/python3.12/site-packages/vine/promises.py", line 158, in __call__
    retval = fun(*final_args, **final_kwargs)
             ^^^^^^^^^^^^^^^^^^^^^^^^^^^^^^^^
  File "/usr/local/lib/python3.12/site-packages/celery/app/base.py", line 694, in _autodiscover_tasks
    return self._autodiscover_tasks_from_fixups(related_name)
           ^^^^^^^^^^^^^^^^^^^^^^^^^^^^^^^^^^^^^^^^^^^^^^^^^^
  File "/usr/local/lib/python3.12/site-packages/celery/app/base.py", line 706, in _autodiscover_tasks_from_fixups
    for pkg in fixup.autodiscover_tasks()
               ^^^^^^^^^^^^^^^^^^^^^^^^^^
  File "/usr/local/lib/python3.12/site-packages/celery/fixups/django.py", line 110, in autodiscover_tasks
    return [config.name for config in apps.get_app_configs()]
                                      ^^^^^^^^^^^^^^^^^^^^^^
  File "/usr/local/lib/python3.12/site-packages/django/apps/registry.py", line 147, in get_app_configs
    self.check_apps_ready()
  File "/usr/local/lib/python3.12/site-packages/django/apps/registry.py", line 138, in check_apps_ready
    raise AppRegistryNotReady("Apps aren't loaded yet.")
django.core.exceptions.AppRegistryNotReady: Apps aren't loaded yet.
2026-02-26 12:44:05,508 [ERROR] celery.utils.dispatch.signal: Signal handler <bound method DjangoFixup.on_import_modules of <celery.fixups.django.DjangoFixup object at 0x79af8ad8e4b0>> raised: ModuleNotFoundError("No module named 'monitoring'") (/usr/local/lib/python3.12/site-packages/celery/utils/dispatch/signal.py:280)
Traceback (most recent call last):
  File "/usr/local/lib/python3.12/site-packages/celery/utils/dispatch/signal.py", line 276, in send
    response = receiver(signal=self, sender=sender, **named)
               ^^^^^^^^^^^^^^^^^^^^^^^^^^^^^^^^^^^^^^^^^^^^^
  File "/usr/local/lib/python3.12/site-packages/celery/fixups/django.py", line 100, in on_import_modules
    self.worker_fixup.validate_models()
  File "/usr/local/lib/python3.12/site-packages/celery/fixups/django.py", line 138, in validate_models
    self.django_setup()
  File "/usr/local/lib/python3.12/site-packages/celery/fixups/django.py", line 134, in django_setup
    django.setup()
  File "/usr/local/lib/python3.12/site-packages/django/__init__.py", line 24, in setup
    apps.populate(settings.INSTALLED_APPS)
  File "/usr/local/lib/python3.12/site-packages/django/apps/registry.py", line 91, in populate
    app_config = AppConfig.create(entry)
                 ^^^^^^^^^^^^^^^^^^^^^^^
  File "/usr/local/lib/python3.12/site-packages/django/apps/config.py", line 193, in create
    import_module(entry)
  File "/usr/local/lib/python3.12/importlib/__init__.py", line 90, in import_module
    return _bootstrap._gcd_import(name[level:], package, level)
           ^^^^^^^^^^^^^^^^^^^^^^^^^^^^^^^^^^^^^^^^^^^^^^^^^^^^
  File "<frozen importlib._bootstrap>", line 1387, in _gcd_import
  File "<frozen importlib._bootstrap>", line 1360, in _find_and_load
  File "<frozen importlib._bootstrap>", line 1324, in _find_and_load_unlocked
ModuleNotFoundError: No module named 'monitoring'
2026-02-26 12:44:05,509 [ERROR] celery.utils.dispatch.signal: Signal handler <promise@0x79af8aa94cd0 --> <bound method Celery._autodiscover_tasks of <Celery pruebatecno at 0x79af8ad143b0>>> raised: AppRegistryNotReady("Apps aren't loaded yet.") (/usr/local/lib/python3.12/site-packages/celery/utils/dispatch/signal.py:280)
Traceback (most recent call last):
  File "/usr/local/lib/python3.12/site-packages/celery/utils/dispatch/signal.py", line 276, in send
    response = receiver(signal=self, sender=sender, **named)
               ^^^^^^^^^^^^^^^^^^^^^^^^^^^^^^^^^^^^^^^^^^^^^
  File "/usr/local/lib/python3.12/site-packages/vine/promises.py", line 161, in __call__
    return self.throw()
           ^^^^^^^^^^^^
  File "/usr/local/lib/python3.12/site-packages/vine/promises.py", line 158, in __call__
    retval = fun(*final_args, **final_kwargs)
             ^^^^^^^^^^^^^^^^^^^^^^^^^^^^^^^^
  File "/usr/local/lib/python3.12/site-packages/celery/app/base.py", line 694, in _autodiscover_tasks
    return self._autodiscover_tasks_from_fixups(related_name)
           ^^^^^^^^^^^^^^^^^^^^^^^^^^^^^^^^^^^^^^^^^^^^^^^^^^
  File "/usr/local/lib/python3.12/site-packages/celery/app/base.py", line 706, in _autodiscover_tasks_from_fixups
    for pkg in fixup.autodiscover_tasks()
               ^^^^^^^^^^^^^^^^^^^^^^^^^^
  File "/usr/local/lib/python3.12/site-packages/celery/fixups/django.py", line 110, in autodiscover_tasks
    return [config.name for config in apps.get_app_configs()]
                                      ^^^^^^^^^^^^^^^^^^^^^^
  File "/usr/local/lib/python3.12/site-packages/django/apps/registry.py", line 147, in get_app_configs
    self.check_apps_ready()
  File "/usr/local/lib/python3.12/site-packages/django/apps/registry.py", line 138, in check_apps_ready
    raise AppRegistryNotReady("Apps aren't loaded yet.")
django.core.exceptions.AppRegistryNotReady: Apps aren't loaded yet.
2026-02-26 12:45:05,930 [ERROR] celery.utils.dispatch.signal: Signal handler <bound method DjangoFixup.on_import_modules of <celery.fixups.django.DjangoFixup object at 0x7468211aa450>> raised: ModuleNotFoundError("No module named 'monitoring'") (/usr/local/lib/python3.12/site-packages/celery/utils/dispatch/signal.py:280)
Traceback (most recent call last):
  File "/usr/local/lib/python3.12/site-packages/celery/utils/dispatch/signal.py", line 276, in send
    response = receiver(signal=self, sender=sender, **named)
               ^^^^^^^^^^^^^^^^^^^^^^^^^^^^^^^^^^^^^^^^^^^^^
  File "/usr/local/lib/python3.12/site-packages/celery/fixups/django.py", line 100, in on_import_modules
    self.worker_fixup.validate_models()
  File "/usr/local/lib/python3.12/site-packages/celery/fixups/django.py", line 138, in validate_models
    self.django_setup()
  File "/usr/local/lib/python3.12/site-packages/celery/fixups/django.py", line 134, in django_setup
    django.setup()
  File "/usr/local/lib/python3.12/site-packages/django/__init__.py", line 24, in setup
    apps.populate(settings.INSTALLED_APPS)
  File "/usr/local/lib/python3.12/site-packages/django/apps/registry.py", line 91, in populate
    app_config = AppConfig.create(entry)
                 ^^^^^^^^^^^^^^^^^^^^^^^
  File "/usr/local/lib/python3.12/site-packages/django/apps/config.py", line 193, in create
    import_module(entry)
  File "/usr/local/lib/python3.12/importlib/__init__.py", line 90, in import_module
    return _bootstrap._gcd_import(name[level:], package, level)
           ^^^^^^^^^^^^^^^^^^^^^^^^^^^^^^^^^^^^^^^^^^^^^^^^^^^^
  File "<frozen importlib._bootstrap>", line 1387, in _gcd_import
  File "<frozen importlib._bootstrap>", line 1360, in _find_and_load
  File "<frozen importlib._bootstrap>", line 1324, in _find_and_load_unlocked
ModuleNotFoundError: No module named 'monitoring'
2026-02-26 12:45:05,932 [ERROR] celery.utils.dispatch.signal: Signal handler <promise@0x746820fbccd0 --> <bound method Celery._autodiscover_tasks of <Celery pruebatecno at 0x746821044440>>> raised: AppRegistryNotReady("Apps aren't loaded yet.") (/usr/local/lib/python3.12/site-packages/celery/utils/dispatch/signal.py:280)
Traceback (most recent call last):
  File "/usr/local/lib/python3.12/site-packages/celery/utils/dispatch/signal.py", line 276, in send
    response = receiver(signal=self, sender=sender, **named)
               ^^^^^^^^^^^^^^^^^^^^^^^^^^^^^^^^^^^^^^^^^^^^^
  File "/usr/local/lib/python3.12/site-packages/vine/promises.py", line 161, in __call__
    return self.throw()
           ^^^^^^^^^^^^
  File "/usr/local/lib/python3.12/site-packages/vine/promises.py", line 158, in __call__
    retval = fun(*final_args, **final_kwargs)
             ^^^^^^^^^^^^^^^^^^^^^^^^^^^^^^^^
  File "/usr/local/lib/python3.12/site-packages/celery/app/base.py", line 694, in _autodiscover_tasks
    return self._autodiscover_tasks_from_fixups(related_name)
           ^^^^^^^^^^^^^^^^^^^^^^^^^^^^^^^^^^^^^^^^^^^^^^^^^^
  File "/usr/local/lib/python3.12/site-packages/celery/app/base.py", line 706, in _autodiscover_tasks_from_fixups
    for pkg in fixup.autodiscover_tasks()
               ^^^^^^^^^^^^^^^^^^^^^^^^^^
  File "/usr/local/lib/python3.12/site-packages/celery/fixups/django.py", line 110, in autodiscover_tasks
    return [config.name for config in apps.get_app_configs()]
                                      ^^^^^^^^^^^^^^^^^^^^^^
  File "/usr/local/lib/python3.12/site-packages/django/apps/registry.py", line 147, in get_app_configs
    self.check_apps_ready()
  File "/usr/local/lib/python3.12/site-packages/django/apps/registry.py", line 138, in check_apps_ready
    raise AppRegistryNotReady("Apps aren't loaded yet.")
django.core.exceptions.AppRegistryNotReady: Apps aren't loaded yet.
2026-02-26 12:45:07,373 [ERROR] celery.utils.dispatch.signal: Signal handler <bound method DjangoFixup.on_import_modules of <celery.fixups.django.DjangoFixup object at 0x761bd4810590>> raised: ModuleNotFoundError("No module named 'monitoring'") (/usr/local/lib/python3.12/site-packages/celery/utils/dispatch/signal.py:280)
Traceback (most recent call last):
  File "/usr/local/lib/python3.12/site-packages/celery/utils/dispatch/signal.py", line 276, in send
    response = receiver(signal=self, sender=sender, **named)
               ^^^^^^^^^^^^^^^^^^^^^^^^^^^^^^^^^^^^^^^^^^^^^
  File "/usr/local/lib/python3.12/site-packages/celery/fixups/django.py", line 100, in on_import_modules
    self.worker_fixup.validate_models()
  File "/usr/local/lib/python3.12/site-packages/celery/fixups/django.py", line 138, in validate_models
    self.django_setup()
  File "/usr/local/lib/python3.12/site-packages/celery/fixups/django.py", line 134, in django_setup
    django.setup()
  File "/usr/local/lib/python3.12/site-packages/django/__init__.py", line 24, in setup
    apps.populate(settings.INSTALLED_APPS)
  File "/usr/local/lib/python3.12/site-packages/django/apps/registry.py", line 91, in populate
    app_config = AppConfig.create(entry)
                 ^^^^^^^^^^^^^^^^^^^^^^^
  File "/usr/local/lib/python3.12/site-packages/django/apps/config.py", line 193, in create
    import_module(entry)
  File "/usr/local/lib/python3.12/importlib/__init__.py", line 90, in import_module
    return _bootstrap._gcd_import(name[level:], package, level)
           ^^^^^^^^^^^^^^^^^^^^^^^^^^^^^^^^^^^^^^^^^^^^^^^^^^^^
  File "<frozen importlib._bootstrap>", line 1387, in _gcd_import
  File "<frozen importlib._bootstrap>", line 1360, in _find_and_load
  File "<frozen importlib._bootstrap>", line 1324, in _find_and_load_unlocked
ModuleNotFoundError: No module named 'monitoring'
2026-02-26 12:45:07,376 [ERROR] celery.utils.dispatch.signal: Signal handler <promise@0x761bd4588cd0 --> <bound method Celery._autodiscover_tasks of <Celery pruebatecno at 0x761bd480f980>>> raised: AppRegistryNotReady("Apps aren't loaded yet.") (/usr/local/lib/python3.12/site-packages/celery/utils/dispatch/signal.py:280)
Traceback (most recent call last):
  File "/usr/local/lib/python3.12/site-packages/celery/utils/dispatch/signal.py", line 276, in send
    response = receiver(signal=self, sender=sender, **named)
               ^^^^^^^^^^^^^^^^^^^^^^^^^^^^^^^^^^^^^^^^^^^^^
  File "/usr/local/lib/python3.12/site-packages/vine/promises.py", line 161, in __call__
    return self.throw()
           ^^^^^^^^^^^^
  File "/usr/local/lib/python3.12/site-packages/vine/promises.py", line 158, in __call__
    retval = fun(*final_args, **final_kwargs)
             ^^^^^^^^^^^^^^^^^^^^^^^^^^^^^^^^
  File "/usr/local/lib/python3.12/site-packages/celery/app/base.py", line 694, in _autodiscover_tasks
    return self._autodiscover_tasks_from_fixups(related_name)
           ^^^^^^^^^^^^^^^^^^^^^^^^^^^^^^^^^^^^^^^^^^^^^^^^^^
  File "/usr/local/lib/python3.12/site-packages/celery/app/base.py", line 706, in _autodiscover_tasks_from_fixups
    for pkg in fixup.autodiscover_tasks()
               ^^^^^^^^^^^^^^^^^^^^^^^^^^
  File "/usr/local/lib/python3.12/site-packages/celery/fixups/django.py", line 110, in autodiscover_tasks
    return [config.name for config in apps.get_app_configs()]
                                      ^^^^^^^^^^^^^^^^^^^^^^
  File "/usr/local/lib/python3.12/site-packages/django/apps/registry.py", line 147, in get_app_configs
    self.check_apps_ready()
  File "/usr/local/lib/python3.12/site-packages/django/apps/registry.py", line 138, in check_apps_ready
    raise AppRegistryNotReady("Apps aren't loaded yet.")
django.core.exceptions.AppRegistryNotReady: Apps aren't loaded yet.
2026-02-26 12:46:07,903 [ERROR] celery.utils.dispatch.signal: Signal handler <bound method DjangoFixup.on_import_modules of <celery.fixups.django.DjangoFixup object at 0x7d53366b0350>> raised: ModuleNotFoundError("No module named 'monitoring'") (/usr/local/lib/python3.12/site-packages/celery/utils/dispatch/signal.py:280)
Traceback (most recent call last):
  File "/usr/local/lib/python3.12/site-packages/celery/utils/dispatch/signal.py", line 276, in send
    response = receiver(signal=self, sender=sender, **named)
               ^^^^^^^^^^^^^^^^^^^^^^^^^^^^^^^^^^^^^^^^^^^^^
  File "/usr/local/lib/python3.12/site-packages/celery/fixups/django.py", line 100, in on_import_modules
    self.worker_fixup.validate_models()
  File "/usr/local/lib/python3.12/site-packages/celery/fixups/django.py", line 138, in validate_models
    self.django_setup()
  File "/usr/local/lib/python3.12/site-packages/celery/fixups/django.py", line 134, in django_setup
    django.setup()
  File "/usr/local/lib/python3.12/site-packages/django/__init__.py", line 24, in setup
    apps.populate(settings.INSTALLED_APPS)
  File "/usr/local/lib/python3.12/site-packages/django/apps/registry.py", line 91, in populate
    app_config = AppConfig.create(entry)
                 ^^^^^^^^^^^^^^^^^^^^^^^
  File "/usr/local/lib/python3.12/site-packages/django/apps/config.py", line 193, in create
    import_module(entry)
  File "/usr/local/lib/python3.12/importlib/__init__.py", line 90, in import_module
    return _bootstrap._gcd_import(name[level:], package, level)
           ^^^^^^^^^^^^^^^^^^^^^^^^^^^^^^^^^^^^^^^^^^^^^^^^^^^^
  File "<frozen importlib._bootstrap>", line 1387, in _gcd_import
  File "<frozen importlib._bootstrap>", line 1360, in _find_and_load
  File "<frozen importlib._bootstrap>", line 1324, in _find_and_load_unlocked
ModuleNotFoundError: No module named 'monitoring'
2026-02-26 12:46:07,906 [ERROR] celery.utils.dispatch.signal: Signal handler <promise@0x7d533642ccd0 --> <bound method Celery._autodiscover_tasks of <Celery pruebatecno at 0x7d53366b0440>>> raised: AppRegistryNotReady("Apps aren't loaded yet.") (/usr/local/lib/python3.12/site-packages/celery/utils/dispatch/signal.py:280)
Traceback (most recent call last):
  File "/usr/local/lib/python3.12/site-packages/celery/utils/dispatch/signal.py", line 276, in send
    response = receiver(signal=self, sender=sender, **named)
               ^^^^^^^^^^^^^^^^^^^^^^^^^^^^^^^^^^^^^^^^^^^^^
  File "/usr/local/lib/python3.12/site-packages/vine/promises.py", line 161, in __call__
    return self.throw()
           ^^^^^^^^^^^^
  File "/usr/local/lib/python3.12/site-packages/vine/promises.py", line 158, in __call__
    retval = fun(*final_args, **final_kwargs)
             ^^^^^^^^^^^^^^^^^^^^^^^^^^^^^^^^
  File "/usr/local/lib/python3.12/site-packages/celery/app/base.py", line 694, in _autodiscover_tasks
    return self._autodiscover_tasks_from_fixups(related_name)
           ^^^^^^^^^^^^^^^^^^^^^^^^^^^^^^^^^^^^^^^^^^^^^^^^^^
  File "/usr/local/lib/python3.12/site-packages/celery/app/base.py", line 706, in _autodiscover_tasks_from_fixups
    for pkg in fixup.autodiscover_tasks()
               ^^^^^^^^^^^^^^^^^^^^^^^^^^
  File "/usr/local/lib/python3.12/site-packages/celery/fixups/django.py", line 110, in autodiscover_tasks
    return [config.name for config in apps.get_app_configs()]
                                      ^^^^^^^^^^^^^^^^^^^^^^
  File "/usr/local/lib/python3.12/site-packages/django/apps/registry.py", line 147, in get_app_configs
    self.check_apps_ready()
  File "/usr/local/lib/python3.12/site-packages/django/apps/registry.py", line 138, in check_apps_ready
    raise AppRegistryNotReady("Apps aren't loaded yet.")
django.core.exceptions.AppRegistryNotReady: Apps aren't loaded yet.
2026-02-26 12:46:09,716 [ERROR] celery.utils.dispatch.signal: Signal handler <bound method DjangoFixup.on_import_modules of <celery.fixups.django.DjangoFixup object at 0x76aec562d520>> raised: ModuleNotFoundError("No module named 'monitoring'") (/usr/local/lib/python3.12/site-packages/celery/utils/dispatch/signal.py:280)
Traceback (most recent call last):
  File "/usr/local/lib/python3.12/site-packages/celery/utils/dispatch/signal.py", line 276, in send
    response = receiver(signal=self, sender=sender, **named)
               ^^^^^^^^^^^^^^^^^^^^^^^^^^^^^^^^^^^^^^^^^^^^^
  File "/usr/local/lib/python3.12/site-packages/celery/fixups/django.py", line 100, in on_import_modules
    self.worker_fixup.validate_models()
  File "/usr/local/lib/python3.12/site-packages/celery/fixups/django.py", line 138, in validate_models
    self.django_setup()
  File "/usr/local/lib/python3.12/site-packages/celery/fixups/django.py", line 134, in django_setup
    django.setup()
  File "/usr/local/lib/python3.12/site-packages/django/__init__.py", line 24, in setup
    apps.populate(settings.INSTALLED_APPS)
  File "/usr/local/lib/python3.12/site-packages/django/apps/registry.py", line 91, in populate
    app_config = AppConfig.create(entry)
                 ^^^^^^^^^^^^^^^^^^^^^^^
  File "/usr/local/lib/python3.12/site-packages/django/apps/config.py", line 193, in create
    import_module(entry)
  File "/usr/local/lib/python3.12/importlib/__init__.py", line 90, in import_module
    return _bootstrap._gcd_import(name[level:], package, level)
           ^^^^^^^^^^^^^^^^^^^^^^^^^^^^^^^^^^^^^^^^^^^^^^^^^^^^
  File "<frozen importlib._bootstrap>", line 1387, in _gcd_import
  File "<frozen importlib._bootstrap>", line 1360, in _find_and_load
  File "<frozen importlib._bootstrap>", line 1324, in _find_and_load_unlocked
ModuleNotFoundError: No module named 'monitoring'
2026-02-26 12:46:09,717 [ERROR] celery.utils.dispatch.signal: Signal handler <promise@0x76aec53accd0 --> <bound method Celery._autodiscover_tasks of <Celery pruebatecno at 0x76aec5620890>>> raised: AppRegistryNotReady("Apps aren't loaded yet.") (/usr/local/lib/python3.12/site-packages/celery/utils/dispatch/signal.py:280)
Traceback (most recent call last):
  File "/usr/local/lib/python3.12/site-packages/celery/utils/dispatch/signal.py", line 276, in send
    response = receiver(signal=self, sender=sender, **named)
               ^^^^^^^^^^^^^^^^^^^^^^^^^^^^^^^^^^^^^^^^^^^^^
  File "/usr/local/lib/python3.12/site-packages/vine/promises.py", line 161, in __call__
    return self.throw()
           ^^^^^^^^^^^^
  File "/usr/local/lib/python3.12/site-packages/vine/promises.py", line 158, in __call__
    retval = fun(*final_args, **final_kwargs)
             ^^^^^^^^^^^^^^^^^^^^^^^^^^^^^^^^
  File "/usr/local/lib/python3.12/site-packages/celery/app/base.py", line 694, in _autodiscover_tasks
    return self._autodiscover_tasks_from_fixups(related_name)
           ^^^^^^^^^^^^^^^^^^^^^^^^^^^^^^^^^^^^^^^^^^^^^^^^^^
  File "/usr/local/lib/python3.12/site-packages/celery/app/base.py", line 706, in _autodiscover_tasks_from_fixups
    for pkg in fixup.autodiscover_tasks()
               ^^^^^^^^^^^^^^^^^^^^^^^^^^
  File "/usr/local/lib/python3.12/site-packages/celery/fixups/django.py", line 110, in autodiscover_tasks
    return [config.name for config in apps.get_app_configs()]
                                      ^^^^^^^^^^^^^^^^^^^^^^
  File "/usr/local/lib/python3.12/site-packages/django/apps/registry.py", line 147, in get_app_configs
    self.check_apps_ready()
  File "/usr/local/lib/python3.12/site-packages/django/apps/registry.py", line 138, in check_apps_ready
    raise AppRegistryNotReady("Apps aren't loaded yet.")
django.core.exceptions.AppRegistryNotReady: Apps aren't loaded yet.
2026-02-26 12:47:09,714 [ERROR] celery.utils.dispatch.signal: Signal handler <bound method DjangoFixup.on_import_modules of <celery.fixups.django.DjangoFixup object at 0x7a2e2a338920>> raised: ModuleNotFoundError("No module named 'monitoring'") (/usr/local/lib/python3.12/site-packages/celery/utils/dispatch/signal.py:280)
Traceback (most recent call last):
  File "/usr/local/lib/python3.12/site-packages/celery/utils/dispatch/signal.py", line 276, in send
    response = receiver(signal=self, sender=sender, **named)
               ^^^^^^^^^^^^^^^^^^^^^^^^^^^^^^^^^^^^^^^^^^^^^
  File "/usr/local/lib/python3.12/site-packages/celery/fixups/django.py", line 100, in on_import_modules
    self.worker_fixup.validate_models()
  File "/usr/local/lib/python3.12/site-packages/celery/fixups/django.py", line 138, in validate_models
    self.django_setup()
  File "/usr/local/lib/python3.12/site-packages/celery/fixups/django.py", line 134, in django_setup
    django.setup()
  File "/usr/local/lib/python3.12/site-packages/django/__init__.py", line 24, in setup
    apps.populate(settings.INSTALLED_APPS)
  File "/usr/local/lib/python3.12/site-packages/django/apps/registry.py", line 91, in populate
    app_config = AppConfig.create(entry)
                 ^^^^^^^^^^^^^^^^^^^^^^^
  File "/usr/local/lib/python3.12/site-packages/django/apps/config.py", line 193, in create
    import_module(entry)
  File "/usr/local/lib/python3.12/importlib/__init__.py", line 90, in import_module
    return _bootstrap._gcd_import(name[level:], package, level)
           ^^^^^^^^^^^^^^^^^^^^^^^^^^^^^^^^^^^^^^^^^^^^^^^^^^^^
  File "<frozen importlib._bootstrap>", line 1387, in _gcd_import
  File "<frozen importlib._bootstrap>", line 1360, in _find_and_load
  File "<frozen importlib._bootstrap>", line 1324, in _find_and_load_unlocked
ModuleNotFoundError: No module named 'monitoring'
2026-02-26 12:47:09,716 [ERROR] celery.utils.dispatch.signal: Signal handler <promise@0x7a2e2a0b4cd0 --> <bound method Celery._autodiscover_tasks of <Celery pruebatecno at 0x7a2e2a338710>>> raised: AppRegistryNotReady("Apps aren't loaded yet.") (/usr/local/lib/python3.12/site-packages/celery/utils/dispatch/signal.py:280)
Traceback (most recent call last):
  File "/usr/local/lib/python3.12/site-packages/celery/utils/dispatch/signal.py", line 276, in send
    response = receiver(signal=self, sender=sender, **named)
               ^^^^^^^^^^^^^^^^^^^^^^^^^^^^^^^^^^^^^^^^^^^^^
  File "/usr/local/lib/python3.12/site-packages/vine/promises.py", line 161, in __call__
    return self.throw()
           ^^^^^^^^^^^^
  File "/usr/local/lib/python3.12/site-packages/vine/promises.py", line 158, in __call__
    retval = fun(*final_args, **final_kwargs)
             ^^^^^^^^^^^^^^^^^^^^^^^^^^^^^^^^
  File "/usr/local/lib/python3.12/site-packages/celery/app/base.py", line 694, in _autodiscover_tasks
    return self._autodiscover_tasks_from_fixups(related_name)
           ^^^^^^^^^^^^^^^^^^^^^^^^^^^^^^^^^^^^^^^^^^^^^^^^^^
  File "/usr/local/lib/python3.12/site-packages/celery/app/base.py", line 706, in _autodiscover_tasks_from_fixups
    for pkg in fixup.autodiscover_tasks()
               ^^^^^^^^^^^^^^^^^^^^^^^^^^
  File "/usr/local/lib/python3.12/site-packages/celery/fixups/django.py", line 110, in autodiscover_tasks
    return [config.name for config in apps.get_app_configs()]
                                      ^^^^^^^^^^^^^^^^^^^^^^
  File "/usr/local/lib/python3.12/site-packages/django/apps/registry.py", line 147, in get_app_configs
    self.check_apps_ready()
  File "/usr/local/lib/python3.12/site-packages/django/apps/registry.py", line 138, in check_apps_ready
    raise AppRegistryNotReady("Apps aren't loaded yet.")
django.core.exceptions.AppRegistryNotReady: Apps aren't loaded yet.
2026-02-26 12:47:11,337 [ERROR] celery.utils.dispatch.signal: Signal handler <bound method DjangoFixup.on_import_modules of <celery.fixups.django.DjangoFixup object at 0x7e1b74123830>> raised: ModuleNotFoundError("No module named 'monitoring'") (/usr/local/lib/python3.12/site-packages/celery/utils/dispatch/signal.py:280)
Traceback (most recent call last):
  File "/usr/local/lib/python3.12/site-packages/celery/utils/dispatch/signal.py", line 276, in send
    response = receiver(signal=self, sender=sender, **named)
               ^^^^^^^^^^^^^^^^^^^^^^^^^^^^^^^^^^^^^^^^^^^^^
  File "/usr/local/lib/python3.12/site-packages/celery/fixups/django.py", line 100, in on_import_modules
    self.worker_fixup.validate_models()
  File "/usr/local/lib/python3.12/site-packages/celery/fixups/django.py", line 138, in validate_models
    self.django_setup()
  File "/usr/local/lib/python3.12/site-packages/celery/fixups/django.py", line 134, in django_setup
    django.setup()
  File "/usr/local/lib/python3.12/site-packages/django/__init__.py", line 24, in setup
    apps.populate(settings.INSTALLED_APPS)
  File "/usr/local/lib/python3.12/site-packages/django/apps/registry.py", line 91, in populate
    app_config = AppConfig.create(entry)
                 ^^^^^^^^^^^^^^^^^^^^^^^
  File "/usr/local/lib/python3.12/site-packages/django/apps/config.py", line 193, in create
    import_module(entry)
  File "/usr/local/lib/python3.12/importlib/__init__.py", line 90, in import_module
    return _bootstrap._gcd_import(name[level:], package, level)
           ^^^^^^^^^^^^^^^^^^^^^^^^^^^^^^^^^^^^^^^^^^^^^^^^^^^^
  File "<frozen importlib._bootstrap>", line 1387, in _gcd_import
  File "<frozen importlib._bootstrap>", line 1360, in _find_and_load
  File "<frozen importlib._bootstrap>", line 1324, in _find_and_load_unlocked
ModuleNotFoundError: No module named 'monitoring'
2026-02-26 12:47:11,338 [ERROR] celery.utils.dispatch.signal: Signal handler <promise@0x7e1b73e9ccd0 --> <bound method Celery._autodiscover_tasks of <Celery pruebatecno at 0x7e1b7500cc50>>> raised: AppRegistryNotReady("Apps aren't loaded yet.") (/usr/local/lib/python3.12/site-packages/celery/utils/dispatch/signal.py:280)
Traceback (most recent call last):
  File "/usr/local/lib/python3.12/site-packages/celery/utils/dispatch/signal.py", line 276, in send
    response = receiver(signal=self, sender=sender, **named)
               ^^^^^^^^^^^^^^^^^^^^^^^^^^^^^^^^^^^^^^^^^^^^^
  File "/usr/local/lib/python3.12/site-packages/vine/promises.py", line 161, in __call__
    return self.throw()
           ^^^^^^^^^^^^
  File "/usr/local/lib/python3.12/site-packages/vine/promises.py", line 158, in __call__
    retval = fun(*final_args, **final_kwargs)
             ^^^^^^^^^^^^^^^^^^^^^^^^^^^^^^^^
  File "/usr/local/lib/python3.12/site-packages/celery/app/base.py", line 694, in _autodiscover_tasks
    return self._autodiscover_tasks_from_fixups(related_name)
           ^^^^^^^^^^^^^^^^^^^^^^^^^^^^^^^^^^^^^^^^^^^^^^^^^^
  File "/usr/local/lib/python3.12/site-packages/celery/app/base.py", line 706, in _autodiscover_tasks_from_fixups
    for pkg in fixup.autodiscover_tasks()
               ^^^^^^^^^^^^^^^^^^^^^^^^^^
  File "/usr/local/lib/python3.12/site-packages/celery/fixups/django.py", line 110, in autodiscover_tasks
    return [config.name for config in apps.get_app_configs()]
                                      ^^^^^^^^^^^^^^^^^^^^^^
  File "/usr/local/lib/python3.12/site-packages/django/apps/registry.py", line 147, in get_app_configs
    self.check_apps_ready()
  File "/usr/local/lib/python3.12/site-packages/django/apps/registry.py", line 138, in check_apps_ready
    raise AppRegistryNotReady("Apps aren't loaded yet.")
django.core.exceptions.AppRegistryNotReady: Apps aren't loaded yet.
2026-02-26 12:48:11,600 [ERROR] celery.utils.dispatch.signal: Signal handler <bound method DjangoFixup.on_import_modules of <celery.fixups.django.DjangoFixup object at 0x7fc48b1747a0>> raised: ModuleNotFoundError("No module named 'monitoring'") (/usr/local/lib/python3.12/site-packages/celery/utils/dispatch/signal.py:280)
Traceback (most recent call last):
  File "/usr/local/lib/python3.12/site-packages/celery/utils/dispatch/signal.py", line 276, in send
    response = receiver(signal=self, sender=sender, **named)
               ^^^^^^^^^^^^^^^^^^^^^^^^^^^^^^^^^^^^^^^^^^^^^
  File "/usr/local/lib/python3.12/site-packages/celery/fixups/django.py", line 100, in on_import_modules
    self.worker_fixup.validate_models()
  File "/usr/local/lib/python3.12/site-packages/celery/fixups/django.py", line 138, in validate_models
    self.django_setup()
  File "/usr/local/lib/python3.12/site-packages/celery/fixups/django.py", line 134, in django_setup
    django.setup()
  File "/usr/local/lib/python3.12/site-packages/django/__init__.py", line 24, in setup
    apps.populate(settings.INSTALLED_APPS)
  File "/usr/local/lib/python3.12/site-packages/django/apps/registry.py", line 91, in populate
    app_config = AppConfig.create(entry)
                 ^^^^^^^^^^^^^^^^^^^^^^^
  File "/usr/local/lib/python3.12/site-packages/django/apps/config.py", line 193, in create
    import_module(entry)
  File "/usr/local/lib/python3.12/importlib/__init__.py", line 90, in import_module
    return _bootstrap._gcd_import(name[level:], package, level)
           ^^^^^^^^^^^^^^^^^^^^^^^^^^^^^^^^^^^^^^^^^^^^^^^^^^^^
  File "<frozen importlib._bootstrap>", line 1387, in _gcd_import
  File "<frozen importlib._bootstrap>", line 1360, in _find_and_load
  File "<frozen importlib._bootstrap>", line 1324, in _find_and_load_unlocked
ModuleNotFoundError: No module named 'monitoring'
2026-02-26 12:48:11,602 [ERROR] celery.utils.dispatch.signal: Signal handler <promise@0x7fc48b0eccd0 --> <bound method Celery._autodiscover_tasks of <Celery pruebatecno at 0x7fc48b173ad0>>> raised: AppRegistryNotReady("Apps aren't loaded yet.") (/usr/local/lib/python3.12/site-packages/celery/utils/dispatch/signal.py:280)
Traceback (most recent call last):
  File "/usr/local/lib/python3.12/site-packages/celery/utils/dispatch/signal.py", line 276, in send
    response = receiver(signal=self, sender=sender, **named)
               ^^^^^^^^^^^^^^^^^^^^^^^^^^^^^^^^^^^^^^^^^^^^^
  File "/usr/local/lib/python3.12/site-packages/vine/promises.py", line 161, in __call__
    return self.throw()
           ^^^^^^^^^^^^
  File "/usr/local/lib/python3.12/site-packages/vine/promises.py", line 158, in __call__
    retval = fun(*final_args, **final_kwargs)
             ^^^^^^^^^^^^^^^^^^^^^^^^^^^^^^^^
  File "/usr/local/lib/python3.12/site-packages/celery/app/base.py", line 694, in _autodiscover_tasks
    return self._autodiscover_tasks_from_fixups(related_name)
           ^^^^^^^^^^^^^^^^^^^^^^^^^^^^^^^^^^^^^^^^^^^^^^^^^^
  File "/usr/local/lib/python3.12/site-packages/celery/app/base.py", line 706, in _autodiscover_tasks_from_fixups
    for pkg in fixup.autodiscover_tasks()
               ^^^^^^^^^^^^^^^^^^^^^^^^^^
  File "/usr/local/lib/python3.12/site-packages/celery/fixups/django.py", line 110, in autodiscover_tasks
    return [config.name for config in apps.get_app_configs()]
                                      ^^^^^^^^^^^^^^^^^^^^^^
  File "/usr/local/lib/python3.12/site-packages/django/apps/registry.py", line 147, in get_app_configs
    self.check_apps_ready()
  File "/usr/local/lib/python3.12/site-packages/django/apps/registry.py", line 138, in check_apps_ready
    raise AppRegistryNotReady("Apps aren't loaded yet.")
django.core.exceptions.AppRegistryNotReady: Apps aren't loaded yet.
2026-02-26 12:48:13,088 [ERROR] celery.utils.dispatch.signal: Signal handler <bound method DjangoFixup.on_import_modules of <celery.fixups.django.DjangoFixup object at 0x760a92b24440>> raised: ModuleNotFoundError("No module named 'monitoring'") (/usr/local/lib/python3.12/site-packages/celery/utils/dispatch/signal.py:280)
Traceback (most recent call last):
  File "/usr/local/lib/python3.12/site-packages/celery/utils/dispatch/signal.py", line 276, in send
    response = receiver(signal=self, sender=sender, **named)
               ^^^^^^^^^^^^^^^^^^^^^^^^^^^^^^^^^^^^^^^^^^^^^
  File "/usr/local/lib/python3.12/site-packages/celery/fixups/django.py", line 100, in on_import_modules
    self.worker_fixup.validate_models()
  File "/usr/local/lib/python3.12/site-packages/celery/fixups/django.py", line 138, in validate_models
    self.django_setup()
  File "/usr/local/lib/python3.12/site-packages/celery/fixups/django.py", line 134, in django_setup
    django.setup()
  File "/usr/local/lib/python3.12/site-packages/django/__init__.py", line 24, in setup
    apps.populate(settings.INSTALLED_APPS)
  File "/usr/local/lib/python3.12/site-packages/django/apps/registry.py", line 91, in populate
    app_config = AppConfig.create(entry)
                 ^^^^^^^^^^^^^^^^^^^^^^^
  File "/usr/local/lib/python3.12/site-packages/django/apps/config.py", line 193, in create
    import_module(entry)
  File "/usr/local/lib/python3.12/importlib/__init__.py", line 90, in import_module
    return _bootstrap._gcd_import(name[level:], package, level)
           ^^^^^^^^^^^^^^^^^^^^^^^^^^^^^^^^^^^^^^^^^^^^^^^^^^^^
  File "<frozen importlib._bootstrap>", line 1387, in _gcd_import
  File "<frozen importlib._bootstrap>", line 1360, in _find_and_load
  File "<frozen importlib._bootstrap>", line 1324, in _find_and_load_unlocked
ModuleNotFoundError: No module named 'monitoring'
2026-02-26 12:48:13,089 [ERROR] celery.utils.dispatch.signal: Signal handler <promise@0x760a928a4cd0 --> <bound method Celery._autodiscover_tasks of <Celery pruebatecno at 0x760a92b23890>>> raised: AppRegistryNotReady("Apps aren't loaded yet.") (/usr/local/lib/python3.12/site-packages/celery/utils/dispatch/signal.py:280)
Traceback (most recent call last):
  File "/usr/local/lib/python3.12/site-packages/celery/utils/dispatch/signal.py", line 276, in send
    response = receiver(signal=self, sender=sender, **named)
               ^^^^^^^^^^^^^^^^^^^^^^^^^^^^^^^^^^^^^^^^^^^^^
  File "/usr/local/lib/python3.12/site-packages/vine/promises.py", line 161, in __call__
    return self.throw()
           ^^^^^^^^^^^^
  File "/usr/local/lib/python3.12/site-packages/vine/promises.py", line 158, in __call__
    retval = fun(*final_args, **final_kwargs)
             ^^^^^^^^^^^^^^^^^^^^^^^^^^^^^^^^
  File "/usr/local/lib/python3.12/site-packages/celery/app/base.py", line 694, in _autodiscover_tasks
    return self._autodiscover_tasks_from_fixups(related_name)
           ^^^^^^^^^^^^^^^^^^^^^^^^^^^^^^^^^^^^^^^^^^^^^^^^^^
  File "/usr/local/lib/python3.12/site-packages/celery/app/base.py", line 706, in _autodiscover_tasks_from_fixups
    for pkg in fixup.autodiscover_tasks()
               ^^^^^^^^^^^^^^^^^^^^^^^^^^
  File "/usr/local/lib/python3.12/site-packages/celery/fixups/django.py", line 110, in autodiscover_tasks
    return [config.name for config in apps.get_app_configs()]
                                      ^^^^^^^^^^^^^^^^^^^^^^
  File "/usr/local/lib/python3.12/site-packages/django/apps/registry.py", line 147, in get_app_configs
    self.check_apps_ready()
  File "/usr/local/lib/python3.12/site-packages/django/apps/registry.py", line 138, in check_apps_ready
    raise AppRegistryNotReady("Apps aren't loaded yet.")
django.core.exceptions.AppRegistryNotReady: Apps aren't loaded yet.
2026-02-26 12:49:19,868 [ERROR] celery.utils.dispatch.signal: Signal handler <bound method DjangoFixup.on_import_modules of <celery.fixups.django.DjangoFixup object at 0x7652ddf79520>> raised: ModuleNotFoundError("No module named 'monitoring'") (/usr/local/lib/python3.12/site-packages/celery/utils/dispatch/signal.py:280)
Traceback (most recent call last):
  File "/usr/local/lib/python3.12/site-packages/celery/utils/dispatch/signal.py", line 276, in send
    response = receiver(signal=self, sender=sender, **named)
               ^^^^^^^^^^^^^^^^^^^^^^^^^^^^^^^^^^^^^^^^^^^^^
  File "/usr/local/lib/python3.12/site-packages/celery/fixups/django.py", line 100, in on_import_modules
    self.worker_fixup.validate_models()
  File "/usr/local/lib/python3.12/site-packages/celery/fixups/django.py", line 138, in validate_models
    self.django_setup()
  File "/usr/local/lib/python3.12/site-packages/celery/fixups/django.py", line 134, in django_setup
    django.setup()
  File "/usr/local/lib/python3.12/site-packages/django/__init__.py", line 24, in setup
    apps.populate(settings.INSTALLED_APPS)
  File "/usr/local/lib/python3.12/site-packages/django/apps/registry.py", line 91, in populate
    app_config = AppConfig.create(entry)
                 ^^^^^^^^^^^^^^^^^^^^^^^
  File "/usr/local/lib/python3.12/site-packages/django/apps/config.py", line 193, in create
    import_module(entry)
  File "/usr/local/lib/python3.12/importlib/__init__.py", line 90, in import_module
    return _bootstrap._gcd_import(name[level:], package, level)
           ^^^^^^^^^^^^^^^^^^^^^^^^^^^^^^^^^^^^^^^^^^^^^^^^^^^^
  File "<frozen importlib._bootstrap>", line 1387, in _gcd_import
  File "<frozen importlib._bootstrap>", line 1360, in _find_and_load
  File "<frozen importlib._bootstrap>", line 1324, in _find_and_load_unlocked
ModuleNotFoundError: No module named 'monitoring'
2026-02-26 12:49:19,868 [ERROR] celery.utils.dispatch.signal: Signal handler <bound method DjangoFixup.on_import_modules of <celery.fixups.django.DjangoFixup object at 0x7b13b69b1580>> raised: ModuleNotFoundError("No module named 'monitoring'") (/usr/local/lib/python3.12/site-packages/celery/utils/dispatch/signal.py:280)
Traceback (most recent call last):
  File "/usr/local/lib/python3.12/site-packages/celery/utils/dispatch/signal.py", line 276, in send
    response = receiver(signal=self, sender=sender, **named)
               ^^^^^^^^^^^^^^^^^^^^^^^^^^^^^^^^^^^^^^^^^^^^^
  File "/usr/local/lib/python3.12/site-packages/celery/fixups/django.py", line 100, in on_import_modules
    self.worker_fixup.validate_models()
  File "/usr/local/lib/python3.12/site-packages/celery/fixups/django.py", line 138, in validate_models
    self.django_setup()
  File "/usr/local/lib/python3.12/site-packages/celery/fixups/django.py", line 134, in django_setup
    django.setup()
  File "/usr/local/lib/python3.12/site-packages/django/__init__.py", line 24, in setup
    apps.populate(settings.INSTALLED_APPS)
  File "/usr/local/lib/python3.12/site-packages/django/apps/registry.py", line 91, in populate
    app_config = AppConfig.create(entry)
                 ^^^^^^^^^^^^^^^^^^^^^^^
  File "/usr/local/lib/python3.12/site-packages/django/apps/config.py", line 193, in create
    import_module(entry)
  File "/usr/local/lib/python3.12/importlib/__init__.py", line 90, in import_module
    return _bootstrap._gcd_import(name[level:], package, level)
           ^^^^^^^^^^^^^^^^^^^^^^^^^^^^^^^^^^^^^^^^^^^^^^^^^^^^
  File "<frozen importlib._bootstrap>", line 1387, in _gcd_import
  File "<frozen importlib._bootstrap>", line 1360, in _find_and_load
  File "<frozen importlib._bootstrap>", line 1324, in _find_and_load_unlocked
ModuleNotFoundError: No module named 'monitoring'
2026-02-26 12:49:19,871 [ERROR] celery.utils.dispatch.signal: Signal handler <promise@0x7652dd3b4cd0 --> <bound method Celery._autodiscover_tasks of <Celery pruebatecno at 0x7652dd63fa10>>> raised: AppRegistryNotReady("Apps aren't loaded yet.") (/usr/local/lib/python3.12/site-packages/celery/utils/dispatch/signal.py:280)
Traceback (most recent call last):
  File "/usr/local/lib/python3.12/site-packages/celery/utils/dispatch/signal.py", line 276, in send
    response = receiver(signal=self, sender=sender, **named)
               ^^^^^^^^^^^^^^^^^^^^^^^^^^^^^^^^^^^^^^^^^^^^^
  File "/usr/local/lib/python3.12/site-packages/vine/promises.py", line 161, in __call__
    return self.throw()
           ^^^^^^^^^^^^
  File "/usr/local/lib/python3.12/site-packages/vine/promises.py", line 158, in __call__
    retval = fun(*final_args, **final_kwargs)
             ^^^^^^^^^^^^^^^^^^^^^^^^^^^^^^^^
  File "/usr/local/lib/python3.12/site-packages/celery/app/base.py", line 694, in _autodiscover_tasks
    return self._autodiscover_tasks_from_fixups(related_name)
           ^^^^^^^^^^^^^^^^^^^^^^^^^^^^^^^^^^^^^^^^^^^^^^^^^^
  File "/usr/local/lib/python3.12/site-packages/celery/app/base.py", line 706, in _autodiscover_tasks_from_fixups
    for pkg in fixup.autodiscover_tasks()
               ^^^^^^^^^^^^^^^^^^^^^^^^^^
  File "/usr/local/lib/python3.12/site-packages/celery/fixups/django.py", line 110, in autodiscover_tasks
    return [config.name for config in apps.get_app_configs()]
                                      ^^^^^^^^^^^^^^^^^^^^^^
  File "/usr/local/lib/python3.12/site-packages/django/apps/registry.py", line 147, in get_app_configs
    self.check_apps_ready()
  File "/usr/local/lib/python3.12/site-packages/django/apps/registry.py", line 138, in check_apps_ready
    raise AppRegistryNotReady("Apps aren't loaded yet.")
django.core.exceptions.AppRegistryNotReady: Apps aren't loaded yet.
2026-02-26 12:49:19,871 [ERROR] celery.utils.dispatch.signal: Signal handler <promise@0x7b13b5030cd0 --> <bound method Celery._autodiscover_tasks of <Celery pruebatecno at 0x7b13b53648f0>>> raised: AppRegistryNotReady("Apps aren't loaded yet.") (/usr/local/lib/python3.12/site-packages/celery/utils/dispatch/signal.py:280)
Traceback (most recent call last):
  File "/usr/local/lib/python3.12/site-packages/celery/utils/dispatch/signal.py", line 276, in send
    response = receiver(signal=self, sender=sender, **named)
               ^^^^^^^^^^^^^^^^^^^^^^^^^^^^^^^^^^^^^^^^^^^^^
  File "/usr/local/lib/python3.12/site-packages/vine/promises.py", line 161, in __call__
    return self.throw()
           ^^^^^^^^^^^^
  File "/usr/local/lib/python3.12/site-packages/vine/promises.py", line 158, in __call__
    retval = fun(*final_args, **final_kwargs)
             ^^^^^^^^^^^^^^^^^^^^^^^^^^^^^^^^
  File "/usr/local/lib/python3.12/site-packages/celery/app/base.py", line 694, in _autodiscover_tasks
    return self._autodiscover_tasks_from_fixups(related_name)
           ^^^^^^^^^^^^^^^^^^^^^^^^^^^^^^^^^^^^^^^^^^^^^^^^^^
  File "/usr/local/lib/python3.12/site-packages/celery/app/base.py", line 706, in _autodiscover_tasks_from_fixups
    for pkg in fixup.autodiscover_tasks()
               ^^^^^^^^^^^^^^^^^^^^^^^^^^
  File "/usr/local/lib/python3.12/site-packages/celery/fixups/django.py", line 110, in autodiscover_tasks
    return [config.name for config in apps.get_app_configs()]
                                      ^^^^^^^^^^^^^^^^^^^^^^
  File "/usr/local/lib/python3.12/site-packages/django/apps/registry.py", line 147, in get_app_configs
    self.check_apps_ready()
  File "/usr/local/lib/python3.12/site-packages/django/apps/registry.py", line 138, in check_apps_ready
    raise AppRegistryNotReady("Apps aren't loaded yet.")
django.core.exceptions.AppRegistryNotReady: Apps aren't loaded yet.
2026-02-26 12:49:22,511 [ERROR] celery.utils.dispatch.signal: Signal handler <bound method DjangoFixup.on_import_modules of <celery.fixups.django.DjangoFixup object at 0x74bf212147a0>> raised: ModuleNotFoundError("No module named 'monitoring'") (/usr/local/lib/python3.12/site-packages/celery/utils/dispatch/signal.py:280)
Traceback (most recent call last):
  File "/usr/local/lib/python3.12/site-packages/celery/utils/dispatch/signal.py", line 276, in send
    response = receiver(signal=self, sender=sender, **named)
               ^^^^^^^^^^^^^^^^^^^^^^^^^^^^^^^^^^^^^^^^^^^^^
  File "/usr/local/lib/python3.12/site-packages/celery/fixups/django.py", line 100, in on_import_modules
    self.worker_fixup.validate_models()
  File "/usr/local/lib/python3.12/site-packages/celery/fixups/django.py", line 138, in validate_models
    self.django_setup()
  File "/usr/local/lib/python3.12/site-packages/celery/fixups/django.py", line 134, in django_setup
    django.setup()
  File "/usr/local/lib/python3.12/site-packages/django/__init__.py", line 24, in setup
    apps.populate(settings.INSTALLED_APPS)
  File "/usr/local/lib/python3.12/site-packages/django/apps/registry.py", line 91, in populate
    app_config = AppConfig.create(entry)
                 ^^^^^^^^^^^^^^^^^^^^^^^
  File "/usr/local/lib/python3.12/site-packages/django/apps/config.py", line 193, in create
    import_module(entry)
  File "/usr/local/lib/python3.12/importlib/__init__.py", line 90, in import_module
    return _bootstrap._gcd_import(name[level:], package, level)
           ^^^^^^^^^^^^^^^^^^^^^^^^^^^^^^^^^^^^^^^^^^^^^^^^^^^^
  File "<frozen importlib._bootstrap>", line 1387, in _gcd_import
  File "<frozen importlib._bootstrap>", line 1360, in _find_and_load
  File "<frozen importlib._bootstrap>", line 1324, in _find_and_load_unlocked
ModuleNotFoundError: No module named 'monitoring'
2026-02-26 12:49:22,513 [ERROR] celery.utils.dispatch.signal: Signal handler <promise@0x74bf20f94cd0 --> <bound method Celery._autodiscover_tasks of <Celery pruebatecno at 0x74bf212137a0>>> raised: AppRegistryNotReady("Apps aren't loaded yet.") (/usr/local/lib/python3.12/site-packages/celery/utils/dispatch/signal.py:280)
Traceback (most recent call last):
  File "/usr/local/lib/python3.12/site-packages/celery/utils/dispatch/signal.py", line 276, in send
    response = receiver(signal=self, sender=sender, **named)
               ^^^^^^^^^^^^^^^^^^^^^^^^^^^^^^^^^^^^^^^^^^^^^
  File "/usr/local/lib/python3.12/site-packages/vine/promises.py", line 161, in __call__
    return self.throw()
           ^^^^^^^^^^^^
  File "/usr/local/lib/python3.12/site-packages/vine/promises.py", line 158, in __call__
    retval = fun(*final_args, **final_kwargs)
             ^^^^^^^^^^^^^^^^^^^^^^^^^^^^^^^^
  File "/usr/local/lib/python3.12/site-packages/celery/app/base.py", line 694, in _autodiscover_tasks
    return self._autodiscover_tasks_from_fixups(related_name)
           ^^^^^^^^^^^^^^^^^^^^^^^^^^^^^^^^^^^^^^^^^^^^^^^^^^
  File "/usr/local/lib/python3.12/site-packages/celery/app/base.py", line 706, in _autodiscover_tasks_from_fixups
    for pkg in fixup.autodiscover_tasks()
               ^^^^^^^^^^^^^^^^^^^^^^^^^^
  File "/usr/local/lib/python3.12/site-packages/celery/fixups/django.py", line 110, in autodiscover_tasks
    return [config.name for config in apps.get_app_configs()]
                                      ^^^^^^^^^^^^^^^^^^^^^^
  File "/usr/local/lib/python3.12/site-packages/django/apps/registry.py", line 147, in get_app_configs
    self.check_apps_ready()
  File "/usr/local/lib/python3.12/site-packages/django/apps/registry.py", line 138, in check_apps_ready
    raise AppRegistryNotReady("Apps aren't loaded yet.")
django.core.exceptions.AppRegistryNotReady: Apps aren't loaded yet.
2026-02-26 12:49:22,672 [ERROR] celery.utils.dispatch.signal: Signal handler <bound method DjangoFixup.on_import_modules of <celery.fixups.django.DjangoFixup object at 0x771fa9384290>> raised: ModuleNotFoundError("No module named 'monitoring'") (/usr/local/lib/python3.12/site-packages/celery/utils/dispatch/signal.py:280)
Traceback (most recent call last):
  File "/usr/local/lib/python3.12/site-packages/celery/utils/dispatch/signal.py", line 276, in send
    response = receiver(signal=self, sender=sender, **named)
               ^^^^^^^^^^^^^^^^^^^^^^^^^^^^^^^^^^^^^^^^^^^^^
  File "/usr/local/lib/python3.12/site-packages/celery/fixups/django.py", line 100, in on_import_modules
    self.worker_fixup.validate_models()
  File "/usr/local/lib/python3.12/site-packages/celery/fixups/django.py", line 138, in validate_models
    self.django_setup()
  File "/usr/local/lib/python3.12/site-packages/celery/fixups/django.py", line 134, in django_setup
    django.setup()
  File "/usr/local/lib/python3.12/site-packages/django/__init__.py", line 24, in setup
    apps.populate(settings.INSTALLED_APPS)
  File "/usr/local/lib/python3.12/site-packages/django/apps/registry.py", line 91, in populate
    app_config = AppConfig.create(entry)
                 ^^^^^^^^^^^^^^^^^^^^^^^
  File "/usr/local/lib/python3.12/site-packages/django/apps/config.py", line 193, in create
    import_module(entry)
  File "/usr/local/lib/python3.12/importlib/__init__.py", line 90, in import_module
    return _bootstrap._gcd_import(name[level:], package, level)
           ^^^^^^^^^^^^^^^^^^^^^^^^^^^^^^^^^^^^^^^^^^^^^^^^^^^^
  File "<frozen importlib._bootstrap>", line 1387, in _gcd_import
  File "<frozen importlib._bootstrap>", line 1360, in _find_and_load
  File "<frozen importlib._bootstrap>", line 1324, in _find_and_load_unlocked
ModuleNotFoundError: No module named 'monitoring'
2026-02-26 12:49:22,675 [ERROR] celery.utils.dispatch.signal: Signal handler <promise@0x771fa9100cd0 --> <bound method Celery._autodiscover_tasks of <Celery pruebatecno at 0x771fa93837a0>>> raised: AppRegistryNotReady("Apps aren't loaded yet.") (/usr/local/lib/python3.12/site-packages/celery/utils/dispatch/signal.py:280)
Traceback (most recent call last):
  File "/usr/local/lib/python3.12/site-packages/celery/utils/dispatch/signal.py", line 276, in send
    response = receiver(signal=self, sender=sender, **named)
               ^^^^^^^^^^^^^^^^^^^^^^^^^^^^^^^^^^^^^^^^^^^^^
  File "/usr/local/lib/python3.12/site-packages/vine/promises.py", line 161, in __call__
    return self.throw()
           ^^^^^^^^^^^^
  File "/usr/local/lib/python3.12/site-packages/vine/promises.py", line 158, in __call__
    retval = fun(*final_args, **final_kwargs)
             ^^^^^^^^^^^^^^^^^^^^^^^^^^^^^^^^
  File "/usr/local/lib/python3.12/site-packages/celery/app/base.py", line 694, in _autodiscover_tasks
    return self._autodiscover_tasks_from_fixups(related_name)
           ^^^^^^^^^^^^^^^^^^^^^^^^^^^^^^^^^^^^^^^^^^^^^^^^^^
  File "/usr/local/lib/python3.12/site-packages/celery/app/base.py", line 706, in _autodiscover_tasks_from_fixups
    for pkg in fixup.autodiscover_tasks()
               ^^^^^^^^^^^^^^^^^^^^^^^^^^
  File "/usr/local/lib/python3.12/site-packages/celery/fixups/django.py", line 110, in autodiscover_tasks
    return [config.name for config in apps.get_app_configs()]
                                      ^^^^^^^^^^^^^^^^^^^^^^
  File "/usr/local/lib/python3.12/site-packages/django/apps/registry.py", line 147, in get_app_configs
    self.check_apps_ready()
  File "/usr/local/lib/python3.12/site-packages/django/apps/registry.py", line 138, in check_apps_ready
    raise AppRegistryNotReady("Apps aren't loaded yet.")
django.core.exceptions.AppRegistryNotReady: Apps aren't loaded yet.
2026-02-26 12:49:24,919 [ERROR] celery.utils.dispatch.signal: Signal handler <bound method DjangoFixup.on_import_modules of <celery.fixups.django.DjangoFixup object at 0x7782136ffd70>> raised: ModuleNotFoundError("No module named 'monitoring'") (/usr/local/lib/python3.12/site-packages/celery/utils/dispatch/signal.py:280)
Traceback (most recent call last):
  File "/usr/local/lib/python3.12/site-packages/celery/utils/dispatch/signal.py", line 276, in send
    response = receiver(signal=self, sender=sender, **named)
               ^^^^^^^^^^^^^^^^^^^^^^^^^^^^^^^^^^^^^^^^^^^^^
  File "/usr/local/lib/python3.12/site-packages/celery/fixups/django.py", line 100, in on_import_modules
    self.worker_fixup.validate_models()
  File "/usr/local/lib/python3.12/site-packages/celery/fixups/django.py", line 138, in validate_models
    self.django_setup()
  File "/usr/local/lib/python3.12/site-packages/celery/fixups/django.py", line 134, in django_setup
    django.setup()
  File "/usr/local/lib/python3.12/site-packages/django/__init__.py", line 24, in setup
    apps.populate(settings.INSTALLED_APPS)
  File "/usr/local/lib/python3.12/site-packages/django/apps/registry.py", line 91, in populate
    app_config = AppConfig.create(entry)
                 ^^^^^^^^^^^^^^^^^^^^^^^
  File "/usr/local/lib/python3.12/site-packages/django/apps/config.py", line 193, in create
    import_module(entry)
  File "/usr/local/lib/python3.12/importlib/__init__.py", line 90, in import_module
    return _bootstrap._gcd_import(name[level:], package, level)
           ^^^^^^^^^^^^^^^^^^^^^^^^^^^^^^^^^^^^^^^^^^^^^^^^^^^^
  File "<frozen importlib._bootstrap>", line 1387, in _gcd_import
  File "<frozen importlib._bootstrap>", line 1360, in _find_and_load
  File "<frozen importlib._bootstrap>", line 1324, in _find_and_load_unlocked
ModuleNotFoundError: No module named 'monitoring'
2026-02-26 12:49:24,921 [ERROR] celery.utils.dispatch.signal: Signal handler <promise@0x7782118eccd0 --> <bound method Celery._autodiscover_tasks of <Celery pruebatecno at 0x778211f4c860>>> raised: AppRegistryNotReady("Apps aren't loaded yet.") (/usr/local/lib/python3.12/site-packages/celery/utils/dispatch/signal.py:280)
Traceback (most recent call last):
  File "/usr/local/lib/python3.12/site-packages/celery/utils/dispatch/signal.py", line 276, in send
    response = receiver(signal=self, sender=sender, **named)
               ^^^^^^^^^^^^^^^^^^^^^^^^^^^^^^^^^^^^^^^^^^^^^
  File "/usr/local/lib/python3.12/site-packages/vine/promises.py", line 161, in __call__
    return self.throw()
           ^^^^^^^^^^^^
  File "/usr/local/lib/python3.12/site-packages/vine/promises.py", line 158, in __call__
    retval = fun(*final_args, **final_kwargs)
             ^^^^^^^^^^^^^^^^^^^^^^^^^^^^^^^^
  File "/usr/local/lib/python3.12/site-packages/celery/app/base.py", line 694, in _autodiscover_tasks
    return self._autodiscover_tasks_from_fixups(related_name)
           ^^^^^^^^^^^^^^^^^^^^^^^^^^^^^^^^^^^^^^^^^^^^^^^^^^
  File "/usr/local/lib/python3.12/site-packages/celery/app/base.py", line 706, in _autodiscover_tasks_from_fixups
    for pkg in fixup.autodiscover_tasks()
               ^^^^^^^^^^^^^^^^^^^^^^^^^^
  File "/usr/local/lib/python3.12/site-packages/celery/fixups/django.py", line 110, in autodiscover_tasks
    return [config.name for config in apps.get_app_configs()]
                                      ^^^^^^^^^^^^^^^^^^^^^^
  File "/usr/local/lib/python3.12/site-packages/django/apps/registry.py", line 147, in get_app_configs
    self.check_apps_ready()
  File "/usr/local/lib/python3.12/site-packages/django/apps/registry.py", line 138, in check_apps_ready
    raise AppRegistryNotReady("Apps aren't loaded yet.")
django.core.exceptions.AppRegistryNotReady: Apps aren't loaded yet.
2026-02-26 12:49:25,034 [ERROR] celery.utils.dispatch.signal: Signal handler <bound method DjangoFixup.on_import_modules of <celery.fixups.django.DjangoFixup object at 0x7fea41f06ba0>> raised: ModuleNotFoundError("No module named 'monitoring'") (/usr/local/lib/python3.12/site-packages/celery/utils/dispatch/signal.py:280)
Traceback (most recent call last):
  File "/usr/local/lib/python3.12/site-packages/celery/utils/dispatch/signal.py", line 276, in send
    response = receiver(signal=self, sender=sender, **named)
               ^^^^^^^^^^^^^^^^^^^^^^^^^^^^^^^^^^^^^^^^^^^^^
  File "/usr/local/lib/python3.12/site-packages/celery/fixups/django.py", line 100, in on_import_modules
    self.worker_fixup.validate_models()
  File "/usr/local/lib/python3.12/site-packages/celery/fixups/django.py", line 138, in validate_models
    self.django_setup()
  File "/usr/local/lib/python3.12/site-packages/celery/fixups/django.py", line 134, in django_setup
    django.setup()
  File "/usr/local/lib/python3.12/site-packages/django/__init__.py", line 24, in setup
    apps.populate(settings.INSTALLED_APPS)
  File "/usr/local/lib/python3.12/site-packages/django/apps/registry.py", line 91, in populate
    app_config = AppConfig.create(entry)
                 ^^^^^^^^^^^^^^^^^^^^^^^
  File "/usr/local/lib/python3.12/site-packages/django/apps/config.py", line 193, in create
    import_module(entry)
  File "/usr/local/lib/python3.12/importlib/__init__.py", line 90, in import_module
    return _bootstrap._gcd_import(name[level:], package, level)
           ^^^^^^^^^^^^^^^^^^^^^^^^^^^^^^^^^^^^^^^^^^^^^^^^^^^^
  File "<frozen importlib._bootstrap>", line 1387, in _gcd_import
  File "<frozen importlib._bootstrap>", line 1360, in _find_and_load
  File "<frozen importlib._bootstrap>", line 1324, in _find_and_load_unlocked
ModuleNotFoundError: No module named 'monitoring'
2026-02-26 12:49:25,037 [ERROR] celery.utils.dispatch.signal: Signal handler <promise@0x7fea41704cd0 --> <bound method Celery._autodiscover_tasks of <Celery pruebatecno at 0x7fea41a34230>>> raised: AppRegistryNotReady("Apps aren't loaded yet.") (/usr/local/lib/python3.12/site-packages/celery/utils/dispatch/signal.py:280)
Traceback (most recent call last):
  File "/usr/local/lib/python3.12/site-packages/celery/utils/dispatch/signal.py", line 276, in send
    response = receiver(signal=self, sender=sender, **named)
               ^^^^^^^^^^^^^^^^^^^^^^^^^^^^^^^^^^^^^^^^^^^^^
  File "/usr/local/lib/python3.12/site-packages/vine/promises.py", line 161, in __call__
    return self.throw()
           ^^^^^^^^^^^^
  File "/usr/local/lib/python3.12/site-packages/vine/promises.py", line 158, in __call__
    retval = fun(*final_args, **final_kwargs)
             ^^^^^^^^^^^^^^^^^^^^^^^^^^^^^^^^
  File "/usr/local/lib/python3.12/site-packages/celery/app/base.py", line 694, in _autodiscover_tasks
    return self._autodiscover_tasks_from_fixups(related_name)
           ^^^^^^^^^^^^^^^^^^^^^^^^^^^^^^^^^^^^^^^^^^^^^^^^^^
  File "/usr/local/lib/python3.12/site-packages/celery/app/base.py", line 706, in _autodiscover_tasks_from_fixups
    for pkg in fixup.autodiscover_tasks()
               ^^^^^^^^^^^^^^^^^^^^^^^^^^
  File "/usr/local/lib/python3.12/site-packages/celery/fixups/django.py", line 110, in autodiscover_tasks
    return [config.name for config in apps.get_app_configs()]
                                      ^^^^^^^^^^^^^^^^^^^^^^
  File "/usr/local/lib/python3.12/site-packages/django/apps/registry.py", line 147, in get_app_configs
    self.check_apps_ready()
  File "/usr/local/lib/python3.12/site-packages/django/apps/registry.py", line 138, in check_apps_ready
    raise AppRegistryNotReady("Apps aren't loaded yet.")
django.core.exceptions.AppRegistryNotReady: Apps aren't loaded yet.
2026-02-26 12:49:27,764 [ERROR] celery.utils.dispatch.signal: Signal handler <bound method DjangoFixup.on_import_modules of <celery.fixups.django.DjangoFixup object at 0x75e7cda00680>> raised: ModuleNotFoundError("No module named 'monitoring'") (/usr/local/lib/python3.12/site-packages/celery/utils/dispatch/signal.py:280)
Traceback (most recent call last):
  File "/usr/local/lib/python3.12/site-packages/celery/utils/dispatch/signal.py", line 276, in send
    response = receiver(signal=self, sender=sender, **named)
               ^^^^^^^^^^^^^^^^^^^^^^^^^^^^^^^^^^^^^^^^^^^^^
  File "/usr/local/lib/python3.12/site-packages/celery/fixups/django.py", line 100, in on_import_modules
    self.worker_fixup.validate_models()
  File "/usr/local/lib/python3.12/site-packages/celery/fixups/django.py", line 138, in validate_models
    self.django_setup()
  File "/usr/local/lib/python3.12/site-packages/celery/fixups/django.py", line 134, in django_setup
    django.setup()
  File "/usr/local/lib/python3.12/site-packages/django/__init__.py", line 24, in setup
    apps.populate(settings.INSTALLED_APPS)
  File "/usr/local/lib/python3.12/site-packages/django/apps/registry.py", line 91, in populate
    app_config = AppConfig.create(entry)
                 ^^^^^^^^^^^^^^^^^^^^^^^
  File "/usr/local/lib/python3.12/site-packages/django/apps/config.py", line 193, in create
    import_module(entry)
  File "/usr/local/lib/python3.12/importlib/__init__.py", line 90, in import_module
    return _bootstrap._gcd_import(name[level:], package, level)
           ^^^^^^^^^^^^^^^^^^^^^^^^^^^^^^^^^^^^^^^^^^^^^^^^^^^^
  File "<frozen importlib._bootstrap>", line 1387, in _gcd_import
  File "<frozen importlib._bootstrap>", line 1360, in _find_and_load
  File "<frozen importlib._bootstrap>", line 1324, in _find_and_load_unlocked
ModuleNotFoundError: No module named 'monitoring'
2026-02-26 12:49:27,767 [ERROR] celery.utils.dispatch.signal: Signal handler <promise@0x75e7cd774cd0 --> <bound method Celery._autodiscover_tasks of <Celery pruebatecno at 0x75e7ce6b86b0>>> raised: AppRegistryNotReady("Apps aren't loaded yet.") (/usr/local/lib/python3.12/site-packages/celery/utils/dispatch/signal.py:280)
Traceback (most recent call last):
  File "/usr/local/lib/python3.12/site-packages/celery/utils/dispatch/signal.py", line 276, in send
    response = receiver(signal=self, sender=sender, **named)
               ^^^^^^^^^^^^^^^^^^^^^^^^^^^^^^^^^^^^^^^^^^^^^
  File "/usr/local/lib/python3.12/site-packages/vine/promises.py", line 161, in __call__
    return self.throw()
           ^^^^^^^^^^^^
  File "/usr/local/lib/python3.12/site-packages/vine/promises.py", line 158, in __call__
    retval = fun(*final_args, **final_kwargs)
             ^^^^^^^^^^^^^^^^^^^^^^^^^^^^^^^^
  File "/usr/local/lib/python3.12/site-packages/celery/app/base.py", line 694, in _autodiscover_tasks
    return self._autodiscover_tasks_from_fixups(related_name)
           ^^^^^^^^^^^^^^^^^^^^^^^^^^^^^^^^^^^^^^^^^^^^^^^^^^
  File "/usr/local/lib/python3.12/site-packages/celery/app/base.py", line 706, in _autodiscover_tasks_from_fixups
    for pkg in fixup.autodiscover_tasks()
               ^^^^^^^^^^^^^^^^^^^^^^^^^^
  File "/usr/local/lib/python3.12/site-packages/celery/fixups/django.py", line 110, in autodiscover_tasks
    return [config.name for config in apps.get_app_configs()]
                                      ^^^^^^^^^^^^^^^^^^^^^^
  File "/usr/local/lib/python3.12/site-packages/django/apps/registry.py", line 147, in get_app_configs
    self.check_apps_ready()
  File "/usr/local/lib/python3.12/site-packages/django/apps/registry.py", line 138, in check_apps_ready
    raise AppRegistryNotReady("Apps aren't loaded yet.")
django.core.exceptions.AppRegistryNotReady: Apps aren't loaded yet.
2026-02-26 12:49:27,881 [ERROR] celery.utils.dispatch.signal: Signal handler <bound method DjangoFixup.on_import_modules of <celery.fixups.django.DjangoFixup object at 0x7a28b08654f0>> raised: ModuleNotFoundError("No module named 'monitoring'") (/usr/local/lib/python3.12/site-packages/celery/utils/dispatch/signal.py:280)
Traceback (most recent call last):
  File "/usr/local/lib/python3.12/site-packages/celery/utils/dispatch/signal.py", line 276, in send
    response = receiver(signal=self, sender=sender, **named)
               ^^^^^^^^^^^^^^^^^^^^^^^^^^^^^^^^^^^^^^^^^^^^^
  File "/usr/local/lib/python3.12/site-packages/celery/fixups/django.py", line 100, in on_import_modules
    self.worker_fixup.validate_models()
  File "/usr/local/lib/python3.12/site-packages/celery/fixups/django.py", line 138, in validate_models
    self.django_setup()
  File "/usr/local/lib/python3.12/site-packages/celery/fixups/django.py", line 134, in django_setup
    django.setup()
  File "/usr/local/lib/python3.12/site-packages/django/__init__.py", line 24, in setup
    apps.populate(settings.INSTALLED_APPS)
  File "/usr/local/lib/python3.12/site-packages/django/apps/registry.py", line 91, in populate
    app_config = AppConfig.create(entry)
                 ^^^^^^^^^^^^^^^^^^^^^^^
  File "/usr/local/lib/python3.12/site-packages/django/apps/config.py", line 193, in create
    import_module(entry)
  File "/usr/local/lib/python3.12/importlib/__init__.py", line 90, in import_module
    return _bootstrap._gcd_import(name[level:], package, level)
           ^^^^^^^^^^^^^^^^^^^^^^^^^^^^^^^^^^^^^^^^^^^^^^^^^^^^
  File "<frozen importlib._bootstrap>", line 1387, in _gcd_import
  File "<frozen importlib._bootstrap>", line 1360, in _find_and_load
  File "<frozen importlib._bootstrap>", line 1324, in _find_and_load_unlocked
ModuleNotFoundError: No module named 'monitoring'
2026-02-26 12:49:27,884 [ERROR] celery.utils.dispatch.signal: Signal handler <promise@0x7a28b067ccd0 --> <bound method Celery._autodiscover_tasks of <Celery pruebatecno at 0x7a28b08fbad0>>> raised: AppRegistryNotReady("Apps aren't loaded yet.") (/usr/local/lib/python3.12/site-packages/celery/utils/dispatch/signal.py:280)
Traceback (most recent call last):
  File "/usr/local/lib/python3.12/site-packages/celery/utils/dispatch/signal.py", line 276, in send
    response = receiver(signal=self, sender=sender, **named)
               ^^^^^^^^^^^^^^^^^^^^^^^^^^^^^^^^^^^^^^^^^^^^^
  File "/usr/local/lib/python3.12/site-packages/vine/promises.py", line 161, in __call__
    return self.throw()
           ^^^^^^^^^^^^
  File "/usr/local/lib/python3.12/site-packages/vine/promises.py", line 158, in __call__
    retval = fun(*final_args, **final_kwargs)
             ^^^^^^^^^^^^^^^^^^^^^^^^^^^^^^^^
  File "/usr/local/lib/python3.12/site-packages/celery/app/base.py", line 694, in _autodiscover_tasks
    return self._autodiscover_tasks_from_fixups(related_name)
           ^^^^^^^^^^^^^^^^^^^^^^^^^^^^^^^^^^^^^^^^^^^^^^^^^^
  File "/usr/local/lib/python3.12/site-packages/celery/app/base.py", line 706, in _autodiscover_tasks_from_fixups
    for pkg in fixup.autodiscover_tasks()
               ^^^^^^^^^^^^^^^^^^^^^^^^^^
  File "/usr/local/lib/python3.12/site-packages/celery/fixups/django.py", line 110, in autodiscover_tasks
    return [config.name for config in apps.get_app_configs()]
                                      ^^^^^^^^^^^^^^^^^^^^^^
  File "/usr/local/lib/python3.12/site-packages/django/apps/registry.py", line 147, in get_app_configs
    self.check_apps_ready()
  File "/usr/local/lib/python3.12/site-packages/django/apps/registry.py", line 138, in check_apps_ready
    raise AppRegistryNotReady("Apps aren't loaded yet.")
django.core.exceptions.AppRegistryNotReady: Apps aren't loaded yet.
2026-02-26 12:49:31,075 [ERROR] celery.utils.dispatch.signal: Signal handler <bound method DjangoFixup.on_import_modules of <celery.fixups.django.DjangoFixup object at 0x7f1636716420>> raised: ModuleNotFoundError("No module named 'monitoring'") (/usr/local/lib/python3.12/site-packages/celery/utils/dispatch/signal.py:280)
Traceback (most recent call last):
  File "/usr/local/lib/python3.12/site-packages/celery/utils/dispatch/signal.py", line 276, in send
    response = receiver(signal=self, sender=sender, **named)
               ^^^^^^^^^^^^^^^^^^^^^^^^^^^^^^^^^^^^^^^^^^^^^
  File "/usr/local/lib/python3.12/site-packages/celery/fixups/django.py", line 100, in on_import_modules
    self.worker_fixup.validate_models()
  File "/usr/local/lib/python3.12/site-packages/celery/fixups/django.py", line 138, in validate_models
    self.django_setup()
  File "/usr/local/lib/python3.12/site-packages/celery/fixups/django.py", line 134, in django_setup
    django.setup()
  File "/usr/local/lib/python3.12/site-packages/django/__init__.py", line 24, in setup
    apps.populate(settings.INSTALLED_APPS)
  File "/usr/local/lib/python3.12/site-packages/django/apps/registry.py", line 91, in populate
    app_config = AppConfig.create(entry)
                 ^^^^^^^^^^^^^^^^^^^^^^^
  File "/usr/local/lib/python3.12/site-packages/django/apps/config.py", line 193, in create
    import_module(entry)
  File "/usr/local/lib/python3.12/importlib/__init__.py", line 90, in import_module
    return _bootstrap._gcd_import(name[level:], package, level)
           ^^^^^^^^^^^^^^^^^^^^^^^^^^^^^^^^^^^^^^^^^^^^^^^^^^^^
  File "<frozen importlib._bootstrap>", line 1387, in _gcd_import
  File "<frozen importlib._bootstrap>", line 1360, in _find_and_load
  File "<frozen importlib._bootstrap>", line 1324, in _find_and_load_unlocked
ModuleNotFoundError: No module named 'monitoring'
2026-02-26 12:49:31,077 [ERROR] celery.utils.dispatch.signal: Signal handler <promise@0x7f1636528cd0 --> <bound method Celery._autodiscover_tasks of <Celery pruebatecno at 0x7f16367a3ad0>>> raised: AppRegistryNotReady("Apps aren't loaded yet.") (/usr/local/lib/python3.12/site-packages/celery/utils/dispatch/signal.py:280)
Traceback (most recent call last):
  File "/usr/local/lib/python3.12/site-packages/celery/utils/dispatch/signal.py", line 276, in send
    response = receiver(signal=self, sender=sender, **named)
               ^^^^^^^^^^^^^^^^^^^^^^^^^^^^^^^^^^^^^^^^^^^^^
  File "/usr/local/lib/python3.12/site-packages/vine/promises.py", line 161, in __call__
    return self.throw()
           ^^^^^^^^^^^^
  File "/usr/local/lib/python3.12/site-packages/vine/promises.py", line 158, in __call__
    retval = fun(*final_args, **final_kwargs)
             ^^^^^^^^^^^^^^^^^^^^^^^^^^^^^^^^
  File "/usr/local/lib/python3.12/site-packages/celery/app/base.py", line 694, in _autodiscover_tasks
    return self._autodiscover_tasks_from_fixups(related_name)
           ^^^^^^^^^^^^^^^^^^^^^^^^^^^^^^^^^^^^^^^^^^^^^^^^^^
  File "/usr/local/lib/python3.12/site-packages/celery/app/base.py", line 706, in _autodiscover_tasks_from_fixups
    for pkg in fixup.autodiscover_tasks()
               ^^^^^^^^^^^^^^^^^^^^^^^^^^
  File "/usr/local/lib/python3.12/site-packages/celery/fixups/django.py", line 110, in autodiscover_tasks
    return [config.name for config in apps.get_app_configs()]
                                      ^^^^^^^^^^^^^^^^^^^^^^
  File "/usr/local/lib/python3.12/site-packages/django/apps/registry.py", line 147, in get_app_configs
    self.check_apps_ready()
  File "/usr/local/lib/python3.12/site-packages/django/apps/registry.py", line 138, in check_apps_ready
    raise AppRegistryNotReady("Apps aren't loaded yet.")
django.core.exceptions.AppRegistryNotReady: Apps aren't loaded yet.
2026-02-26 12:49:31,090 [ERROR] celery.utils.dispatch.signal: Signal handler <bound method DjangoFixup.on_import_modules of <celery.fixups.django.DjangoFixup object at 0x7fcfbaeee600>> raised: ModuleNotFoundError("No module named 'monitoring'") (/usr/local/lib/python3.12/site-packages/celery/utils/dispatch/signal.py:280)
Traceback (most recent call last):
  File "/usr/local/lib/python3.12/site-packages/celery/utils/dispatch/signal.py", line 276, in send
    response = receiver(signal=self, sender=sender, **named)
               ^^^^^^^^^^^^^^^^^^^^^^^^^^^^^^^^^^^^^^^^^^^^^
  File "/usr/local/lib/python3.12/site-packages/celery/fixups/django.py", line 100, in on_import_modules
    self.worker_fixup.validate_models()
  File "/usr/local/lib/python3.12/site-packages/celery/fixups/django.py", line 138, in validate_models
    self.django_setup()
  File "/usr/local/lib/python3.12/site-packages/celery/fixups/django.py", line 134, in django_setup
    django.setup()
  File "/usr/local/lib/python3.12/site-packages/django/__init__.py", line 24, in setup
    apps.populate(settings.INSTALLED_APPS)
  File "/usr/local/lib/python3.12/site-packages/django/apps/registry.py", line 91, in populate
    app_config = AppConfig.create(entry)
                 ^^^^^^^^^^^^^^^^^^^^^^^
  File "/usr/local/lib/python3.12/site-packages/django/apps/config.py", line 193, in create
    import_module(entry)
  File "/usr/local/lib/python3.12/importlib/__init__.py", line 90, in import_module
    return _bootstrap._gcd_import(name[level:], package, level)
           ^^^^^^^^^^^^^^^^^^^^^^^^^^^^^^^^^^^^^^^^^^^^^^^^^^^^
  File "<frozen importlib._bootstrap>", line 1387, in _gcd_import
  File "<frozen importlib._bootstrap>", line 1360, in _find_and_load
  File "<frozen importlib._bootstrap>", line 1324, in _find_and_load_unlocked
ModuleNotFoundError: No module named 'monitoring'
2026-02-26 12:49:31,091 [ERROR] celery.utils.dispatch.signal: Signal handler <promise@0x7fcfbac7ccd0 --> <bound method Celery._autodiscover_tasks of <Celery pruebatecno at 0x7fcfbaefc710>>> raised: AppRegistryNotReady("Apps aren't loaded yet.") (/usr/local/lib/python3.12/site-packages/celery/utils/dispatch/signal.py:280)
Traceback (most recent call last):
  File "/usr/local/lib/python3.12/site-packages/celery/utils/dispatch/signal.py", line 276, in send
    response = receiver(signal=self, sender=sender, **named)
               ^^^^^^^^^^^^^^^^^^^^^^^^^^^^^^^^^^^^^^^^^^^^^
  File "/usr/local/lib/python3.12/site-packages/vine/promises.py", line 161, in __call__
    return self.throw()
           ^^^^^^^^^^^^
  File "/usr/local/lib/python3.12/site-packages/vine/promises.py", line 158, in __call__
    retval = fun(*final_args, **final_kwargs)
             ^^^^^^^^^^^^^^^^^^^^^^^^^^^^^^^^
  File "/usr/local/lib/python3.12/site-packages/celery/app/base.py", line 694, in _autodiscover_tasks
    return self._autodiscover_tasks_from_fixups(related_name)
           ^^^^^^^^^^^^^^^^^^^^^^^^^^^^^^^^^^^^^^^^^^^^^^^^^^
  File "/usr/local/lib/python3.12/site-packages/celery/app/base.py", line 706, in _autodiscover_tasks_from_fixups
    for pkg in fixup.autodiscover_tasks()
               ^^^^^^^^^^^^^^^^^^^^^^^^^^
  File "/usr/local/lib/python3.12/site-packages/celery/fixups/django.py", line 110, in autodiscover_tasks
    return [config.name for config in apps.get_app_configs()]
                                      ^^^^^^^^^^^^^^^^^^^^^^
  File "/usr/local/lib/python3.12/site-packages/django/apps/registry.py", line 147, in get_app_configs
    self.check_apps_ready()
  File "/usr/local/lib/python3.12/site-packages/django/apps/registry.py", line 138, in check_apps_ready
    raise AppRegistryNotReady("Apps aren't loaded yet.")
django.core.exceptions.AppRegistryNotReady: Apps aren't loaded yet.
2026-02-26 12:49:35,262 [ERROR] celery.utils.dispatch.signal: Signal handler <bound method DjangoFixup.on_import_modules of <celery.fixups.django.DjangoFixup object at 0x7123c9a8f3b0>> raised: ModuleNotFoundError("No module named 'monitoring'") (/usr/local/lib/python3.12/site-packages/celery/utils/dispatch/signal.py:280)
Traceback (most recent call last):
  File "/usr/local/lib/python3.12/site-packages/celery/utils/dispatch/signal.py", line 276, in send
    response = receiver(signal=self, sender=sender, **named)
               ^^^^^^^^^^^^^^^^^^^^^^^^^^^^^^^^^^^^^^^^^^^^^
  File "/usr/local/lib/python3.12/site-packages/celery/fixups/django.py", line 100, in on_import_modules
    self.worker_fixup.validate_models()
  File "/usr/local/lib/python3.12/site-packages/celery/fixups/django.py", line 138, in validate_models
    self.django_setup()
  File "/usr/local/lib/python3.12/site-packages/celery/fixups/django.py", line 134, in django_setup
    django.setup()
  File "/usr/local/lib/python3.12/site-packages/django/__init__.py", line 24, in setup
    apps.populate(settings.INSTALLED_APPS)
  File "/usr/local/lib/python3.12/site-packages/django/apps/registry.py", line 91, in populate
    app_config = AppConfig.create(entry)
                 ^^^^^^^^^^^^^^^^^^^^^^^
  File "/usr/local/lib/python3.12/site-packages/django/apps/config.py", line 193, in create
    import_module(entry)
  File "/usr/local/lib/python3.12/importlib/__init__.py", line 90, in import_module
    return _bootstrap._gcd_import(name[level:], package, level)
           ^^^^^^^^^^^^^^^^^^^^^^^^^^^^^^^^^^^^^^^^^^^^^^^^^^^^
  File "<frozen importlib._bootstrap>", line 1387, in _gcd_import
  File "<frozen importlib._bootstrap>", line 1360, in _find_and_load
  File "<frozen importlib._bootstrap>", line 1324, in _find_and_load_unlocked
ModuleNotFoundError: No module named 'monitoring'
2026-02-26 12:49:35,265 [ERROR] celery.utils.dispatch.signal: Signal handler <promise@0x7123c98a4cd0 --> <bound method Celery._autodiscover_tasks of <Celery pruebatecno at 0x7123c9a807d0>>> raised: AppRegistryNotReady("Apps aren't loaded yet.") (/usr/local/lib/python3.12/site-packages/celery/utils/dispatch/signal.py:280)
Traceback (most recent call last):
  File "/usr/local/lib/python3.12/site-packages/celery/utils/dispatch/signal.py", line 276, in send
    response = receiver(signal=self, sender=sender, **named)
               ^^^^^^^^^^^^^^^^^^^^^^^^^^^^^^^^^^^^^^^^^^^^^
  File "/usr/local/lib/python3.12/site-packages/vine/promises.py", line 161, in __call__
    return self.throw()
           ^^^^^^^^^^^^
  File "/usr/local/lib/python3.12/site-packages/vine/promises.py", line 158, in __call__
    retval = fun(*final_args, **final_kwargs)
             ^^^^^^^^^^^^^^^^^^^^^^^^^^^^^^^^
  File "/usr/local/lib/python3.12/site-packages/celery/app/base.py", line 694, in _autodiscover_tasks
    return self._autodiscover_tasks_from_fixups(related_name)
           ^^^^^^^^^^^^^^^^^^^^^^^^^^^^^^^^^^^^^^^^^^^^^^^^^^
  File "/usr/local/lib/python3.12/site-packages/celery/app/base.py", line 706, in _autodiscover_tasks_from_fixups
    for pkg in fixup.autodiscover_tasks()
               ^^^^^^^^^^^^^^^^^^^^^^^^^^
  File "/usr/local/lib/python3.12/site-packages/celery/fixups/django.py", line 110, in autodiscover_tasks
    return [config.name for config in apps.get_app_configs()]
                                      ^^^^^^^^^^^^^^^^^^^^^^
  File "/usr/local/lib/python3.12/site-packages/django/apps/registry.py", line 147, in get_app_configs
    self.check_apps_ready()
  File "/usr/local/lib/python3.12/site-packages/django/apps/registry.py", line 138, in check_apps_ready
    raise AppRegistryNotReady("Apps aren't loaded yet.")
django.core.exceptions.AppRegistryNotReady: Apps aren't loaded yet.
2026-02-26 12:49:35,547 [ERROR] celery.utils.dispatch.signal: Signal handler <bound method DjangoFixup.on_import_modules of <celery.fixups.django.DjangoFixup object at 0x7be1579d4470>> raised: ModuleNotFoundError("No module named 'monitoring'") (/usr/local/lib/python3.12/site-packages/celery/utils/dispatch/signal.py:280)
Traceback (most recent call last):
  File "/usr/local/lib/python3.12/site-packages/celery/utils/dispatch/signal.py", line 276, in send
    response = receiver(signal=self, sender=sender, **named)
               ^^^^^^^^^^^^^^^^^^^^^^^^^^^^^^^^^^^^^^^^^^^^^
  File "/usr/local/lib/python3.12/site-packages/celery/fixups/django.py", line 100, in on_import_modules
    self.worker_fixup.validate_models()
  File "/usr/local/lib/python3.12/site-packages/celery/fixups/django.py", line 138, in validate_models
    self.django_setup()
  File "/usr/local/lib/python3.12/site-packages/celery/fixups/django.py", line 134, in django_setup
    django.setup()
  File "/usr/local/lib/python3.12/site-packages/django/__init__.py", line 24, in setup
    apps.populate(settings.INSTALLED_APPS)
  File "/usr/local/lib/python3.12/site-packages/django/apps/registry.py", line 91, in populate
    app_config = AppConfig.create(entry)
                 ^^^^^^^^^^^^^^^^^^^^^^^
  File "/usr/local/lib/python3.12/site-packages/django/apps/config.py", line 193, in create
    import_module(entry)
  File "/usr/local/lib/python3.12/importlib/__init__.py", line 90, in import_module
    return _bootstrap._gcd_import(name[level:], package, level)
           ^^^^^^^^^^^^^^^^^^^^^^^^^^^^^^^^^^^^^^^^^^^^^^^^^^^^
  File "<frozen importlib._bootstrap>", line 1387, in _gcd_import
  File "<frozen importlib._bootstrap>", line 1360, in _find_and_load
  File "<frozen importlib._bootstrap>", line 1324, in _find_and_load_unlocked
ModuleNotFoundError: No module named 'monitoring'
2026-02-26 12:49:35,550 [ERROR] celery.utils.dispatch.signal: Signal handler <promise@0x7be15774ccd0 --> <bound method Celery._autodiscover_tasks of <Celery pruebatecno at 0x7be1581f44a0>>> raised: AppRegistryNotReady("Apps aren't loaded yet.") (/usr/local/lib/python3.12/site-packages/celery/utils/dispatch/signal.py:280)
Traceback (most recent call last):
  File "/usr/local/lib/python3.12/site-packages/celery/utils/dispatch/signal.py", line 276, in send
    response = receiver(signal=self, sender=sender, **named)
               ^^^^^^^^^^^^^^^^^^^^^^^^^^^^^^^^^^^^^^^^^^^^^
  File "/usr/local/lib/python3.12/site-packages/vine/promises.py", line 161, in __call__
    return self.throw()
           ^^^^^^^^^^^^
  File "/usr/local/lib/python3.12/site-packages/vine/promises.py", line 158, in __call__
    retval = fun(*final_args, **final_kwargs)
             ^^^^^^^^^^^^^^^^^^^^^^^^^^^^^^^^
  File "/usr/local/lib/python3.12/site-packages/celery/app/base.py", line 694, in _autodiscover_tasks
    return self._autodiscover_tasks_from_fixups(related_name)
           ^^^^^^^^^^^^^^^^^^^^^^^^^^^^^^^^^^^^^^^^^^^^^^^^^^
  File "/usr/local/lib/python3.12/site-packages/celery/app/base.py", line 706, in _autodiscover_tasks_from_fixups
    for pkg in fixup.autodiscover_tasks()
               ^^^^^^^^^^^^^^^^^^^^^^^^^^
  File "/usr/local/lib/python3.12/site-packages/celery/fixups/django.py", line 110, in autodiscover_tasks
    return [config.name for config in apps.get_app_configs()]
                                      ^^^^^^^^^^^^^^^^^^^^^^
  File "/usr/local/lib/python3.12/site-packages/django/apps/registry.py", line 147, in get_app_configs
    self.check_apps_ready()
  File "/usr/local/lib/python3.12/site-packages/django/apps/registry.py", line 138, in check_apps_ready
    raise AppRegistryNotReady("Apps aren't loaded yet.")
django.core.exceptions.AppRegistryNotReady: Apps aren't loaded yet.
2026-02-26 12:49:40,633 [ERROR] celery.utils.dispatch.signal: Signal handler <bound method DjangoFixup.on_import_modules of <celery.fixups.django.DjangoFixup object at 0x6ffce4849520>> raised: ModuleNotFoundError("No module named 'monitoring'") (/usr/local/lib/python3.12/site-packages/celery/utils/dispatch/signal.py:280)
Traceback (most recent call last):
  File "/usr/local/lib/python3.12/site-packages/celery/utils/dispatch/signal.py", line 276, in send
    response = receiver(signal=self, sender=sender, **named)
               ^^^^^^^^^^^^^^^^^^^^^^^^^^^^^^^^^^^^^^^^^^^^^
  File "/usr/local/lib/python3.12/site-packages/celery/fixups/django.py", line 100, in on_import_modules
    self.worker_fixup.validate_models()
  File "/usr/local/lib/python3.12/site-packages/celery/fixups/django.py", line 138, in validate_models
    self.django_setup()
  File "/usr/local/lib/python3.12/site-packages/celery/fixups/django.py", line 134, in django_setup
    django.setup()
  File "/usr/local/lib/python3.12/site-packages/django/__init__.py", line 24, in setup
    apps.populate(settings.INSTALLED_APPS)
  File "/usr/local/lib/python3.12/site-packages/django/apps/registry.py", line 91, in populate
    app_config = AppConfig.create(entry)
                 ^^^^^^^^^^^^^^^^^^^^^^^
  File "/usr/local/lib/python3.12/site-packages/django/apps/config.py", line 193, in create
    import_module(entry)
  File "/usr/local/lib/python3.12/importlib/__init__.py", line 90, in import_module
    return _bootstrap._gcd_import(name[level:], package, level)
           ^^^^^^^^^^^^^^^^^^^^^^^^^^^^^^^^^^^^^^^^^^^^^^^^^^^^
  File "<frozen importlib._bootstrap>", line 1387, in _gcd_import
  File "<frozen importlib._bootstrap>", line 1360, in _find_and_load
  File "<frozen importlib._bootstrap>", line 1324, in _find_and_load_unlocked
ModuleNotFoundError: No module named 'monitoring'
2026-02-26 12:49:40,634 [ERROR] celery.utils.dispatch.signal: Signal handler <promise@0x6ffce3c88cd0 --> <bound method Celery._autodiscover_tasks of <Celery pruebatecno at 0x6ffce3f0f7a0>>> raised: AppRegistryNotReady("Apps aren't loaded yet.") (/usr/local/lib/python3.12/site-packages/celery/utils/dispatch/signal.py:280)
Traceback (most recent call last):
  File "/usr/local/lib/python3.12/site-packages/celery/utils/dispatch/signal.py", line 276, in send
    response = receiver(signal=self, sender=sender, **named)
               ^^^^^^^^^^^^^^^^^^^^^^^^^^^^^^^^^^^^^^^^^^^^^
  File "/usr/local/lib/python3.12/site-packages/vine/promises.py", line 161, in __call__
    return self.throw()
           ^^^^^^^^^^^^
  File "/usr/local/lib/python3.12/site-packages/vine/promises.py", line 158, in __call__
    retval = fun(*final_args, **final_kwargs)
             ^^^^^^^^^^^^^^^^^^^^^^^^^^^^^^^^
  File "/usr/local/lib/python3.12/site-packages/celery/app/base.py", line 694, in _autodiscover_tasks
    return self._autodiscover_tasks_from_fixups(related_name)
           ^^^^^^^^^^^^^^^^^^^^^^^^^^^^^^^^^^^^^^^^^^^^^^^^^^
  File "/usr/local/lib/python3.12/site-packages/celery/app/base.py", line 706, in _autodiscover_tasks_from_fixups
    for pkg in fixup.autodiscover_tasks()
               ^^^^^^^^^^^^^^^^^^^^^^^^^^
  File "/usr/local/lib/python3.12/site-packages/celery/fixups/django.py", line 110, in autodiscover_tasks
    return [config.name for config in apps.get_app_configs()]
                                      ^^^^^^^^^^^^^^^^^^^^^^
  File "/usr/local/lib/python3.12/site-packages/django/apps/registry.py", line 147, in get_app_configs
    self.check_apps_ready()
  File "/usr/local/lib/python3.12/site-packages/django/apps/registry.py", line 138, in check_apps_ready
    raise AppRegistryNotReady("Apps aren't loaded yet.")
django.core.exceptions.AppRegistryNotReady: Apps aren't loaded yet.
2026-02-26 12:49:41,224 [ERROR] celery.utils.dispatch.signal: Signal handler <bound method DjangoFixup.on_import_modules of <celery.fixups.django.DjangoFixup object at 0x76d850f1cb60>> raised: ModuleNotFoundError("No module named 'monitoring'") (/usr/local/lib/python3.12/site-packages/celery/utils/dispatch/signal.py:280)
Traceback (most recent call last):
  File "/usr/local/lib/python3.12/site-packages/celery/utils/dispatch/signal.py", line 276, in send
    response = receiver(signal=self, sender=sender, **named)
               ^^^^^^^^^^^^^^^^^^^^^^^^^^^^^^^^^^^^^^^^^^^^^
  File "/usr/local/lib/python3.12/site-packages/celery/fixups/django.py", line 100, in on_import_modules
    self.worker_fixup.validate_models()
  File "/usr/local/lib/python3.12/site-packages/celery/fixups/django.py", line 138, in validate_models
    self.django_setup()
  File "/usr/local/lib/python3.12/site-packages/celery/fixups/django.py", line 134, in django_setup
    django.setup()
  File "/usr/local/lib/python3.12/site-packages/django/__init__.py", line 24, in setup
    apps.populate(settings.INSTALLED_APPS)
  File "/usr/local/lib/python3.12/site-packages/django/apps/registry.py", line 91, in populate
    app_config = AppConfig.create(entry)
                 ^^^^^^^^^^^^^^^^^^^^^^^
  File "/usr/local/lib/python3.12/site-packages/django/apps/config.py", line 193, in create
    import_module(entry)
  File "/usr/local/lib/python3.12/importlib/__init__.py", line 90, in import_module
    return _bootstrap._gcd_import(name[level:], package, level)
           ^^^^^^^^^^^^^^^^^^^^^^^^^^^^^^^^^^^^^^^^^^^^^^^^^^^^
  File "<frozen importlib._bootstrap>", line 1387, in _gcd_import
  File "<frozen importlib._bootstrap>", line 1360, in _find_and_load
  File "<frozen importlib._bootstrap>", line 1324, in _find_and_load_unlocked
ModuleNotFoundError: No module named 'monitoring'
2026-02-26 12:49:41,225 [ERROR] celery.utils.dispatch.signal: Signal handler <promise@0x76d850c98cd0 --> <bound method Celery._autodiscover_tasks of <Celery pruebatecno at 0x76d850fcc2f0>>> raised: AppRegistryNotReady("Apps aren't loaded yet.") (/usr/local/lib/python3.12/site-packages/celery/utils/dispatch/signal.py:280)
Traceback (most recent call last):
  File "/usr/local/lib/python3.12/site-packages/celery/utils/dispatch/signal.py", line 276, in send
    response = receiver(signal=self, sender=sender, **named)
               ^^^^^^^^^^^^^^^^^^^^^^^^^^^^^^^^^^^^^^^^^^^^^
  File "/usr/local/lib/python3.12/site-packages/vine/promises.py", line 161, in __call__
    return self.throw()
           ^^^^^^^^^^^^
  File "/usr/local/lib/python3.12/site-packages/vine/promises.py", line 158, in __call__
    retval = fun(*final_args, **final_kwargs)
             ^^^^^^^^^^^^^^^^^^^^^^^^^^^^^^^^
  File "/usr/local/lib/python3.12/site-packages/celery/app/base.py", line 694, in _autodiscover_tasks
    return self._autodiscover_tasks_from_fixups(related_name)
           ^^^^^^^^^^^^^^^^^^^^^^^^^^^^^^^^^^^^^^^^^^^^^^^^^^
  File "/usr/local/lib/python3.12/site-packages/celery/app/base.py", line 706, in _autodiscover_tasks_from_fixups
    for pkg in fixup.autodiscover_tasks()
               ^^^^^^^^^^^^^^^^^^^^^^^^^^
  File "/usr/local/lib/python3.12/site-packages/celery/fixups/django.py", line 110, in autodiscover_tasks
    return [config.name for config in apps.get_app_configs()]
                                      ^^^^^^^^^^^^^^^^^^^^^^
  File "/usr/local/lib/python3.12/site-packages/django/apps/registry.py", line 147, in get_app_configs
    self.check_apps_ready()
  File "/usr/local/lib/python3.12/site-packages/django/apps/registry.py", line 138, in check_apps_ready
    raise AppRegistryNotReady("Apps aren't loaded yet.")
django.core.exceptions.AppRegistryNotReady: Apps aren't loaded yet.
2026-02-26 12:49:50,056 [ERROR] celery.utils.dispatch.signal: Signal handler <bound method DjangoFixup.on_import_modules of <celery.fixups.django.DjangoFixup object at 0x7dd2988ffd70>> raised: ModuleNotFoundError("No module named 'monitoring'") (/usr/local/lib/python3.12/site-packages/celery/utils/dispatch/signal.py:280)
Traceback (most recent call last):
  File "/usr/local/lib/python3.12/site-packages/celery/utils/dispatch/signal.py", line 276, in send
    response = receiver(signal=self, sender=sender, **named)
               ^^^^^^^^^^^^^^^^^^^^^^^^^^^^^^^^^^^^^^^^^^^^^
  File "/usr/local/lib/python3.12/site-packages/celery/fixups/django.py", line 100, in on_import_modules
    self.worker_fixup.validate_models()
  File "/usr/local/lib/python3.12/site-packages/celery/fixups/django.py", line 138, in validate_models
    self.django_setup()
  File "/usr/local/lib/python3.12/site-packages/celery/fixups/django.py", line 134, in django_setup
    django.setup()
  File "/usr/local/lib/python3.12/site-packages/django/__init__.py", line 24, in setup
    apps.populate(settings.INSTALLED_APPS)
  File "/usr/local/lib/python3.12/site-packages/django/apps/registry.py", line 91, in populate
    app_config = AppConfig.create(entry)
                 ^^^^^^^^^^^^^^^^^^^^^^^
  File "/usr/local/lib/python3.12/site-packages/django/apps/config.py", line 193, in create
    import_module(entry)
  File "/usr/local/lib/python3.12/importlib/__init__.py", line 90, in import_module
    return _bootstrap._gcd_import(name[level:], package, level)
           ^^^^^^^^^^^^^^^^^^^^^^^^^^^^^^^^^^^^^^^^^^^^^^^^^^^^
  File "<frozen importlib._bootstrap>", line 1387, in _gcd_import
  File "<frozen importlib._bootstrap>", line 1360, in _find_and_load
  File "<frozen importlib._bootstrap>", line 1324, in _find_and_load_unlocked
ModuleNotFoundError: No module named 'monitoring'
2026-02-26 12:49:50,058 [ERROR] celery.utils.dispatch.signal: Signal handler <promise@0x7dd298714cd0 --> <bound method Celery._autodiscover_tasks of <Celery pruebatecno at 0x7dd29898c590>>> raised: AppRegistryNotReady("Apps aren't loaded yet.") (/usr/local/lib/python3.12/site-packages/celery/utils/dispatch/signal.py:280)
Traceback (most recent call last):
  File "/usr/local/lib/python3.12/site-packages/celery/utils/dispatch/signal.py", line 276, in send
    response = receiver(signal=self, sender=sender, **named)
               ^^^^^^^^^^^^^^^^^^^^^^^^^^^^^^^^^^^^^^^^^^^^^
  File "/usr/local/lib/python3.12/site-packages/vine/promises.py", line 161, in __call__
    return self.throw()
           ^^^^^^^^^^^^
  File "/usr/local/lib/python3.12/site-packages/vine/promises.py", line 158, in __call__
    retval = fun(*final_args, **final_kwargs)
             ^^^^^^^^^^^^^^^^^^^^^^^^^^^^^^^^
  File "/usr/local/lib/python3.12/site-packages/celery/app/base.py", line 694, in _autodiscover_tasks
    return self._autodiscover_tasks_from_fixups(related_name)
           ^^^^^^^^^^^^^^^^^^^^^^^^^^^^^^^^^^^^^^^^^^^^^^^^^^
  File "/usr/local/lib/python3.12/site-packages/celery/app/base.py", line 706, in _autodiscover_tasks_from_fixups
    for pkg in fixup.autodiscover_tasks()
               ^^^^^^^^^^^^^^^^^^^^^^^^^^
  File "/usr/local/lib/python3.12/site-packages/celery/fixups/django.py", line 110, in autodiscover_tasks
    return [config.name for config in apps.get_app_configs()]
                                      ^^^^^^^^^^^^^^^^^^^^^^
  File "/usr/local/lib/python3.12/site-packages/django/apps/registry.py", line 147, in get_app_configs
    self.check_apps_ready()
  File "/usr/local/lib/python3.12/site-packages/django/apps/registry.py", line 138, in check_apps_ready
    raise AppRegistryNotReady("Apps aren't loaded yet.")
django.core.exceptions.AppRegistryNotReady: Apps aren't loaded yet.
2026-02-26 12:49:50,398 [ERROR] celery.utils.dispatch.signal: Signal handler <bound method DjangoFixup.on_import_modules of <celery.fixups.django.DjangoFixup object at 0x7bc9002a8590>> raised: ModuleNotFoundError("No module named 'monitoring'") (/usr/local/lib/python3.12/site-packages/celery/utils/dispatch/signal.py:280)
Traceback (most recent call last):
  File "/usr/local/lib/python3.12/site-packages/celery/utils/dispatch/signal.py", line 276, in send
    response = receiver(signal=self, sender=sender, **named)
               ^^^^^^^^^^^^^^^^^^^^^^^^^^^^^^^^^^^^^^^^^^^^^
  File "/usr/local/lib/python3.12/site-packages/celery/fixups/django.py", line 100, in on_import_modules
    self.worker_fixup.validate_models()
  File "/usr/local/lib/python3.12/site-packages/celery/fixups/django.py", line 138, in validate_models
    self.django_setup()
  File "/usr/local/lib/python3.12/site-packages/celery/fixups/django.py", line 134, in django_setup
    django.setup()
  File "/usr/local/lib/python3.12/site-packages/django/__init__.py", line 24, in setup
    apps.populate(settings.INSTALLED_APPS)
  File "/usr/local/lib/python3.12/site-packages/django/apps/registry.py", line 91, in populate
    app_config = AppConfig.create(entry)
                 ^^^^^^^^^^^^^^^^^^^^^^^
  File "/usr/local/lib/python3.12/site-packages/django/apps/config.py", line 193, in create
    import_module(entry)
  File "/usr/local/lib/python3.12/importlib/__init__.py", line 90, in import_module
    return _bootstrap._gcd_import(name[level:], package, level)
           ^^^^^^^^^^^^^^^^^^^^^^^^^^^^^^^^^^^^^^^^^^^^^^^^^^^^
  File "<frozen importlib._bootstrap>", line 1387, in _gcd_import
  File "<frozen importlib._bootstrap>", line 1360, in _find_and_load
  File "<frozen importlib._bootstrap>", line 1324, in _find_and_load_unlocked
ModuleNotFoundError: No module named 'monitoring'
2026-02-26 12:49:50,402 [ERROR] celery.utils.dispatch.signal: Signal handler <promise@0x7bc900024cd0 --> <bound method Celery._autodiscover_tasks of <Celery pruebatecno at 0x7bc9002a78f0>>> raised: AppRegistryNotReady("Apps aren't loaded yet.") (/usr/local/lib/python3.12/site-packages/celery/utils/dispatch/signal.py:280)
Traceback (most recent call last):
  File "/usr/local/lib/python3.12/site-packages/celery/utils/dispatch/signal.py", line 276, in send
    response = receiver(signal=self, sender=sender, **named)
               ^^^^^^^^^^^^^^^^^^^^^^^^^^^^^^^^^^^^^^^^^^^^^
  File "/usr/local/lib/python3.12/site-packages/vine/promises.py", line 161, in __call__
    return self.throw()
           ^^^^^^^^^^^^
  File "/usr/local/lib/python3.12/site-packages/vine/promises.py", line 158, in __call__
    retval = fun(*final_args, **final_kwargs)
             ^^^^^^^^^^^^^^^^^^^^^^^^^^^^^^^^
  File "/usr/local/lib/python3.12/site-packages/celery/app/base.py", line 694, in _autodiscover_tasks
    return self._autodiscover_tasks_from_fixups(related_name)
           ^^^^^^^^^^^^^^^^^^^^^^^^^^^^^^^^^^^^^^^^^^^^^^^^^^
  File "/usr/local/lib/python3.12/site-packages/celery/app/base.py", line 706, in _autodiscover_tasks_from_fixups
    for pkg in fixup.autodiscover_tasks()
               ^^^^^^^^^^^^^^^^^^^^^^^^^^
  File "/usr/local/lib/python3.12/site-packages/celery/fixups/django.py", line 110, in autodiscover_tasks
    return [config.name for config in apps.get_app_configs()]
                                      ^^^^^^^^^^^^^^^^^^^^^^
  File "/usr/local/lib/python3.12/site-packages/django/apps/registry.py", line 147, in get_app_configs
    self.check_apps_ready()
  File "/usr/local/lib/python3.12/site-packages/django/apps/registry.py", line 138, in check_apps_ready
    raise AppRegistryNotReady("Apps aren't loaded yet.")
django.core.exceptions.AppRegistryNotReady: Apps aren't loaded yet.
2026-02-26 12:50:05,393 [ERROR] celery.utils.dispatch.signal: Signal handler <bound method DjangoFixup.on_import_modules of <celery.fixups.django.DjangoFixup object at 0x777f5c911d00>> raised: ModuleNotFoundError("No module named 'monitoring'") (/usr/local/lib/python3.12/site-packages/celery/utils/dispatch/signal.py:280)
Traceback (most recent call last):
  File "/usr/local/lib/python3.12/site-packages/celery/utils/dispatch/signal.py", line 276, in send
    response = receiver(signal=self, sender=sender, **named)
               ^^^^^^^^^^^^^^^^^^^^^^^^^^^^^^^^^^^^^^^^^^^^^
  File "/usr/local/lib/python3.12/site-packages/celery/fixups/django.py", line 100, in on_import_modules
    self.worker_fixup.validate_models()
  File "/usr/local/lib/python3.12/site-packages/celery/fixups/django.py", line 138, in validate_models
    self.django_setup()
  File "/usr/local/lib/python3.12/site-packages/celery/fixups/django.py", line 134, in django_setup
    django.setup()
  File "/usr/local/lib/python3.12/site-packages/django/__init__.py", line 24, in setup
    apps.populate(settings.INSTALLED_APPS)
  File "/usr/local/lib/python3.12/site-packages/django/apps/registry.py", line 91, in populate
    app_config = AppConfig.create(entry)
                 ^^^^^^^^^^^^^^^^^^^^^^^
  File "/usr/local/lib/python3.12/site-packages/django/apps/config.py", line 193, in create
    import_module(entry)
  File "/usr/local/lib/python3.12/importlib/__init__.py", line 90, in import_module
    return _bootstrap._gcd_import(name[level:], package, level)
           ^^^^^^^^^^^^^^^^^^^^^^^^^^^^^^^^^^^^^^^^^^^^^^^^^^^^
  File "<frozen importlib._bootstrap>", line 1387, in _gcd_import
  File "<frozen importlib._bootstrap>", line 1360, in _find_and_load
  File "<frozen importlib._bootstrap>", line 1324, in _find_and_load_unlocked
ModuleNotFoundError: No module named 'monitoring'
2026-02-26 12:50:05,398 [ERROR] celery.utils.dispatch.signal: Signal handler <promise@0x777f5c730cd0 --> <bound method Celery._autodiscover_tasks of <Celery pruebatecno at 0x777f5c9b7800>>> raised: AppRegistryNotReady("Apps aren't loaded yet.") (/usr/local/lib/python3.12/site-packages/celery/utils/dispatch/signal.py:280)
Traceback (most recent call last):
  File "/usr/local/lib/python3.12/site-packages/celery/utils/dispatch/signal.py", line 276, in send
    response = receiver(signal=self, sender=sender, **named)
               ^^^^^^^^^^^^^^^^^^^^^^^^^^^^^^^^^^^^^^^^^^^^^
  File "/usr/local/lib/python3.12/site-packages/vine/promises.py", line 161, in __call__
    return self.throw()
           ^^^^^^^^^^^^
  File "/usr/local/lib/python3.12/site-packages/vine/promises.py", line 158, in __call__
    retval = fun(*final_args, **final_kwargs)
             ^^^^^^^^^^^^^^^^^^^^^^^^^^^^^^^^
  File "/usr/local/lib/python3.12/site-packages/celery/app/base.py", line 694, in _autodiscover_tasks
    return self._autodiscover_tasks_from_fixups(related_name)
           ^^^^^^^^^^^^^^^^^^^^^^^^^^^^^^^^^^^^^^^^^^^^^^^^^^
  File "/usr/local/lib/python3.12/site-packages/celery/app/base.py", line 706, in _autodiscover_tasks_from_fixups
    for pkg in fixup.autodiscover_tasks()
               ^^^^^^^^^^^^^^^^^^^^^^^^^^
  File "/usr/local/lib/python3.12/site-packages/celery/fixups/django.py", line 110, in autodiscover_tasks
    return [config.name for config in apps.get_app_configs()]
                                      ^^^^^^^^^^^^^^^^^^^^^^
  File "/usr/local/lib/python3.12/site-packages/django/apps/registry.py", line 147, in get_app_configs
    self.check_apps_ready()
  File "/usr/local/lib/python3.12/site-packages/django/apps/registry.py", line 138, in check_apps_ready
    raise AppRegistryNotReady("Apps aren't loaded yet.")
django.core.exceptions.AppRegistryNotReady: Apps aren't loaded yet.
2026-02-26 12:50:05,466 [ERROR] celery.utils.dispatch.signal: Signal handler <bound method DjangoFixup.on_import_modules of <celery.fixups.django.DjangoFixup object at 0x76c332b602f0>> raised: ModuleNotFoundError("No module named 'monitoring'") (/usr/local/lib/python3.12/site-packages/celery/utils/dispatch/signal.py:280)
Traceback (most recent call last):
  File "/usr/local/lib/python3.12/site-packages/celery/utils/dispatch/signal.py", line 276, in send
    response = receiver(signal=self, sender=sender, **named)
               ^^^^^^^^^^^^^^^^^^^^^^^^^^^^^^^^^^^^^^^^^^^^^
  File "/usr/local/lib/python3.12/site-packages/celery/fixups/django.py", line 100, in on_import_modules
    self.worker_fixup.validate_models()
  File "/usr/local/lib/python3.12/site-packages/celery/fixups/django.py", line 138, in validate_models
    self.django_setup()
  File "/usr/local/lib/python3.12/site-packages/celery/fixups/django.py", line 134, in django_setup
    django.setup()
  File "/usr/local/lib/python3.12/site-packages/django/__init__.py", line 24, in setup
    apps.populate(settings.INSTALLED_APPS)
  File "/usr/local/lib/python3.12/site-packages/django/apps/registry.py", line 91, in populate
    app_config = AppConfig.create(entry)
                 ^^^^^^^^^^^^^^^^^^^^^^^
  File "/usr/local/lib/python3.12/site-packages/django/apps/config.py", line 193, in create
    import_module(entry)
  File "/usr/local/lib/python3.12/importlib/__init__.py", line 90, in import_module
    return _bootstrap._gcd_import(name[level:], package, level)
           ^^^^^^^^^^^^^^^^^^^^^^^^^^^^^^^^^^^^^^^^^^^^^^^^^^^^
  File "<frozen importlib._bootstrap>", line 1387, in _gcd_import
  File "<frozen importlib._bootstrap>", line 1360, in _find_and_load
  File "<frozen importlib._bootstrap>", line 1324, in _find_and_load_unlocked
ModuleNotFoundError: No module named 'monitoring'
2026-02-26 12:50:05,477 [ERROR] celery.utils.dispatch.signal: Signal handler <promise@0x76c3328e0cd0 --> <bound method Celery._autodiscover_tasks of <Celery pruebatecno at 0x76c332accfb0>>> raised: AppRegistryNotReady("Apps aren't loaded yet.") (/usr/local/lib/python3.12/site-packages/celery/utils/dispatch/signal.py:280)
Traceback (most recent call last):
  File "/usr/local/lib/python3.12/site-packages/celery/utils/dispatch/signal.py", line 276, in send
    response = receiver(signal=self, sender=sender, **named)
               ^^^^^^^^^^^^^^^^^^^^^^^^^^^^^^^^^^^^^^^^^^^^^
  File "/usr/local/lib/python3.12/site-packages/vine/promises.py", line 161, in __call__
    return self.throw()
           ^^^^^^^^^^^^
  File "/usr/local/lib/python3.12/site-packages/vine/promises.py", line 158, in __call__
    retval = fun(*final_args, **final_kwargs)
             ^^^^^^^^^^^^^^^^^^^^^^^^^^^^^^^^
  File "/usr/local/lib/python3.12/site-packages/celery/app/base.py", line 694, in _autodiscover_tasks
    return self._autodiscover_tasks_from_fixups(related_name)
           ^^^^^^^^^^^^^^^^^^^^^^^^^^^^^^^^^^^^^^^^^^^^^^^^^^
  File "/usr/local/lib/python3.12/site-packages/celery/app/base.py", line 706, in _autodiscover_tasks_from_fixups
    for pkg in fixup.autodiscover_tasks()
               ^^^^^^^^^^^^^^^^^^^^^^^^^^
  File "/usr/local/lib/python3.12/site-packages/celery/fixups/django.py", line 110, in autodiscover_tasks
    return [config.name for config in apps.get_app_configs()]
                                      ^^^^^^^^^^^^^^^^^^^^^^
  File "/usr/local/lib/python3.12/site-packages/django/apps/registry.py", line 147, in get_app_configs
    self.check_apps_ready()
  File "/usr/local/lib/python3.12/site-packages/django/apps/registry.py", line 138, in check_apps_ready
    raise AppRegistryNotReady("Apps aren't loaded yet.")
django.core.exceptions.AppRegistryNotReady: Apps aren't loaded yet.
2026-02-26 12:50:33,290 [ERROR] celery.utils.dispatch.signal: Signal handler <bound method DjangoFixup.on_import_modules of <celery.fixups.django.DjangoFixup object at 0x7ff91ed59520>> raised: ModuleNotFoundError("No module named 'monitoring'") (/usr/local/lib/python3.12/site-packages/celery/utils/dispatch/signal.py:280)
Traceback (most recent call last):
  File "/usr/local/lib/python3.12/site-packages/celery/utils/dispatch/signal.py", line 276, in send
    response = receiver(signal=self, sender=sender, **named)
               ^^^^^^^^^^^^^^^^^^^^^^^^^^^^^^^^^^^^^^^^^^^^^
  File "/usr/local/lib/python3.12/site-packages/celery/fixups/django.py", line 100, in on_import_modules
    self.worker_fixup.validate_models()
  File "/usr/local/lib/python3.12/site-packages/celery/fixups/django.py", line 138, in validate_models
    self.django_setup()
  File "/usr/local/lib/python3.12/site-packages/celery/fixups/django.py", line 134, in django_setup
    django.setup()
  File "/usr/local/lib/python3.12/site-packages/django/__init__.py", line 24, in setup
    apps.populate(settings.INSTALLED_APPS)
  File "/usr/local/lib/python3.12/site-packages/django/apps/registry.py", line 91, in populate
    app_config = AppConfig.create(entry)
                 ^^^^^^^^^^^^^^^^^^^^^^^
  File "/usr/local/lib/python3.12/site-packages/django/apps/config.py", line 193, in create
    import_module(entry)
  File "/usr/local/lib/python3.12/importlib/__init__.py", line 90, in import_module
    return _bootstrap._gcd_import(name[level:], package, level)
           ^^^^^^^^^^^^^^^^^^^^^^^^^^^^^^^^^^^^^^^^^^^^^^^^^^^^
  File "<frozen importlib._bootstrap>", line 1387, in _gcd_import
  File "<frozen importlib._bootstrap>", line 1360, in _find_and_load
  File "<frozen importlib._bootstrap>", line 1324, in _find_and_load_unlocked
ModuleNotFoundError: No module named 'monitoring'
2026-02-26 12:50:33,291 [ERROR] celery.utils.dispatch.signal: Signal handler <promise@0x7ff91ecd4cd0 --> <bound method Celery._autodiscover_tasks of <Celery pruebatecno at 0x7ff91ed5c710>>> raised: AppRegistryNotReady("Apps aren't loaded yet.") (/usr/local/lib/python3.12/site-packages/celery/utils/dispatch/signal.py:280)
Traceback (most recent call last):
  File "/usr/local/lib/python3.12/site-packages/celery/utils/dispatch/signal.py", line 276, in send
    response = receiver(signal=self, sender=sender, **named)
               ^^^^^^^^^^^^^^^^^^^^^^^^^^^^^^^^^^^^^^^^^^^^^
  File "/usr/local/lib/python3.12/site-packages/vine/promises.py", line 161, in __call__
    return self.throw()
           ^^^^^^^^^^^^
  File "/usr/local/lib/python3.12/site-packages/vine/promises.py", line 158, in __call__
    retval = fun(*final_args, **final_kwargs)
             ^^^^^^^^^^^^^^^^^^^^^^^^^^^^^^^^
  File "/usr/local/lib/python3.12/site-packages/celery/app/base.py", line 694, in _autodiscover_tasks
    return self._autodiscover_tasks_from_fixups(related_name)
           ^^^^^^^^^^^^^^^^^^^^^^^^^^^^^^^^^^^^^^^^^^^^^^^^^^
  File "/usr/local/lib/python3.12/site-packages/celery/app/base.py", line 706, in _autodiscover_tasks_from_fixups
    for pkg in fixup.autodiscover_tasks()
               ^^^^^^^^^^^^^^^^^^^^^^^^^^
  File "/usr/local/lib/python3.12/site-packages/celery/fixups/django.py", line 110, in autodiscover_tasks
    return [config.name for config in apps.get_app_configs()]
                                      ^^^^^^^^^^^^^^^^^^^^^^
  File "/usr/local/lib/python3.12/site-packages/django/apps/registry.py", line 147, in get_app_configs
    self.check_apps_ready()
  File "/usr/local/lib/python3.12/site-packages/django/apps/registry.py", line 138, in check_apps_ready
    raise AppRegistryNotReady("Apps aren't loaded yet.")
django.core.exceptions.AppRegistryNotReady: Apps aren't loaded yet.
2026-02-26 12:50:33,335 [ERROR] celery.utils.dispatch.signal: Signal handler <bound method DjangoFixup.on_import_modules of <celery.fixups.django.DjangoFixup object at 0x7e9efbbd0440>> raised: ModuleNotFoundError("No module named 'monitoring'") (/usr/local/lib/python3.12/site-packages/celery/utils/dispatch/signal.py:280)
Traceback (most recent call last):
  File "/usr/local/lib/python3.12/site-packages/celery/utils/dispatch/signal.py", line 276, in send
    response = receiver(signal=self, sender=sender, **named)
               ^^^^^^^^^^^^^^^^^^^^^^^^^^^^^^^^^^^^^^^^^^^^^
  File "/usr/local/lib/python3.12/site-packages/celery/fixups/django.py", line 100, in on_import_modules
    self.worker_fixup.validate_models()
  File "/usr/local/lib/python3.12/site-packages/celery/fixups/django.py", line 138, in validate_models
    self.django_setup()
  File "/usr/local/lib/python3.12/site-packages/celery/fixups/django.py", line 134, in django_setup
    django.setup()
  File "/usr/local/lib/python3.12/site-packages/django/__init__.py", line 24, in setup
    apps.populate(settings.INSTALLED_APPS)
  File "/usr/local/lib/python3.12/site-packages/django/apps/registry.py", line 91, in populate
    app_config = AppConfig.create(entry)
                 ^^^^^^^^^^^^^^^^^^^^^^^
  File "/usr/local/lib/python3.12/site-packages/django/apps/config.py", line 193, in create
    import_module(entry)
  File "/usr/local/lib/python3.12/importlib/__init__.py", line 90, in import_module
    return _bootstrap._gcd_import(name[level:], package, level)
           ^^^^^^^^^^^^^^^^^^^^^^^^^^^^^^^^^^^^^^^^^^^^^^^^^^^^
  File "<frozen importlib._bootstrap>", line 1387, in _gcd_import
  File "<frozen importlib._bootstrap>", line 1360, in _find_and_load
  File "<frozen importlib._bootstrap>", line 1324, in _find_and_load_unlocked
ModuleNotFoundError: No module named 'monitoring'
2026-02-26 12:50:33,336 [ERROR] celery.utils.dispatch.signal: Signal handler <promise@0x7e9efb948cd0 --> <bound method Celery._autodiscover_tasks of <Celery pruebatecno at 0x7e9efbbcf8c0>>> raised: AppRegistryNotReady("Apps aren't loaded yet.") (/usr/local/lib/python3.12/site-packages/celery/utils/dispatch/signal.py:280)
Traceback (most recent call last):
  File "/usr/local/lib/python3.12/site-packages/celery/utils/dispatch/signal.py", line 276, in send
    response = receiver(signal=self, sender=sender, **named)
               ^^^^^^^^^^^^^^^^^^^^^^^^^^^^^^^^^^^^^^^^^^^^^
  File "/usr/local/lib/python3.12/site-packages/vine/promises.py", line 161, in __call__
    return self.throw()
           ^^^^^^^^^^^^
  File "/usr/local/lib/python3.12/site-packages/vine/promises.py", line 158, in __call__
    retval = fun(*final_args, **final_kwargs)
             ^^^^^^^^^^^^^^^^^^^^^^^^^^^^^^^^
  File "/usr/local/lib/python3.12/site-packages/celery/app/base.py", line 694, in _autodiscover_tasks
    return self._autodiscover_tasks_from_fixups(related_name)
           ^^^^^^^^^^^^^^^^^^^^^^^^^^^^^^^^^^^^^^^^^^^^^^^^^^
  File "/usr/local/lib/python3.12/site-packages/celery/app/base.py", line 706, in _autodiscover_tasks_from_fixups
    for pkg in fixup.autodiscover_tasks()
               ^^^^^^^^^^^^^^^^^^^^^^^^^^
  File "/usr/local/lib/python3.12/site-packages/celery/fixups/django.py", line 110, in autodiscover_tasks
    return [config.name for config in apps.get_app_configs()]
                                      ^^^^^^^^^^^^^^^^^^^^^^
  File "/usr/local/lib/python3.12/site-packages/django/apps/registry.py", line 147, in get_app_configs
    self.check_apps_ready()
  File "/usr/local/lib/python3.12/site-packages/django/apps/registry.py", line 138, in check_apps_ready
    raise AppRegistryNotReady("Apps aren't loaded yet.")
django.core.exceptions.AppRegistryNotReady: Apps aren't loaded yet.
2026-02-26 12:51:26,725 [ERROR] celery.utils.dispatch.signal: Signal handler <bound method DjangoFixup.on_import_modules of <celery.fixups.django.DjangoFixup object at 0x7f249df0dbe0>> raised: ModuleNotFoundError("No module named 'monitoring'") (/usr/local/lib/python3.12/site-packages/celery/utils/dispatch/signal.py:280)
Traceback (most recent call last):
  File "/usr/local/lib/python3.12/site-packages/celery/utils/dispatch/signal.py", line 276, in send
    response = receiver(signal=self, sender=sender, **named)
               ^^^^^^^^^^^^^^^^^^^^^^^^^^^^^^^^^^^^^^^^^^^^^
  File "/usr/local/lib/python3.12/site-packages/celery/fixups/django.py", line 100, in on_import_modules
    self.worker_fixup.validate_models()
  File "/usr/local/lib/python3.12/site-packages/celery/fixups/django.py", line 138, in validate_models
    self.django_setup()
  File "/usr/local/lib/python3.12/site-packages/celery/fixups/django.py", line 134, in django_setup
    django.setup()
  File "/usr/local/lib/python3.12/site-packages/django/__init__.py", line 24, in setup
    apps.populate(settings.INSTALLED_APPS)
  File "/usr/local/lib/python3.12/site-packages/django/apps/registry.py", line 91, in populate
    app_config = AppConfig.create(entry)
                 ^^^^^^^^^^^^^^^^^^^^^^^
  File "/usr/local/lib/python3.12/site-packages/django/apps/config.py", line 193, in create
    import_module(entry)
  File "/usr/local/lib/python3.12/importlib/__init__.py", line 90, in import_module
    return _bootstrap._gcd_import(name[level:], package, level)
           ^^^^^^^^^^^^^^^^^^^^^^^^^^^^^^^^^^^^^^^^^^^^^^^^^^^^
  File "<frozen importlib._bootstrap>", line 1387, in _gcd_import
  File "<frozen importlib._bootstrap>", line 1360, in _find_and_load
  File "<frozen importlib._bootstrap>", line 1324, in _find_and_load_unlocked
ModuleNotFoundError: No module named 'monitoring'
2026-02-26 12:51:26,727 [ERROR] celery.utils.dispatch.signal: Signal handler <promise@0x7f249dd24cd0 --> <bound method Celery._autodiscover_tasks of <Celery pruebatecno at 0x7f249ddabad0>>> raised: AppRegistryNotReady("Apps aren't loaded yet.") (/usr/local/lib/python3.12/site-packages/celery/utils/dispatch/signal.py:280)
Traceback (most recent call last):
  File "/usr/local/lib/python3.12/site-packages/celery/utils/dispatch/signal.py", line 276, in send
    response = receiver(signal=self, sender=sender, **named)
               ^^^^^^^^^^^^^^^^^^^^^^^^^^^^^^^^^^^^^^^^^^^^^
  File "/usr/local/lib/python3.12/site-packages/vine/promises.py", line 161, in __call__
    return self.throw()
           ^^^^^^^^^^^^
  File "/usr/local/lib/python3.12/site-packages/vine/promises.py", line 158, in __call__
    retval = fun(*final_args, **final_kwargs)
             ^^^^^^^^^^^^^^^^^^^^^^^^^^^^^^^^
  File "/usr/local/lib/python3.12/site-packages/celery/app/base.py", line 694, in _autodiscover_tasks
    return self._autodiscover_tasks_from_fixups(related_name)
           ^^^^^^^^^^^^^^^^^^^^^^^^^^^^^^^^^^^^^^^^^^^^^^^^^^
  File "/usr/local/lib/python3.12/site-packages/celery/app/base.py", line 706, in _autodiscover_tasks_from_fixups
    for pkg in fixup.autodiscover_tasks()
               ^^^^^^^^^^^^^^^^^^^^^^^^^^
  File "/usr/local/lib/python3.12/site-packages/celery/fixups/django.py", line 110, in autodiscover_tasks
    return [config.name for config in apps.get_app_configs()]
                                      ^^^^^^^^^^^^^^^^^^^^^^
  File "/usr/local/lib/python3.12/site-packages/django/apps/registry.py", line 147, in get_app_configs
    self.check_apps_ready()
  File "/usr/local/lib/python3.12/site-packages/django/apps/registry.py", line 138, in check_apps_ready
    raise AppRegistryNotReady("Apps aren't loaded yet.")
django.core.exceptions.AppRegistryNotReady: Apps aren't loaded yet.
2026-02-26 12:51:26,850 [ERROR] celery.utils.dispatch.signal: Signal handler <bound method DjangoFixup.on_import_modules of <celery.fixups.django.DjangoFixup object at 0x786e4de65b20>> raised: ModuleNotFoundError("No module named 'monitoring'") (/usr/local/lib/python3.12/site-packages/celery/utils/dispatch/signal.py:280)
Traceback (most recent call last):
  File "/usr/local/lib/python3.12/site-packages/celery/utils/dispatch/signal.py", line 276, in send
    response = receiver(signal=self, sender=sender, **named)
               ^^^^^^^^^^^^^^^^^^^^^^^^^^^^^^^^^^^^^^^^^^^^^
  File "/usr/local/lib/python3.12/site-packages/celery/fixups/django.py", line 100, in on_import_modules
    self.worker_fixup.validate_models()
  File "/usr/local/lib/python3.12/site-packages/celery/fixups/django.py", line 138, in validate_models
    self.django_setup()
  File "/usr/local/lib/python3.12/site-packages/celery/fixups/django.py", line 134, in django_setup
    django.setup()
  File "/usr/local/lib/python3.12/site-packages/django/__init__.py", line 24, in setup
    apps.populate(settings.INSTALLED_APPS)
  File "/usr/local/lib/python3.12/site-packages/django/apps/registry.py", line 91, in populate
    app_config = AppConfig.create(entry)
                 ^^^^^^^^^^^^^^^^^^^^^^^
  File "/usr/local/lib/python3.12/site-packages/django/apps/config.py", line 193, in create
    import_module(entry)
  File "/usr/local/lib/python3.12/importlib/__init__.py", line 90, in import_module
    return _bootstrap._gcd_import(name[level:], package, level)
           ^^^^^^^^^^^^^^^^^^^^^^^^^^^^^^^^^^^^^^^^^^^^^^^^^^^^
  File "<frozen importlib._bootstrap>", line 1387, in _gcd_import
  File "<frozen importlib._bootstrap>", line 1360, in _find_and_load
  File "<frozen importlib._bootstrap>", line 1324, in _find_and_load_unlocked
ModuleNotFoundError: No module named 'monitoring'
2026-02-26 12:51:26,851 [ERROR] celery.utils.dispatch.signal: Signal handler <promise@0x786e4cc94cd0 --> <bound method Celery._autodiscover_tasks of <Celery pruebatecno at 0x786e4ce80fb0>>> raised: AppRegistryNotReady("Apps aren't loaded yet.") (/usr/local/lib/python3.12/site-packages/celery/utils/dispatch/signal.py:280)
Traceback (most recent call last):
  File "/usr/local/lib/python3.12/site-packages/celery/utils/dispatch/signal.py", line 276, in send
    response = receiver(signal=self, sender=sender, **named)
               ^^^^^^^^^^^^^^^^^^^^^^^^^^^^^^^^^^^^^^^^^^^^^
  File "/usr/local/lib/python3.12/site-packages/vine/promises.py", line 161, in __call__
    return self.throw()
           ^^^^^^^^^^^^
  File "/usr/local/lib/python3.12/site-packages/vine/promises.py", line 158, in __call__
    retval = fun(*final_args, **final_kwargs)
             ^^^^^^^^^^^^^^^^^^^^^^^^^^^^^^^^
  File "/usr/local/lib/python3.12/site-packages/celery/app/base.py", line 694, in _autodiscover_tasks
    return self._autodiscover_tasks_from_fixups(related_name)
           ^^^^^^^^^^^^^^^^^^^^^^^^^^^^^^^^^^^^^^^^^^^^^^^^^^
  File "/usr/local/lib/python3.12/site-packages/celery/app/base.py", line 706, in _autodiscover_tasks_from_fixups
    for pkg in fixup.autodiscover_tasks()
               ^^^^^^^^^^^^^^^^^^^^^^^^^^
  File "/usr/local/lib/python3.12/site-packages/celery/fixups/django.py", line 110, in autodiscover_tasks
    return [config.name for config in apps.get_app_configs()]
                                      ^^^^^^^^^^^^^^^^^^^^^^
  File "/usr/local/lib/python3.12/site-packages/django/apps/registry.py", line 147, in get_app_configs
    self.check_apps_ready()
  File "/usr/local/lib/python3.12/site-packages/django/apps/registry.py", line 138, in check_apps_ready
    raise AppRegistryNotReady("Apps aren't loaded yet.")
django.core.exceptions.AppRegistryNotReady: Apps aren't loaded yet.
2026-02-26 12:52:28,690 [ERROR] celery.utils.dispatch.signal: Signal handler <bound method DjangoFixup.on_import_modules of <celery.fixups.django.DjangoFixup object at 0x733d6e2ec6e0>> raised: ModuleNotFoundError("No module named 'monitoring'") (/usr/local/lib/python3.12/site-packages/celery/utils/dispatch/signal.py:280)
Traceback (most recent call last):
  File "/usr/local/lib/python3.12/site-packages/celery/utils/dispatch/signal.py", line 276, in send
    response = receiver(signal=self, sender=sender, **named)
               ^^^^^^^^^^^^^^^^^^^^^^^^^^^^^^^^^^^^^^^^^^^^^
  File "/usr/local/lib/python3.12/site-packages/celery/fixups/django.py", line 100, in on_import_modules
    self.worker_fixup.validate_models()
  File "/usr/local/lib/python3.12/site-packages/celery/fixups/django.py", line 138, in validate_models
    self.django_setup()
  File "/usr/local/lib/python3.12/site-packages/celery/fixups/django.py", line 134, in django_setup
    django.setup()
  File "/usr/local/lib/python3.12/site-packages/django/__init__.py", line 24, in setup
    apps.populate(settings.INSTALLED_APPS)
  File "/usr/local/lib/python3.12/site-packages/django/apps/registry.py", line 91, in populate
    app_config = AppConfig.create(entry)
                 ^^^^^^^^^^^^^^^^^^^^^^^
  File "/usr/local/lib/python3.12/site-packages/django/apps/config.py", line 193, in create
    import_module(entry)
  File "/usr/local/lib/python3.12/importlib/__init__.py", line 90, in import_module
    return _bootstrap._gcd_import(name[level:], package, level)
           ^^^^^^^^^^^^^^^^^^^^^^^^^^^^^^^^^^^^^^^^^^^^^^^^^^^^
  File "<frozen importlib._bootstrap>", line 1387, in _gcd_import
  File "<frozen importlib._bootstrap>", line 1360, in _find_and_load
  File "<frozen importlib._bootstrap>", line 1324, in _find_and_load_unlocked
ModuleNotFoundError: No module named 'monitoring'
2026-02-26 12:52:28,691 [ERROR] celery.utils.dispatch.signal: Signal handler <promise@0x733d6e068cd0 --> <bound method Celery._autodiscover_tasks of <Celery pruebatecno at 0x733d6e2538f0>>> raised: AppRegistryNotReady("Apps aren't loaded yet.") (/usr/local/lib/python3.12/site-packages/celery/utils/dispatch/signal.py:280)
Traceback (most recent call last):
  File "/usr/local/lib/python3.12/site-packages/celery/utils/dispatch/signal.py", line 276, in send
    response = receiver(signal=self, sender=sender, **named)
               ^^^^^^^^^^^^^^^^^^^^^^^^^^^^^^^^^^^^^^^^^^^^^
  File "/usr/local/lib/python3.12/site-packages/vine/promises.py", line 161, in __call__
    return self.throw()
           ^^^^^^^^^^^^
  File "/usr/local/lib/python3.12/site-packages/vine/promises.py", line 158, in __call__
    retval = fun(*final_args, **final_kwargs)
             ^^^^^^^^^^^^^^^^^^^^^^^^^^^^^^^^
  File "/usr/local/lib/python3.12/site-packages/celery/app/base.py", line 694, in _autodiscover_tasks
    return self._autodiscover_tasks_from_fixups(related_name)
           ^^^^^^^^^^^^^^^^^^^^^^^^^^^^^^^^^^^^^^^^^^^^^^^^^^
  File "/usr/local/lib/python3.12/site-packages/celery/app/base.py", line 706, in _autodiscover_tasks_from_fixups
    for pkg in fixup.autodiscover_tasks()
               ^^^^^^^^^^^^^^^^^^^^^^^^^^
  File "/usr/local/lib/python3.12/site-packages/celery/fixups/django.py", line 110, in autodiscover_tasks
    return [config.name for config in apps.get_app_configs()]
                                      ^^^^^^^^^^^^^^^^^^^^^^
  File "/usr/local/lib/python3.12/site-packages/django/apps/registry.py", line 147, in get_app_configs
    self.check_apps_ready()
  File "/usr/local/lib/python3.12/site-packages/django/apps/registry.py", line 138, in check_apps_ready
    raise AppRegistryNotReady("Apps aren't loaded yet.")
django.core.exceptions.AppRegistryNotReady: Apps aren't loaded yet.
2026-02-26 12:52:29,018 [ERROR] celery.utils.dispatch.signal: Signal handler <bound method DjangoFixup.on_import_modules of <celery.fixups.django.DjangoFixup object at 0x7b249441d220>> raised: ModuleNotFoundError("No module named 'monitoring'") (/usr/local/lib/python3.12/site-packages/celery/utils/dispatch/signal.py:280)
Traceback (most recent call last):
  File "/usr/local/lib/python3.12/site-packages/celery/utils/dispatch/signal.py", line 276, in send
    response = receiver(signal=self, sender=sender, **named)
               ^^^^^^^^^^^^^^^^^^^^^^^^^^^^^^^^^^^^^^^^^^^^^
  File "/usr/local/lib/python3.12/site-packages/celery/fixups/django.py", line 100, in on_import_modules
    self.worker_fixup.validate_models()
  File "/usr/local/lib/python3.12/site-packages/celery/fixups/django.py", line 138, in validate_models
    self.django_setup()
  File "/usr/local/lib/python3.12/site-packages/celery/fixups/django.py", line 134, in django_setup
    django.setup()
  File "/usr/local/lib/python3.12/site-packages/django/__init__.py", line 24, in setup
    apps.populate(settings.INSTALLED_APPS)
  File "/usr/local/lib/python3.12/site-packages/django/apps/registry.py", line 91, in populate
    app_config = AppConfig.create(entry)
                 ^^^^^^^^^^^^^^^^^^^^^^^
  File "/usr/local/lib/python3.12/site-packages/django/apps/config.py", line 193, in create
    import_module(entry)
  File "/usr/local/lib/python3.12/importlib/__init__.py", line 90, in import_module
    return _bootstrap._gcd_import(name[level:], package, level)
           ^^^^^^^^^^^^^^^^^^^^^^^^^^^^^^^^^^^^^^^^^^^^^^^^^^^^
  File "<frozen importlib._bootstrap>", line 1387, in _gcd_import
  File "<frozen importlib._bootstrap>", line 1360, in _find_and_load
  File "<frozen importlib._bootstrap>", line 1324, in _find_and_load_unlocked
ModuleNotFoundError: No module named 'monitoring'
2026-02-26 12:52:29,020 [ERROR] celery.utils.dispatch.signal: Signal handler <promise@0x7b2493f10cd0 --> <bound method Celery._autodiscover_tasks of <Celery pruebatecno at 0x7b249418c560>>> raised: AppRegistryNotReady("Apps aren't loaded yet.") (/usr/local/lib/python3.12/site-packages/celery/utils/dispatch/signal.py:280)
Traceback (most recent call last):
  File "/usr/local/lib/python3.12/site-packages/celery/utils/dispatch/signal.py", line 276, in send
    response = receiver(signal=self, sender=sender, **named)
               ^^^^^^^^^^^^^^^^^^^^^^^^^^^^^^^^^^^^^^^^^^^^^
  File "/usr/local/lib/python3.12/site-packages/vine/promises.py", line 161, in __call__
    return self.throw()
           ^^^^^^^^^^^^
  File "/usr/local/lib/python3.12/site-packages/vine/promises.py", line 158, in __call__
    retval = fun(*final_args, **final_kwargs)
             ^^^^^^^^^^^^^^^^^^^^^^^^^^^^^^^^
  File "/usr/local/lib/python3.12/site-packages/celery/app/base.py", line 694, in _autodiscover_tasks
    return self._autodiscover_tasks_from_fixups(related_name)
           ^^^^^^^^^^^^^^^^^^^^^^^^^^^^^^^^^^^^^^^^^^^^^^^^^^
  File "/usr/local/lib/python3.12/site-packages/celery/app/base.py", line 706, in _autodiscover_tasks_from_fixups
    for pkg in fixup.autodiscover_tasks()
               ^^^^^^^^^^^^^^^^^^^^^^^^^^
  File "/usr/local/lib/python3.12/site-packages/celery/fixups/django.py", line 110, in autodiscover_tasks
    return [config.name for config in apps.get_app_configs()]
                                      ^^^^^^^^^^^^^^^^^^^^^^
  File "/usr/local/lib/python3.12/site-packages/django/apps/registry.py", line 147, in get_app_configs
    self.check_apps_ready()
  File "/usr/local/lib/python3.12/site-packages/django/apps/registry.py", line 138, in check_apps_ready
    raise AppRegistryNotReady("Apps aren't loaded yet.")
django.core.exceptions.AppRegistryNotReady: Apps aren't loaded yet.
2026-02-26 12:53:30,839 [ERROR] celery.utils.dispatch.signal: Signal handler <bound method DjangoFixup.on_import_modules of <celery.fixups.django.DjangoFixup object at 0x77f34ad48b90>> raised: ModuleNotFoundError("No module named 'monitoring'") (/usr/local/lib/python3.12/site-packages/celery/utils/dispatch/signal.py:280)
Traceback (most recent call last):
  File "/usr/local/lib/python3.12/site-packages/celery/utils/dispatch/signal.py", line 276, in send
    response = receiver(signal=self, sender=sender, **named)
               ^^^^^^^^^^^^^^^^^^^^^^^^^^^^^^^^^^^^^^^^^^^^^
  File "/usr/local/lib/python3.12/site-packages/celery/fixups/django.py", line 100, in on_import_modules
    self.worker_fixup.validate_models()
  File "/usr/local/lib/python3.12/site-packages/celery/fixups/django.py", line 138, in validate_models
    self.django_setup()
  File "/usr/local/lib/python3.12/site-packages/celery/fixups/django.py", line 134, in django_setup
    django.setup()
  File "/usr/local/lib/python3.12/site-packages/django/__init__.py", line 24, in setup
    apps.populate(settings.INSTALLED_APPS)
  File "/usr/local/lib/python3.12/site-packages/django/apps/registry.py", line 91, in populate
    app_config = AppConfig.create(entry)
                 ^^^^^^^^^^^^^^^^^^^^^^^
  File "/usr/local/lib/python3.12/site-packages/django/apps/config.py", line 193, in create
    import_module(entry)
  File "/usr/local/lib/python3.12/importlib/__init__.py", line 90, in import_module
    return _bootstrap._gcd_import(name[level:], package, level)
           ^^^^^^^^^^^^^^^^^^^^^^^^^^^^^^^^^^^^^^^^^^^^^^^^^^^^
  File "<frozen importlib._bootstrap>", line 1387, in _gcd_import
  File "<frozen importlib._bootstrap>", line 1360, in _find_and_load
  File "<frozen importlib._bootstrap>", line 1324, in _find_and_load_unlocked
ModuleNotFoundError: No module named 'monitoring'
2026-02-26 12:53:30,841 [ERROR] celery.utils.dispatch.signal: Signal handler <promise@0x77f34aac8cd0 --> <bound method Celery._autodiscover_tasks of <Celery pruebatecno at 0x77f34ad484d0>>> raised: AppRegistryNotReady("Apps aren't loaded yet.") (/usr/local/lib/python3.12/site-packages/celery/utils/dispatch/signal.py:280)
Traceback (most recent call last):
  File "/usr/local/lib/python3.12/site-packages/celery/utils/dispatch/signal.py", line 276, in send
    response = receiver(signal=self, sender=sender, **named)
               ^^^^^^^^^^^^^^^^^^^^^^^^^^^^^^^^^^^^^^^^^^^^^
  File "/usr/local/lib/python3.12/site-packages/vine/promises.py", line 161, in __call__
    return self.throw()
           ^^^^^^^^^^^^
  File "/usr/local/lib/python3.12/site-packages/vine/promises.py", line 158, in __call__
    retval = fun(*final_args, **final_kwargs)
             ^^^^^^^^^^^^^^^^^^^^^^^^^^^^^^^^
  File "/usr/local/lib/python3.12/site-packages/celery/app/base.py", line 694, in _autodiscover_tasks
    return self._autodiscover_tasks_from_fixups(related_name)
           ^^^^^^^^^^^^^^^^^^^^^^^^^^^^^^^^^^^^^^^^^^^^^^^^^^
  File "/usr/local/lib/python3.12/site-packages/celery/app/base.py", line 706, in _autodiscover_tasks_from_fixups
    for pkg in fixup.autodiscover_tasks()
               ^^^^^^^^^^^^^^^^^^^^^^^^^^
  File "/usr/local/lib/python3.12/site-packages/celery/fixups/django.py", line 110, in autodiscover_tasks
    return [config.name for config in apps.get_app_configs()]
                                      ^^^^^^^^^^^^^^^^^^^^^^
  File "/usr/local/lib/python3.12/site-packages/django/apps/registry.py", line 147, in get_app_configs
    self.check_apps_ready()
  File "/usr/local/lib/python3.12/site-packages/django/apps/registry.py", line 138, in check_apps_ready
    raise AppRegistryNotReady("Apps aren't loaded yet.")
django.core.exceptions.AppRegistryNotReady: Apps aren't loaded yet.
2026-02-26 12:53:30,856 [ERROR] celery.utils.dispatch.signal: Signal handler <bound method DjangoFixup.on_import_modules of <celery.fixups.django.DjangoFixup object at 0x738ac5c24b30>> raised: ModuleNotFoundError("No module named 'monitoring'") (/usr/local/lib/python3.12/site-packages/celery/utils/dispatch/signal.py:280)
Traceback (most recent call last):
  File "/usr/local/lib/python3.12/site-packages/celery/utils/dispatch/signal.py", line 276, in send
    response = receiver(signal=self, sender=sender, **named)
               ^^^^^^^^^^^^^^^^^^^^^^^^^^^^^^^^^^^^^^^^^^^^^
  File "/usr/local/lib/python3.12/site-packages/celery/fixups/django.py", line 100, in on_import_modules
    self.worker_fixup.validate_models()
  File "/usr/local/lib/python3.12/site-packages/celery/fixups/django.py", line 138, in validate_models
    self.django_setup()
  File "/usr/local/lib/python3.12/site-packages/celery/fixups/django.py", line 134, in django_setup
    django.setup()
  File "/usr/local/lib/python3.12/site-packages/django/__init__.py", line 24, in setup
    apps.populate(settings.INSTALLED_APPS)
  File "/usr/local/lib/python3.12/site-packages/django/apps/registry.py", line 91, in populate
    app_config = AppConfig.create(entry)
                 ^^^^^^^^^^^^^^^^^^^^^^^
  File "/usr/local/lib/python3.12/site-packages/django/apps/config.py", line 193, in create
    import_module(entry)
  File "/usr/local/lib/python3.12/importlib/__init__.py", line 90, in import_module
    return _bootstrap._gcd_import(name[level:], package, level)
           ^^^^^^^^^^^^^^^^^^^^^^^^^^^^^^^^^^^^^^^^^^^^^^^^^^^^
  File "<frozen importlib._bootstrap>", line 1387, in _gcd_import
  File "<frozen importlib._bootstrap>", line 1360, in _find_and_load
  File "<frozen importlib._bootstrap>", line 1324, in _find_and_load_unlocked
ModuleNotFoundError: No module named 'monitoring'
2026-02-26 12:53:30,858 [ERROR] celery.utils.dispatch.signal: Signal handler <promise@0x738ac5b9ccd0 --> <bound method Celery._autodiscover_tasks of <Celery pruebatecno at 0x738ac5c24950>>> raised: AppRegistryNotReady("Apps aren't loaded yet.") (/usr/local/lib/python3.12/site-packages/celery/utils/dispatch/signal.py:280)
Traceback (most recent call last):
  File "/usr/local/lib/python3.12/site-packages/celery/utils/dispatch/signal.py", line 276, in send
    response = receiver(signal=self, sender=sender, **named)
               ^^^^^^^^^^^^^^^^^^^^^^^^^^^^^^^^^^^^^^^^^^^^^
  File "/usr/local/lib/python3.12/site-packages/vine/promises.py", line 161, in __call__
    return self.throw()
           ^^^^^^^^^^^^
  File "/usr/local/lib/python3.12/site-packages/vine/promises.py", line 158, in __call__
    retval = fun(*final_args, **final_kwargs)
             ^^^^^^^^^^^^^^^^^^^^^^^^^^^^^^^^
  File "/usr/local/lib/python3.12/site-packages/celery/app/base.py", line 694, in _autodiscover_tasks
    return self._autodiscover_tasks_from_fixups(related_name)
           ^^^^^^^^^^^^^^^^^^^^^^^^^^^^^^^^^^^^^^^^^^^^^^^^^^
  File "/usr/local/lib/python3.12/site-packages/celery/app/base.py", line 706, in _autodiscover_tasks_from_fixups
    for pkg in fixup.autodiscover_tasks()
               ^^^^^^^^^^^^^^^^^^^^^^^^^^
  File "/usr/local/lib/python3.12/site-packages/celery/fixups/django.py", line 110, in autodiscover_tasks
    return [config.name for config in apps.get_app_configs()]
                                      ^^^^^^^^^^^^^^^^^^^^^^
  File "/usr/local/lib/python3.12/site-packages/django/apps/registry.py", line 147, in get_app_configs
    self.check_apps_ready()
  File "/usr/local/lib/python3.12/site-packages/django/apps/registry.py", line 138, in check_apps_ready
    raise AppRegistryNotReady("Apps aren't loaded yet.")
django.core.exceptions.AppRegistryNotReady: Apps aren't loaded yet.
2026-02-26 12:54:33,017 [ERROR] celery.utils.dispatch.signal: Signal handler <bound method DjangoFixup.on_import_modules of <celery.fixups.django.DjangoFixup object at 0x7f7df2e91640>> raised: ModuleNotFoundError("No module named 'monitoring'") (/usr/local/lib/python3.12/site-packages/celery/utils/dispatch/signal.py:280)
Traceback (most recent call last):
  File "/usr/local/lib/python3.12/site-packages/celery/utils/dispatch/signal.py", line 276, in send
    response = receiver(signal=self, sender=sender, **named)
               ^^^^^^^^^^^^^^^^^^^^^^^^^^^^^^^^^^^^^^^^^^^^^
  File "/usr/local/lib/python3.12/site-packages/celery/fixups/django.py", line 100, in on_import_modules
    self.worker_fixup.validate_models()
  File "/usr/local/lib/python3.12/site-packages/celery/fixups/django.py", line 138, in validate_models
    self.django_setup()
  File "/usr/local/lib/python3.12/site-packages/celery/fixups/django.py", line 134, in django_setup
    django.setup()
  File "/usr/local/lib/python3.12/site-packages/django/__init__.py", line 24, in setup
    apps.populate(settings.INSTALLED_APPS)
  File "/usr/local/lib/python3.12/site-packages/django/apps/registry.py", line 91, in populate
    app_config = AppConfig.create(entry)
                 ^^^^^^^^^^^^^^^^^^^^^^^
  File "/usr/local/lib/python3.12/site-packages/django/apps/config.py", line 193, in create
    import_module(entry)
  File "/usr/local/lib/python3.12/importlib/__init__.py", line 90, in import_module
    return _bootstrap._gcd_import(name[level:], package, level)
           ^^^^^^^^^^^^^^^^^^^^^^^^^^^^^^^^^^^^^^^^^^^^^^^^^^^^
  File "<frozen importlib._bootstrap>", line 1387, in _gcd_import
  File "<frozen importlib._bootstrap>", line 1360, in _find_and_load
  File "<frozen importlib._bootstrap>", line 1324, in _find_and_load_unlocked
ModuleNotFoundError: No module named 'monitoring'
2026-02-26 12:54:33,019 [ERROR] celery.utils.dispatch.signal: Signal handler <promise@0x7f7df2c04cd0 --> <bound method Celery._autodiscover_tasks of <Celery pruebatecno at 0x7f7df2e886e0>>> raised: AppRegistryNotReady("Apps aren't loaded yet.") (/usr/local/lib/python3.12/site-packages/celery/utils/dispatch/signal.py:280)
Traceback (most recent call last):
  File "/usr/local/lib/python3.12/site-packages/celery/utils/dispatch/signal.py", line 276, in send
    response = receiver(signal=self, sender=sender, **named)
               ^^^^^^^^^^^^^^^^^^^^^^^^^^^^^^^^^^^^^^^^^^^^^
  File "/usr/local/lib/python3.12/site-packages/vine/promises.py", line 161, in __call__
    return self.throw()
           ^^^^^^^^^^^^
  File "/usr/local/lib/python3.12/site-packages/vine/promises.py", line 158, in __call__
    retval = fun(*final_args, **final_kwargs)
             ^^^^^^^^^^^^^^^^^^^^^^^^^^^^^^^^
  File "/usr/local/lib/python3.12/site-packages/celery/app/base.py", line 694, in _autodiscover_tasks
    return self._autodiscover_tasks_from_fixups(related_name)
           ^^^^^^^^^^^^^^^^^^^^^^^^^^^^^^^^^^^^^^^^^^^^^^^^^^
  File "/usr/local/lib/python3.12/site-packages/celery/app/base.py", line 706, in _autodiscover_tasks_from_fixups
    for pkg in fixup.autodiscover_tasks()
               ^^^^^^^^^^^^^^^^^^^^^^^^^^
  File "/usr/local/lib/python3.12/site-packages/celery/fixups/django.py", line 110, in autodiscover_tasks
    return [config.name for config in apps.get_app_configs()]
                                      ^^^^^^^^^^^^^^^^^^^^^^
  File "/usr/local/lib/python3.12/site-packages/django/apps/registry.py", line 147, in get_app_configs
    self.check_apps_ready()
  File "/usr/local/lib/python3.12/site-packages/django/apps/registry.py", line 138, in check_apps_ready
    raise AppRegistryNotReady("Apps aren't loaded yet.")
django.core.exceptions.AppRegistryNotReady: Apps aren't loaded yet.
2026-02-26 12:54:33,169 [ERROR] celery.utils.dispatch.signal: Signal handler <bound method DjangoFixup.on_import_modules of <celery.fixups.django.DjangoFixup object at 0x7992b71643e0>> raised: ModuleNotFoundError("No module named 'monitoring'") (/usr/local/lib/python3.12/site-packages/celery/utils/dispatch/signal.py:280)
Traceback (most recent call last):
  File "/usr/local/lib/python3.12/site-packages/celery/utils/dispatch/signal.py", line 276, in send
    response = receiver(signal=self, sender=sender, **named)
               ^^^^^^^^^^^^^^^^^^^^^^^^^^^^^^^^^^^^^^^^^^^^^
  File "/usr/local/lib/python3.12/site-packages/celery/fixups/django.py", line 100, in on_import_modules
    self.worker_fixup.validate_models()
  File "/usr/local/lib/python3.12/site-packages/celery/fixups/django.py", line 138, in validate_models
    self.django_setup()
  File "/usr/local/lib/python3.12/site-packages/celery/fixups/django.py", line 134, in django_setup
    django.setup()
  File "/usr/local/lib/python3.12/site-packages/django/__init__.py", line 24, in setup
    apps.populate(settings.INSTALLED_APPS)
  File "/usr/local/lib/python3.12/site-packages/django/apps/registry.py", line 91, in populate
    app_config = AppConfig.create(entry)
                 ^^^^^^^^^^^^^^^^^^^^^^^
  File "/usr/local/lib/python3.12/site-packages/django/apps/config.py", line 193, in create
    import_module(entry)
  File "/usr/local/lib/python3.12/importlib/__init__.py", line 90, in import_module
    return _bootstrap._gcd_import(name[level:], package, level)
           ^^^^^^^^^^^^^^^^^^^^^^^^^^^^^^^^^^^^^^^^^^^^^^^^^^^^
  File "<frozen importlib._bootstrap>", line 1387, in _gcd_import
  File "<frozen importlib._bootstrap>", line 1360, in _find_and_load
  File "<frozen importlib._bootstrap>", line 1324, in _find_and_load_unlocked
ModuleNotFoundError: No module named 'monitoring'
2026-02-26 12:54:33,171 [ERROR] celery.utils.dispatch.signal: Signal handler <promise@0x7992b70dccd0 --> <bound method Celery._autodiscover_tasks of <Celery pruebatecno at 0x7992b71645c0>>> raised: AppRegistryNotReady("Apps aren't loaded yet.") (/usr/local/lib/python3.12/site-packages/celery/utils/dispatch/signal.py:280)
Traceback (most recent call last):
  File "/usr/local/lib/python3.12/site-packages/celery/utils/dispatch/signal.py", line 276, in send
    response = receiver(signal=self, sender=sender, **named)
               ^^^^^^^^^^^^^^^^^^^^^^^^^^^^^^^^^^^^^^^^^^^^^
  File "/usr/local/lib/python3.12/site-packages/vine/promises.py", line 161, in __call__
    return self.throw()
           ^^^^^^^^^^^^
  File "/usr/local/lib/python3.12/site-packages/vine/promises.py", line 158, in __call__
    retval = fun(*final_args, **final_kwargs)
             ^^^^^^^^^^^^^^^^^^^^^^^^^^^^^^^^
  File "/usr/local/lib/python3.12/site-packages/celery/app/base.py", line 694, in _autodiscover_tasks
    return self._autodiscover_tasks_from_fixups(related_name)
           ^^^^^^^^^^^^^^^^^^^^^^^^^^^^^^^^^^^^^^^^^^^^^^^^^^
  File "/usr/local/lib/python3.12/site-packages/celery/app/base.py", line 706, in _autodiscover_tasks_from_fixups
    for pkg in fixup.autodiscover_tasks()
               ^^^^^^^^^^^^^^^^^^^^^^^^^^
  File "/usr/local/lib/python3.12/site-packages/celery/fixups/django.py", line 110, in autodiscover_tasks
    return [config.name for config in apps.get_app_configs()]
                                      ^^^^^^^^^^^^^^^^^^^^^^
  File "/usr/local/lib/python3.12/site-packages/django/apps/registry.py", line 147, in get_app_configs
    self.check_apps_ready()
  File "/usr/local/lib/python3.12/site-packages/django/apps/registry.py", line 138, in check_apps_ready
    raise AppRegistryNotReady("Apps aren't loaded yet.")
django.core.exceptions.AppRegistryNotReady: Apps aren't loaded yet.
